-- phpMyAdmin SQL Dump
-- version 4.9.7
-- https://www.phpmyadmin.net/
--
-- Host: localhost:3306
-- Generation Time: Feb 19, 2023 at 07:47 PM
-- Server version: 8.0.32
-- PHP Version: 7.4.33

SET SQL_MODE = "NO_AUTO_VALUE_ON_ZERO";
SET AUTOCOMMIT = 0;
START TRANSACTION;
SET time_zone = "+00:00";


/*!40101 SET @OLD_CHARACTER_SET_CLIENT=@@CHARACTER_SET_CLIENT */;
/*!40101 SET @OLD_CHARACTER_SET_RESULTS=@@CHARACTER_SET_RESULTS */;
/*!40101 SET @OLD_COLLATION_CONNECTION=@@COLLATION_CONNECTION */;
/*!40101 SET NAMES utf8mb4 */;

--
-- Database: `khajarbashir_mazar`
--

-- --------------------------------------------------------

--
-- Table structure for table `activity_log`
--

CREATE TABLE `activity_log` (
  `id` bigint UNSIGNED NOT NULL,
  `log_name` varchar(255) CHARACTER SET utf8mb4 COLLATE utf8mb4_unicode_ci DEFAULT NULL,
  `description` text CHARACTER SET utf8mb4 COLLATE utf8mb4_unicode_ci NOT NULL,
  `subject_type` varchar(255) CHARACTER SET utf8mb4 COLLATE utf8mb4_unicode_ci DEFAULT NULL,
  `event` varchar(255) CHARACTER SET utf8mb4 COLLATE utf8mb4_unicode_ci DEFAULT NULL,
  `subject_id` bigint UNSIGNED DEFAULT NULL,
  `causer_type` varchar(255) CHARACTER SET utf8mb4 COLLATE utf8mb4_unicode_ci DEFAULT NULL,
  `causer_id` bigint UNSIGNED DEFAULT NULL,
  `properties` longtext CHARACTER SET utf8mb4 COLLATE utf8mb4_bin,
  `batch_uuid` char(36) CHARACTER SET utf8mb4 COLLATE utf8mb4_unicode_ci DEFAULT NULL,
  `created_at` timestamp NULL DEFAULT NULL,
  `updated_at` timestamp NULL DEFAULT NULL
) ENGINE=InnoDB DEFAULT CHARSET=utf8mb4 COLLATE=utf8mb4_0900_ai_ci;

--
-- Dumping data for table `activity_log`
--

INSERT INTO `activity_log` (`id`, `log_name`, `description`, `subject_type`, `event`, `subject_id`, `causer_type`, `causer_id`, `properties`, `batch_uuid`, `created_at`, `updated_at`) VALUES
(1, 'users', 'users has been updated', 'App\\Models\\User', 'updated', 1, 'App\\Models\\Admin', 1, '{\"attributes\":{\"password\":\"$2y$10$ys\\/hWBylP7at8u7ZIpeHSu.8lf3estxKG5bTvPAKN0A.dka9.aDju\",\"conditions\":\"[\\\"1\\\",\\\"3\\\",\\\"5\\\",\\\"7\\\",\\\"8\\\",\\\"9\\\"]\",\"colors\":\"[\\\"1\\\",\\\"2\\\",\\\"3\\\"]\",\"updated_by\":1,\"updated_at\":\"2023-01-20T16:40:33.000000Z\"},\"old\":{\"password\":\"$2y$10$Zs1\\/n\\/se2ERLixRcpuQdJe0nC5NY\\/nk1lBQaDzt8bjLZ7rwvuX9JC\",\"conditions\":\"[\\\"1\\\",\\\"3\\\",\\\"5\\\",\\\"9\\\"]\",\"colors\":\"[\\\"1\\\",\\\"2\\\"]\",\"updated_by\":null,\"updated_at\":\"2023-01-20T16:04:37.000000Z\"}}', NULL, '2023-01-20 16:40:33', '2023-01-20 16:40:33'),
(2, 'users', 'users has been updated', 'App\\Models\\User', 'updated', 1, 'App\\Models\\Admin', 1, '{\"attributes\":{\"password\":\"$2y$10$5yq.0ZBacNwQ7bNhpzS4bulTzYnCP80.d.wCNuRY2mzLXyoae4Kzq\",\"user_code\":\"20001\",\"unit_code\":\"2001\",\"you_unit_code\":\"201\",\"updated_at\":\"2023-01-20T16:40:54.000000Z\"},\"old\":{\"password\":\"$2y$10$ys\\/hWBylP7at8u7ZIpeHSu.8lf3estxKG5bTvPAKN0A.dka9.aDju\",\"user_code\":\"10001\",\"unit_code\":\"1001\",\"you_unit_code\":\"101\",\"updated_at\":\"2023-01-20T16:40:33.000000Z\"}}', NULL, '2023-01-20 16:40:54', '2023-01-20 16:40:54'),
(3, 'users', 'users has been updated', 'App\\Models\\User', 'updated', 1, 'App\\Models\\Admin', 1, '{\"attributes\":{\"password\":\"$2y$10$5Q.\\/vgKQ4bF.F80IdbdLneGL0I\\/5KJDo3vKso6XwGRRT8.L5Q7Dmm\",\"updated_at\":\"2023-01-20T16:42:57.000000Z\"},\"old\":{\"password\":\"$2y$10$5yq.0ZBacNwQ7bNhpzS4bulTzYnCP80.d.wCNuRY2mzLXyoae4Kzq\",\"updated_at\":\"2023-01-20T16:40:54.000000Z\"}}', NULL, '2023-01-20 16:42:57', '2023-01-20 16:42:57'),
(4, 'users', 'users has been updated', 'App\\Models\\User', 'updated', 1, 'App\\Models\\Admin', 1, '{\"attributes\":{\"password\":\"$2y$10$\\/\\/dAeeCOpWDS0UX1I.vZAu3k6WnH55s1mz0rP..KFvfRIaw2mkdHa\",\"thumb\":\"user\\/2023\\/January\\/thumb-1-1674233722554.png\",\"updated_at\":\"2023-01-20T16:55:22.000000Z\"},\"old\":{\"password\":\"$2y$10$5Q.\\/vgKQ4bF.F80IdbdLneGL0I\\/5KJDo3vKso6XwGRRT8.L5Q7Dmm\",\"thumb\":null,\"updated_at\":\"2023-01-20T16:42:57.000000Z\"}}', NULL, '2023-01-20 16:55:22', '2023-01-20 16:55:22'),
(5, 'admins', 'updated', 'App\\Models\\Admin', 'updated', 1, NULL, NULL, '{\"attributes\":{\"remember_token\":\"lmKqqHlUMQOOReUt5P4uNrrwpinGGYmcUgZ3D9H4rrYmbwmukpOsMwzz7mfC\"},\"old\":{\"remember_token\":\"Ty5OrQghxHeZUinIxn1XAXBKQTlTkFg0F0hsKadw7sUtHjeiBNiVHfM155Em\"}}', NULL, '2023-01-22 06:13:10', '2023-01-22 06:13:10'),
(6, 'admins', 'updated', 'App\\Models\\Admin', 'updated', 1, NULL, NULL, '{\"attributes\":{\"remember_token\":\"dSlGWAxzlmitVeGVCL1fJdoNTFaT5uN1mynEq8P5R6g4w1FB3282SDRF3nXp\"},\"old\":{\"remember_token\":\"lmKqqHlUMQOOReUt5P4uNrrwpinGGYmcUgZ3D9H4rrYmbwmukpOsMwzz7mfC\"}}', NULL, '2023-01-23 08:08:35', '2023-01-23 08:08:35'),
(7, 'admins', 'updated', 'App\\Models\\Admin', 'updated', 1, NULL, NULL, '{\"attributes\":{\"remember_token\":\"5f9H1EvNjA1FNcYxeE3yUzmQ2NGU2drjwMb8MpedR0ApAE8QtOtuZAdXM0Dw\"},\"old\":{\"remember_token\":\"dSlGWAxzlmitVeGVCL1fJdoNTFaT5uN1mynEq8P5R6g4w1FB3282SDRF3nXp\"}}', NULL, '2023-01-23 08:46:21', '2023-01-23 08:46:21'),
(8, 'associations', 'updated', 'App\\Models\\Association', 'updated', 2, 'App\\Models\\Admin', 1, '{\"attributes\":{\"contact\":\"01900000000\",\"updated_by\":1,\"updated_at\":\"2023-01-23T09:11:56.000000Z\"},\"old\":{\"contact\":\"01943817351\",\"updated_by\":null,\"updated_at\":\"2023-01-23T09:11:05.000000Z\"}}', NULL, '2023-01-23 09:11:56', '2023-01-23 09:11:56'),
(9, 'branch_units', 'updated', 'App\\Models\\BranchUnit', 'updated', 2, 'App\\Models\\Admin', 1, '{\"attributes\":{\"title_bn\":\"\\u099f\\u09bf\\u09a8\\u09be\\u09a8\\u09c0 \\u09aa\\u09be\\u09dc\\u09be \\u0987\\u0989\\u09a8\\u09bf\\u099f-\\u09e7\",\"title_en\":\"Tinani Para Unit-1\",\"updated_by\":1,\"updated_at\":\"2023-01-25T04:57:41.000000Z\"},\"old\":{\"title_bn\":\"\\u0987\\u0989\\u09a8\\u09bf\\u099f-\\u09e7\",\"title_en\":\"Unit-1\",\"updated_by\":null,\"updated_at\":\"2023-01-25T04:54:15.000000Z\"}}', NULL, '2023-01-25 04:57:41', '2023-01-25 04:57:41'),
(10, 'branch_units', 'updated', 'App\\Models\\BranchUnit', 'updated', 3, 'App\\Models\\Admin', 1, '{\"attributes\":{\"title_bn\":\"\\u099f\\u09bf\\u09a8\\u09be\\u09a8\\u09c0 \\u09aa\\u09be\\u09dc\\u09be \\u0987\\u0989\\u09a8\\u09bf\\u099f-\\u09e8\",\"title_en\":\"Tinani Para Unit-2\",\"updated_by\":1,\"updated_at\":\"2023-01-25T04:58:24.000000Z\"},\"old\":{\"title_bn\":\"\\u0987\\u0989\\u09a8\\u09bf\\u099f-\\u09e8\",\"title_en\":\"Unit-2\",\"updated_by\":null,\"updated_at\":\"2023-01-25T04:55:34.000000Z\"}}', NULL, '2023-01-25 04:58:24', '2023-01-25 04:58:24'),
(11, 'branch_units', 'deleted', 'App\\Models\\BranchUnit', 'deleted', 63, 'App\\Models\\Admin', 1, '{\"old\":{\"id\":63,\"association_id\":2,\"area_id\":6,\"division_id\":null,\"district_id\":null,\"upazila_id\":null,\"branch_id\":51,\"code\":\"63\",\"name\":null,\"title_bn\":\"\\u0986\\u099c\\u09ae\\u09bf\\u09b0\\u0997\\u099e\\u09cd\\u099c- \\u0997\\u09c1\\u09aa\\u09be\\u09b2 \\u09aa\\u09c1\\u09b0-\\u09e9 \\u0987\\u0989\\u09a8\\u09bf\\u099f-\\u09e8\",\"title_en\":\"Ajmirgonj - Gupal Pur -3 Unit-2\",\"address_bn\":\"\\u0986\\u099c\\u09ae\\u09bf\\u09b0\\u09c0\\u0997\\u099e\\u09cd\\u099c, \\u09ac\\u0995\\u09b6\\u09c0\\u0997\\u099e\\u09cd\\u099c, \\u099c\\u09be\\u09ae\\u09be\\u09b2\\u09aa\\u09c1\\u09b0\",\"address_en\":\"Ajmirgonj, Bakshigonj, Jamalpur\",\"contact\":\"01900000000\",\"status\":\"Active\",\"created_by\":1,\"updated_by\":null,\"created_at\":\"2023-01-26T05:05:55.000000Z\",\"updated_at\":\"2023-01-26T05:05:55.000000Z\"}}', NULL, '2023-01-26 05:09:55', '2023-01-26 05:09:55'),
(12, 'admins', 'updated', 'App\\Models\\Admin', 'updated', 1, NULL, NULL, '{\"attributes\":{\"remember_token\":\"kcRS2CklDtoVZ0FHAvDG0RiMt3vHCIpKO6pDafxcpF5OKjTeLXF1GCxU5BI8\"},\"old\":{\"remember_token\":\"5f9H1EvNjA1FNcYxeE3yUzmQ2NGU2drjwMb8MpedR0ApAE8QtOtuZAdXM0Dw\"}}', NULL, '2023-02-08 07:20:20', '2023-02-08 07:20:20'),
(13, 'admins', 'updated', 'App\\Models\\Admin', 'updated', 1, NULL, NULL, '{\"attributes\":{\"remember_token\":\"07OozFYkvTzaADuq8h9cyVpNFZYIg8R4cWoZHxJgY09qf5Cy8KIA3qA18kv9\"},\"old\":{\"remember_token\":\"kcRS2CklDtoVZ0FHAvDG0RiMt3vHCIpKO6pDafxcpF5OKjTeLXF1GCxU5BI8\"}}', NULL, '2023-02-08 09:05:36', '2023-02-08 09:05:36'),
(14, 'admins', 'updated', 'App\\Models\\Admin', 'updated', 1, NULL, NULL, '{\"attributes\":{\"remember_token\":\"nSZOIOlLzX3fut1QSWS61QDE8bXSbBxZJks5kGT9W6LB6At7rdyOo5ceOwKL\"},\"old\":{\"remember_token\":\"07OozFYkvTzaADuq8h9cyVpNFZYIg8R4cWoZHxJgY09qf5Cy8KIA3qA18kv9\"}}', NULL, '2023-02-08 09:22:54', '2023-02-08 09:22:54'),
(15, 'branches', 'updated', 'App\\Models\\Branch', 'updated', 80, 'App\\Models\\Admin', 1, '{\"attributes\":{\"address_en\":\"Phulpur Nalitabari\",\"address_bn\":\"\\u09ab\\u09c1\\u09b2\\u09aa\\u09c1\\u09b0 \\u09a8\\u09be\\u09b2\\u09bf\\u09a4\\u09be\\u09ac\\u09be\\u09dc\\u09c0\",\"updated_by\":1,\"updated_at\":\"2023-02-13T08:07:37.000000Z\"},\"old\":{\"address_en\":\"Nalitabari\",\"address_bn\":\"\\u09a8\\u09be\\u09b2\\u09bf\\u09a4\\u09be\\u09ac\\u09be\\u09dc\\u09c0\",\"updated_by\":null,\"updated_at\":\"2023-02-13T08:03:15.000000Z\"}}', NULL, '2023-02-13 08:07:37', '2023-02-13 08:07:37'),
(16, 'branch_units', 'updated', 'App\\Models\\BranchUnit', 'updated', 131, 'App\\Models\\Admin', 1, '{\"attributes\":{\"contact\":\"01900000000\",\"updated_by\":1,\"updated_at\":\"2023-02-13T08:19:18.000000Z\"},\"old\":{\"contact\":null,\"updated_by\":null,\"updated_at\":\"2023-02-13T08:15:06.000000Z\"}}', NULL, '2023-02-13 08:19:18', '2023-02-13 08:19:18'),
(17, 'admins', 'updated', 'App\\Models\\Admin', 'updated', 9, 'App\\Models\\Admin', 1, '{\"attributes\":{\"title_bn\":\"\\u09b9\\u09af\\u09b0\\u09a4 \\u0996\\u09be\\u099c\\u09be\\u09b0 \\u09ac\\u09b6\\u09bf\\u09b0 (\\u09b0\\u09b9:)\",\"title_en\":\"Hazrat Khajar Bashir (RA)\",\"contact\":\"01900000000\",\"username\":\"caliph-1\",\"email\":\"caliph-1@kbf.com\",\"updated_by\":1,\"updated_at\":\"2023-02-13T09:33:50.000000Z\"},\"old\":{\"title_bn\":\"ABC\",\"title_en\":\"ABC\",\"contact\":\"01712616057\",\"username\":\"abck@kcs.com\",\"email\":\"abck@kcs.com\",\"updated_by\":null,\"updated_at\":\"2023-02-13T08:28:39.000000Z\"}}', NULL, '2023-02-13 09:33:50', '2023-02-13 09:33:50'),
(18, 'roles', 'updated', 'App\\Models\\Role', 'updated', 5, 'App\\Models\\Admin', 1, '{\"attributes\":{\"title_bn\":\"\\u098f\\u09b0\\u09bf\\u09df\\u09be \\u09b8\\u09ad\\u09be\\u09aa\\u09a4\\u09bf\",\"title_en\":\"Area President\",\"updated_by\":1,\"updated_at\":\"2023-02-13T09:44:14.000000Z\"},\"old\":{\"title_bn\":\"\\u09b8\\u09ad\\u09be\\u09aa\\u09a4\\u09bf\",\"title_en\":\"President\",\"updated_by\":null,\"updated_at\":\"2023-01-20T15:27:16.000000Z\"}}', NULL, '2023-02-13 09:44:14', '2023-02-13 09:44:14'),
(19, 'roles', 'updated', 'App\\Models\\Role', 'updated', 6, 'App\\Models\\Admin', 1, '{\"attributes\":{\"title_bn\":\"\\u09b8\\u09ad\\u09be\\u09aa\\u09a4\\u09bf\",\"title_en\":\"President\",\"updated_by\":1,\"updated_at\":\"2023-02-13T09:44:26.000000Z\"},\"old\":{\"title_bn\":\"\\u09b8\\u09b9 \\u09b8\\u09ad\\u09be\\u09aa\\u09a4\\u09bf\",\"title_en\":\"Vice President\",\"updated_by\":null,\"updated_at\":\"2023-01-20T15:27:16.000000Z\"}}', NULL, '2023-02-13 09:44:26', '2023-02-13 09:44:26'),
(20, 'user_types', 'updated', 'App\\Models\\UserType', 'updated', 5, 'App\\Models\\Admin', 1, '{\"attributes\":{\"title_bn\":\"\\u098f\\u09b0\\u09bf\\u09df\\u09be \\u09b8\\u09ad\\u09be\\u09aa\\u09a4\\u09bf\",\"title_en\":\"Area President\",\"updated_by\":1,\"updated_at\":\"2023-02-13T09:45:38.000000Z\"},\"old\":{\"title_bn\":\"\\u09b8\\u09ad\\u09be\\u09aa\\u09a4\\u09bf\",\"title_en\":\"President\",\"updated_by\":null,\"updated_at\":\"2023-01-20T15:27:18.000000Z\"}}', NULL, '2023-02-13 09:45:38', '2023-02-13 09:45:38'),
(21, 'user_types', 'updated', 'App\\Models\\UserType', 'updated', 6, 'App\\Models\\Admin', 1, '{\"attributes\":{\"title_bn\":\"\\u09b8\\u09ad\\u09be\\u09aa\\u09a4\\u09bf\",\"title_en\":\"President\",\"updated_by\":1,\"updated_at\":\"2023-02-13T09:45:51.000000Z\"},\"old\":{\"title_bn\":\"\\u09b8\\u09b9 \\u09b8\\u09ad\\u09be\\u09aa\\u09a4\\u09bf\",\"title_en\":\"Vice President\",\"updated_by\":null,\"updated_at\":\"2023-01-20T15:27:18.000000Z\"}}', NULL, '2023-02-13 09:45:51', '2023-02-13 09:45:51'),
(22, 'users', 'users has been updated', 'App\\Models\\User', 'updated', 2, 'App\\Models\\Admin', 1, '{\"attributes\":{\"title_en\":\"Mahmood Enamul Kabir\",\"password\":\"$2y$10$qPWsaq.WfWKlJu3bJAaKSO3Uet2ml2em65okOoOJgt8oFhDMXQBh2\",\"thumb\":\"user\\/2023\\/February\\/thumb-1-1676284067208.jpeg\",\"updated_by\":1,\"updated_at\":\"2023-02-13T10:27:49.000000Z\"},\"old\":{\"title_en\":\"Mahmud Enamul Kabir\",\"password\":\"$2y$10$CIp8qx2Ec9JxK3ScsxtdRenDk19wMRNiW15y1woZnw8tRQbJHtRbq\",\"thumb\":null,\"updated_by\":null,\"updated_at\":\"2023-02-13T10:25:40.000000Z\"}}', NULL, '2023-02-13 10:27:49', '2023-02-13 10:27:49'),
(23, 'conditions', 'updated', 'App\\Models\\Condition', 'updated', 1, 'App\\Models\\Admin', 1, '{\"attributes\":{\"title_bn\":\"\\u0989\\u09b6\\u09b0 \\u09ae\\u09c1\\u09b7\\u09cd\\u099f\\u09bf \\u0986\\u09a6\\u09be\\u09af\\u09bc \\u0995\\u09b0\\u09c7 ?\",\"title_en\":\"Usor earn fist ?\",\"updated_by\":1,\"updated_at\":\"2023-02-13T10:45:13.000000Z\"},\"old\":{\"title_bn\":\"\\u0993\\u09b0\\u09b6 \\u09ae\\u09c1\\u09b7\\u09cd\\u099f\\u09bf \\u0986\\u09a6\\u09be\\u09af\\u09bc \\u0995\\u09b0\\u09c7 ?\",\"title_en\":\"Orsh earn fist ?\",\"updated_by\":null,\"updated_at\":\"2023-01-18T11:13:31.000000Z\"}}', NULL, '2023-02-13 10:45:13', '2023-02-13 10:45:13'),
(24, 'conditions', 'updated', 'App\\Models\\Condition', 'updated', 9, 'App\\Models\\Admin', 1, '{\"attributes\":{\"title_bn\":\"\\u09ab\\u09be\\u0989\\u09a8\\u09cd\\u09a1\\u09c7\\u09b6\\u09a8\\u09c7\\u09b0 \\u09b8\\u09a6\\u09b8\\u09cd\\u09af \\u0995\\u09bf\\u09a8\\u09be ?\",\"title_en\":\"Whether the lover is a member of the foundation ?\",\"updated_by\":1,\"updated_at\":\"2023-02-13T10:47:27.000000Z\"},\"old\":{\"title_bn\":\"\\u09aa\\u09cd\\u09b0\\u09c7\\u09ae\\u09bf\\u0995 \\u0990\\u0995\\u09cd\\u09af \\u09aa\\u09b0\\u09bf\\u09b7\\u09a6\\u09c7\\u09b0 \\u09b8\\u09a6\\u09b8\\u09cd\\u09af \\u0995\\u09bf\\u09a8\\u09be ?\",\"title_en\":\"Whether the lover is a member of the council ?\",\"updated_by\":null,\"updated_at\":\"2023-01-18T11:15:08.000000Z\"}}', NULL, '2023-02-13 10:47:27', '2023-02-13 10:47:27'),
(25, 'users', 'users has been updated', 'App\\Models\\User', 'updated', 2, 'App\\Models\\Admin', 1, '{\"attributes\":{\"code\":\"M-004-000001\",\"title_en\":\"Mahmud Enamul Kabir\",\"password\":\"$2y$10$B0HNy1CUKiVp1Su8RE5YWuA\\/T.bMJR0JLKo\\/p9Bwq63AL8peeBXhO\",\"updated_at\":\"2023-02-14T04:10:06.000000Z\"},\"old\":{\"code\":null,\"title_en\":\"Mahmood Enamul Kabir\",\"password\":\"$2y$10$qPWsaq.WfWKlJu3bJAaKSO3Uet2ml2em65okOoOJgt8oFhDMXQBh2\",\"updated_at\":\"2023-02-13T10:27:49.000000Z\"}}', NULL, '2023-02-14 04:10:06', '2023-02-14 04:10:06'),
(26, 'admins', 'updated', 'App\\Models\\Admin', 'updated', 1, NULL, NULL, '{\"attributes\":{\"remember_token\":\"lKHAPCUCAhjZdWZ49pCP3VcEhDjkNp5Y4O0idyPr08c3bO88eIxe9efMKnot\"},\"old\":{\"remember_token\":\"nSZOIOlLzX3fut1QSWS61QDE8bXSbBxZJks5kGT9W6LB6At7rdyOo5ceOwKL\"}}', NULL, '2023-02-14 12:54:58', '2023-02-14 12:54:58'),
(27, 'admins', 'updated', 'App\\Models\\Admin', 'updated', 1, NULL, NULL, '{\"attributes\":{\"remember_token\":\"tSSiwLBJAqPymgoc8ZNKMMSLdYKklijp7nha0nSVmoeVL2ZAJHbkEQY3OIFi\"},\"old\":{\"remember_token\":\"lKHAPCUCAhjZdWZ49pCP3VcEhDjkNp5Y4O0idyPr08c3bO88eIxe9efMKnot\"}}', NULL, '2023-02-14 13:00:46', '2023-02-14 13:00:46'),
(28, 'admins', 'updated', 'App\\Models\\Admin', 'updated', 1, NULL, NULL, '{\"attributes\":{\"remember_token\":\"BGEBoJe3wV3t3lv3rTVTc2dUgTxxlHx6Hsc7WzQKQg6mNdL4W8S07pYWnW8f\"},\"old\":{\"remember_token\":\"tSSiwLBJAqPymgoc8ZNKMMSLdYKklijp7nha0nSVmoeVL2ZAJHbkEQY3OIFi\"}}', NULL, '2023-02-14 13:23:58', '2023-02-14 13:23:58'),
(29, 'admins', 'updated', 'App\\Models\\Admin', 'updated', 3, NULL, NULL, '{\"attributes\":{\"remember_token\":\"Fkqhxxvdkw9NUGIfcCy0Tg1rNRcniNCayghbgsGdBUmRDQq4YLIxBhIJAjqs\"},\"old\":{\"remember_token\":\"89jKo5EgEUjONy7P15WeYVQLLXhedOvL6awap81JqpFJEPOmxDm3rs3mDyyW\"}}', NULL, '2023-02-14 13:40:32', '2023-02-14 13:40:32'),
(30, 'users', 'users has been updated', 'App\\Models\\User', 'updated', 2, 'App\\Models\\Admin', 1, '{\"attributes\":{\"title_en\":\"Mahmood Enamul Kabir\",\"password\":\"$2y$10$K.tbh0dKKlP46Tje9NIYcuQQXdTmal7I\\/8QNns.8WfqJ9Sy.mhfNO\",\"updated_at\":\"2023-02-14T16:03:33.000000Z\"},\"old\":{\"title_en\":\"Mahmud Enamul Kabir\",\"password\":\"$2y$10$B0HNy1CUKiVp1Su8RE5YWuA\\/T.bMJR0JLKo\\/p9Bwq63AL8peeBXhO\",\"updated_at\":\"2023-02-14T04:10:06.000000Z\"}}', NULL, '2023-02-14 16:03:33', '2023-02-14 16:03:33'),
(31, 'admins', 'updated', 'App\\Models\\Admin', 'updated', 1, NULL, NULL, '{\"attributes\":{\"remember_token\":\"8KFsyMuE8mwaOewynYFNpX29rF0mzUbW8OvKjDkKK72U62Vw8mfIJ5r3peZV\"},\"old\":{\"remember_token\":\"BGEBoJe3wV3t3lv3rTVTc2dUgTxxlHx6Hsc7WzQKQg6mNdL4W8S07pYWnW8f\"}}', NULL, '2023-02-15 05:24:33', '2023-02-15 05:24:33'),
(32, 'admins', 'updated', 'App\\Models\\Admin', 'updated', 1, NULL, NULL, '{\"attributes\":{\"remember_token\":\"AkrAeiiacpxptMhcvXcPKylpG45CvK3t2bKjoSfVMH74KgMLCIjEMMiOMKbj\"},\"old\":{\"remember_token\":\"8KFsyMuE8mwaOewynYFNpX29rF0mzUbW8OvKjDkKK72U62Vw8mfIJ5r3peZV\"}}', NULL, '2023-02-16 05:24:53', '2023-02-16 05:24:53'),
(33, 'admins', 'updated', 'App\\Models\\Admin', 'updated', 19, 'App\\Models\\Admin', 1, '{\"attributes\":{\"title_bn\":\"\\u0986\\u09ac\\u09cd\\u09a6\\u09c1\\u09b2 \\u09b9\\u0995\",\"title_en\":\"Abdul Haque\",\"username\":\"abdulhaque@kbf.com\",\"email\":\"abdulhaque@kbf.com\",\"updated_by\":1,\"updated_at\":\"2023-02-16T05:49:29.000000Z\"},\"old\":{\"title_bn\":\"\\u0986\\u09ac\\u09cd\\u09a6\\u09c1\\u09b2\",\"title_en\":\"Abdul\",\"username\":\"abdul@kbf.com\",\"email\":\"abdul@kbf.com\",\"updated_by\":null,\"updated_at\":\"2023-02-14T15:50:50.000000Z\"}}', NULL, '2023-02-16 05:49:29', '2023-02-16 05:49:29'),
(34, 'admins', 'updated', 'App\\Models\\Admin', 'updated', 1, NULL, NULL, '{\"attributes\":{\"remember_token\":\"u1kvM5eXkPvyT31gBiG4Zg8xv7VooUGPeHS3EKeIcIFVBGIYNCDegg6Cp79Q\"},\"old\":{\"remember_token\":\"AkrAeiiacpxptMhcvXcPKylpG45CvK3t2bKjoSfVMH74KgMLCIjEMMiOMKbj\"}}', NULL, '2023-02-16 07:10:20', '2023-02-16 07:10:20'),
(35, 'admins', 'updated', 'App\\Models\\Admin', 'updated', 35, 'App\\Models\\Admin', 1, '{\"attributes\":{\"branch_id\":40,\"updated_by\":1,\"updated_at\":\"2023-02-16T07:19:54.000000Z\"},\"old\":{\"branch_id\":null,\"updated_by\":null,\"updated_at\":\"2023-02-16T07:19:09.000000Z\"}}', NULL, '2023-02-16 07:19:54', '2023-02-16 07:19:54'),
(36, 'admins', 'updated', 'App\\Models\\Admin', 'updated', 1, NULL, NULL, '{\"attributes\":{\"remember_token\":\"gOjoV62WZvSJTzRTqQopbMP5m0gpNQctOo08W17YESj8gl2c9ua8oz3NKfBd\"},\"old\":{\"remember_token\":\"u1kvM5eXkPvyT31gBiG4Zg8xv7VooUGPeHS3EKeIcIFVBGIYNCDegg6Cp79Q\"}}', NULL, '2023-02-16 07:37:11', '2023-02-16 07:37:11'),
(37, 'admins', 'updated', 'App\\Models\\Admin', 'updated', 1, NULL, NULL, '{\"attributes\":{\"remember_token\":\"2SiYOVNGuJIGoBynUUjEiwS7tC063yMUqLFRbpqrwYn8VPzqfKrA4yKcEL3c\"},\"old\":{\"remember_token\":\"gOjoV62WZvSJTzRTqQopbMP5m0gpNQctOo08W17YESj8gl2c9ua8oz3NKfBd\"}}', NULL, '2023-02-16 10:30:22', '2023-02-16 10:30:22'),
(38, 'admins', 'updated', 'App\\Models\\Admin', 'updated', 9, 'App\\Models\\Admin', 1, '{\"attributes\":{\"area_id\":6,\"district_id\":22,\"upazila_id\":173,\"branch_id\":49,\"updated_at\":\"2023-02-16T14:39:58.000000Z\"},\"old\":{\"area_id\":7,\"district_id\":27,\"upazila_id\":217,\"branch_id\":67,\"updated_at\":\"2023-02-13T09:33:50.000000Z\"}}', NULL, '2023-02-16 14:39:58', '2023-02-16 14:39:58'),
(39, 'admins', 'updated', 'App\\Models\\Admin', 'updated', 10, 'App\\Models\\Admin', 1, '{\"attributes\":{\"area_id\":6,\"district_id\":22,\"upazila_id\":173,\"branch_id\":49,\"title_en\":\"Hazrat Shaheed Khaja (RA)\",\"username\":\"caliph-2\",\"updated_by\":1,\"updated_at\":\"2023-02-16T14:41:06.000000Z\"},\"old\":{\"area_id\":null,\"district_id\":27,\"upazila_id\":217,\"branch_id\":null,\"title_en\":\"Hazrat Shaheed Khwaja (RA)\",\"username\":\"caliph-2@kbf.com\",\"updated_by\":null,\"updated_at\":\"2023-02-13T09:36:33.000000Z\"}}', NULL, '2023-02-16 14:41:06', '2023-02-16 14:41:06'),
(40, 'admins', 'updated', 'App\\Models\\Admin', 'updated', 11, 'App\\Models\\Admin', 1, '{\"attributes\":{\"area_id\":6,\"district_id\":22,\"upazila_id\":173,\"branch_id\":49,\"title_en\":\"Hazrat Khaja Nasirullah (RA)\",\"username\":\"caliph-3\",\"updated_by\":1,\"updated_at\":\"2023-02-16T14:42:06.000000Z\"},\"old\":{\"area_id\":null,\"district_id\":27,\"upazila_id\":217,\"branch_id\":null,\"title_en\":\"Hazrat Khwaja Nasirullah (RA)\",\"username\":\"caliph-3@kbf.com\",\"updated_by\":null,\"updated_at\":\"2023-02-13T09:39:07.000000Z\"}}', NULL, '2023-02-16 14:42:06', '2023-02-16 14:42:06'),
(41, 'admins', 'updated', 'App\\Models\\Admin', 'updated', 12, 'App\\Models\\Admin', 1, '{\"attributes\":{\"area_id\":6,\"district_id\":22,\"upazila_id\":173,\"branch_id\":49,\"title_bn\":\"\\u0996\\u09be\\u099c\\u09be \\u09a4\\u09cc\\u09b9\\u09bf\\u09a6\\u09c1\\u09b2\\u09cd\\u09b2\\u09be\\u09b9 (\\u09ae\\u09be.\\u099c\\u09bf.\\u0986)\",\"title_en\":\"Khaja Tawhidullah (M.G.A.)\",\"username\":\"caliph-4\",\"updated_by\":1,\"updated_at\":\"2023-02-16T14:43:22.000000Z\"},\"old\":{\"area_id\":null,\"district_id\":27,\"upazila_id\":217,\"branch_id\":null,\"title_bn\":\"\\u09b9\\u09af\\u09b0\\u09a4 \\u0996\\u09be\\u099c\\u09be \\u09a4\\u09cc\\u09b9\\u09bf\\u09a6\\u09c1\\u09b2\\u09cd\\u09b2\\u09be\\u09b9 (\\u09ae\\u09be.\\u099c\\u09bf.\\u0986)\",\"title_en\":\"Hazrat Khwaja Tawhidullah (M.G.A.)\",\"username\":\"caliph-4@kbf.com\",\"updated_by\":null,\"updated_at\":\"2023-02-13T09:42:37.000000Z\"}}', NULL, '2023-02-16 14:43:22', '2023-02-16 14:43:22'),
(42, 'admins', 'updated', 'App\\Models\\Admin', 'updated', 13, 'App\\Models\\Admin', 1, '{\"attributes\":{\"division_id\":3,\"district_id\":18,\"upazila_id\":153,\"branch_id\":13,\"username\":\"aktaruzzaman\",\"updated_by\":1,\"updated_at\":\"2023-02-16T14:45:25.000000Z\"},\"old\":{\"division_id\":9,\"district_id\":27,\"upazila_id\":217,\"branch_id\":null,\"username\":\"aktaruzzaman@kbf.com\",\"updated_by\":null,\"updated_at\":\"2023-02-13T09:49:38.000000Z\"}}', NULL, '2023-02-16 14:45:25', '2023-02-16 14:45:25'),
(43, 'admins', 'updated', 'App\\Models\\Admin', 'updated', 13, 'App\\Models\\Admin', 1, '{\"attributes\":{\"contact\":\"01724665433\",\"updated_at\":\"2023-02-16T14:46:27.000000Z\"},\"old\":{\"contact\":\"01900000000\",\"updated_at\":\"2023-02-16T14:45:25.000000Z\"}}', NULL, '2023-02-16 14:46:27', '2023-02-16 14:46:27'),
(44, 'admins', 'updated', 'App\\Models\\Admin', 'updated', 14, 'App\\Models\\Admin', 1, '{\"attributes\":{\"district_id\":22,\"upazila_id\":175,\"branch_id\":40,\"username\":\"hasenfakir\",\"updated_by\":1,\"updated_at\":\"2023-02-16T14:48:58.000000Z\"},\"old\":{\"district_id\":27,\"upazila_id\":217,\"branch_id\":null,\"username\":\"hasenfakir@kbf.com\",\"updated_by\":null,\"updated_at\":\"2023-02-13T09:51:42.000000Z\"}}', NULL, '2023-02-16 14:48:58', '2023-02-16 14:48:58'),
(45, 'admins', 'updated', 'App\\Models\\Admin', 'updated', 15, 'App\\Models\\Admin', 1, '{\"attributes\":{\"district_id\":33,\"upazila_id\":257,\"branch_id\":36,\"contact\":\"01928567448\",\"username\":\"mofizulhaque\",\"updated_by\":1,\"updated_at\":\"2023-02-16T14:50:53.000000Z\"},\"old\":{\"district_id\":27,\"upazila_id\":217,\"branch_id\":null,\"contact\":\"01900000000\",\"username\":\"mofizulhaque@kbf.com\",\"updated_by\":null,\"updated_at\":\"2023-02-13T09:53:30.000000Z\"}}', NULL, '2023-02-16 14:50:53', '2023-02-16 14:50:53'),
(46, 'admins', 'updated', 'App\\Models\\Admin', 'updated', 16, 'App\\Models\\Admin', 1, '{\"attributes\":{\"district_id\":22,\"upazila_id\":175,\"branch_id\":49,\"contact\":\"01937311624\",\"username\":\"rarunorrashid\",\"updated_by\":1,\"updated_at\":\"2023-02-16T14:53:09.000000Z\"},\"old\":{\"district_id\":27,\"upazila_id\":217,\"branch_id\":null,\"contact\":\"01900000000\",\"username\":\"rarunorrashid@kbf.com\",\"updated_by\":null,\"updated_at\":\"2023-02-13T09:56:24.000000Z\"}}', NULL, '2023-02-16 14:53:09', '2023-02-16 14:53:09'),
(47, 'admins', 'updated', 'App\\Models\\Admin', 'updated', 17, 'App\\Models\\Admin', 1, '{\"attributes\":{\"district_id\":22,\"upazila_id\":176,\"branch_id\":52,\"contact\":\"01911636275\",\"username\":\"nizamuddinahmed\",\"updated_by\":1,\"updated_at\":\"2023-02-16T14:55:30.000000Z\"},\"old\":{\"district_id\":27,\"upazila_id\":null,\"branch_id\":null,\"contact\":\"01900000000\",\"username\":\"nizamuddinahmed@kbf.com\",\"updated_by\":null,\"updated_at\":\"2023-02-13T09:58:08.000000Z\"}}', NULL, '2023-02-16 14:55:30', '2023-02-16 14:55:30'),
(48, 'admins', 'updated', 'App\\Models\\Admin', 'updated', 18, 'App\\Models\\Admin', 1, '{\"attributes\":{\"username\":\"khokonmia\",\"updated_by\":1,\"updated_at\":\"2023-02-16T14:56:28.000000Z\"},\"old\":{\"username\":\"khokonmia@kbf.com\",\"updated_by\":null,\"updated_at\":\"2023-02-13T10:01:25.000000Z\"}}', NULL, '2023-02-16 14:56:28', '2023-02-16 14:56:28'),
(49, 'admins', 'updated', 'App\\Models\\Admin', 'updated', 19, 'App\\Models\\Admin', 1, '{\"attributes\":{\"username\":\"abdulhaque\",\"updated_at\":\"2023-02-16T14:57:10.000000Z\"},\"old\":{\"username\":\"abdulhaque@kbf.com\",\"updated_at\":\"2023-02-16T05:49:29.000000Z\"}}', NULL, '2023-02-16 14:57:10', '2023-02-16 14:57:10'),
(50, 'admins', 'updated', 'App\\Models\\Admin', 'updated', 20, 'App\\Models\\Admin', 1, '{\"attributes\":{\"upazila_id\":175,\"username\":\"fazluhoque\",\"updated_by\":1,\"updated_at\":\"2023-02-16T14:58:04.000000Z\"},\"old\":{\"upazila_id\":173,\"username\":\"fazluhoque@kbf.com\",\"updated_by\":null,\"updated_at\":\"2023-02-14T15:58:45.000000Z\"}}', NULL, '2023-02-16 14:58:04', '2023-02-16 14:58:04'),
(51, 'admins', 'updated', 'App\\Models\\Admin', 'updated', 21, 'App\\Models\\Admin', 1, '{\"attributes\":{\"username\":\"thandu\",\"updated_by\":1,\"updated_at\":\"2023-02-16T15:00:15.000000Z\"},\"old\":{\"username\":\"thandu@kbf.com\",\"updated_by\":null,\"updated_at\":\"2023-02-16T05:34:30.000000Z\"}}', NULL, '2023-02-16 15:00:15', '2023-02-16 15:00:15'),
(52, 'admins', 'updated', 'App\\Models\\Admin', 'updated', 22, 'App\\Models\\Admin', 1, '{\"attributes\":{\"username\":\"giasuddin\",\"updated_by\":1,\"updated_at\":\"2023-02-16T15:00:59.000000Z\"},\"old\":{\"username\":\"giasuddin@kbf.com\",\"updated_by\":null,\"updated_at\":\"2023-02-16T05:40:03.000000Z\"}}', NULL, '2023-02-16 15:00:59', '2023-02-16 15:00:59'),
(53, 'admins', 'updated', 'App\\Models\\Admin', 'updated', 23, 'App\\Models\\Admin', 1, '{\"attributes\":{\"username\":\"salammaster\",\"updated_by\":1,\"updated_at\":\"2023-02-16T15:01:29.000000Z\"},\"old\":{\"username\":\"salammaster@kbf.com\",\"updated_by\":null,\"updated_at\":\"2023-02-16T05:43:55.000000Z\"}}', NULL, '2023-02-16 15:01:29', '2023-02-16 15:01:29'),
(54, 'admins', 'updated', 'App\\Models\\Admin', 'updated', 24, 'App\\Models\\Admin', 1, '{\"attributes\":{\"username\":\"aminul\",\"updated_by\":1,\"updated_at\":\"2023-02-16T15:02:12.000000Z\"},\"old\":{\"username\":\"aminul@kbf.com\",\"updated_by\":null,\"updated_at\":\"2023-02-16T05:46:56.000000Z\"}}', NULL, '2023-02-16 15:02:12', '2023-02-16 15:02:12'),
(55, 'admins', 'updated', 'App\\Models\\Admin', 'updated', 25, 'App\\Models\\Admin', 1, '{\"attributes\":{\"username\":\"musharraf\",\"updated_by\":1,\"updated_at\":\"2023-02-16T15:02:47.000000Z\"},\"old\":{\"username\":\"musharraf@kbf.com\",\"updated_by\":null,\"updated_at\":\"2023-02-16T05:59:27.000000Z\"}}', NULL, '2023-02-16 15:02:47', '2023-02-16 15:02:47'),
(56, 'admins', 'updated', 'App\\Models\\Admin', 'updated', 26, 'App\\Models\\Admin', 1, '{\"attributes\":{\"username\":\"zakirhossain\",\"updated_by\":1,\"updated_at\":\"2023-02-16T15:03:15.000000Z\"},\"old\":{\"username\":\"zakirhossain@kbf.com\",\"updated_by\":null,\"updated_at\":\"2023-02-16T06:04:21.000000Z\"}}', NULL, '2023-02-16 15:03:15', '2023-02-16 15:03:15'),
(57, 'admins', 'updated', 'App\\Models\\Admin', 'updated', 27, 'App\\Models\\Admin', 1, '{\"attributes\":{\"username\":\"nurhossain\",\"updated_by\":1,\"updated_at\":\"2023-02-16T15:03:48.000000Z\"},\"old\":{\"username\":\"nurhossain@kbf.com\",\"updated_by\":null,\"updated_at\":\"2023-02-16T06:09:18.000000Z\"}}', NULL, '2023-02-16 15:03:48', '2023-02-16 15:03:48'),
(58, 'admins', 'updated', 'App\\Models\\Admin', 'updated', 28, 'App\\Models\\Admin', 1, '{\"attributes\":{\"username\":\"shukkurali\",\"updated_by\":1,\"updated_at\":\"2023-02-16T15:04:44.000000Z\"},\"old\":{\"username\":\"shukkurali@kbf.com\",\"updated_by\":null,\"updated_at\":\"2023-02-16T06:14:30.000000Z\"}}', NULL, '2023-02-16 15:04:44', '2023-02-16 15:04:44'),
(59, 'admins', 'updated', 'App\\Models\\Admin', 'updated', 29, 'App\\Models\\Admin', 1, '{\"attributes\":{\"username\":\"abulkashem\",\"updated_by\":1,\"updated_at\":\"2023-02-16T15:05:32.000000Z\"},\"old\":{\"username\":\"abulkashem@kbf.com\",\"updated_by\":null,\"updated_at\":\"2023-02-16T06:23:05.000000Z\"}}', NULL, '2023-02-16 15:05:32', '2023-02-16 15:05:32'),
(60, 'admins', 'updated', 'App\\Models\\Admin', 'updated', 30, 'App\\Models\\Admin', 1, '{\"attributes\":{\"username\":\"khoranumiah\",\"updated_by\":1,\"updated_at\":\"2023-02-16T15:06:00.000000Z\"},\"old\":{\"username\":\"khoranumiah@kbf.com\",\"updated_by\":null,\"updated_at\":\"2023-02-16T06:27:21.000000Z\"}}', NULL, '2023-02-16 15:06:00', '2023-02-16 15:06:00'),
(61, 'admins', 'updated', 'App\\Models\\Admin', 'updated', 31, 'App\\Models\\Admin', 1, '{\"attributes\":{\"upazila_id\":175,\"username\":\"abdussalam\",\"updated_by\":1,\"updated_at\":\"2023-02-16T15:06:39.000000Z\"},\"old\":{\"upazila_id\":173,\"username\":\"abdussalam@kbf.com\",\"updated_by\":null,\"updated_at\":\"2023-02-16T06:30:01.000000Z\"}}', NULL, '2023-02-16 15:06:39', '2023-02-16 15:06:39'),
(62, 'admins', 'updated', 'App\\Models\\Admin', 'updated', 32, 'App\\Models\\Admin', 1, '{\"attributes\":{\"upazila_id\":175,\"username\":\"shaijuddin\",\"updated_by\":1,\"updated_at\":\"2023-02-16T15:07:39.000000Z\"},\"old\":{\"upazila_id\":173,\"username\":\"shaijuddin@kbf.com\",\"updated_by\":null,\"updated_at\":\"2023-02-16T06:34:17.000000Z\"}}', NULL, '2023-02-16 15:07:39', '2023-02-16 15:07:39'),
(63, 'admins', 'updated', 'App\\Models\\Admin', 'updated', 33, 'App\\Models\\Admin', 1, '{\"attributes\":{\"username\":\"kofiluddin\",\"updated_by\":1,\"updated_at\":\"2023-02-16T15:08:17.000000Z\"},\"old\":{\"username\":\"kofiluddin@kbf.com\",\"updated_by\":null,\"updated_at\":\"2023-02-16T06:37:39.000000Z\"}}', NULL, '2023-02-16 15:08:17', '2023-02-16 15:08:17'),
(64, 'admins', 'updated', 'App\\Models\\Admin', 'updated', 34, 'App\\Models\\Admin', 1, '{\"attributes\":{\"username\":\"sadamiah\",\"updated_by\":1,\"updated_at\":\"2023-02-16T15:09:01.000000Z\"},\"old\":{\"username\":\"sadamiah@kbf.com\",\"updated_by\":null,\"updated_at\":\"2023-02-16T06:45:37.000000Z\"}}', NULL, '2023-02-16 15:09:01', '2023-02-16 15:09:01'),
(65, 'admins', 'updated', 'App\\Models\\Admin', 'updated', 35, 'App\\Models\\Admin', 1, '{\"attributes\":{\"username\":\"shahjahan\",\"updated_at\":\"2023-02-16T15:09:45.000000Z\"},\"old\":{\"username\":\"shahjahan@kbf.com\",\"updated_at\":\"2023-02-16T07:19:54.000000Z\"}}', NULL, '2023-02-16 15:09:45', '2023-02-16 15:09:45'),
(66, 'admins', 'updated', 'App\\Models\\Admin', 'updated', 36, 'App\\Models\\Admin', 1, '{\"attributes\":{\"username\":\"musaalam\",\"updated_by\":1,\"updated_at\":\"2023-02-16T15:10:11.000000Z\"},\"old\":{\"username\":\"musaalam@kbf.com\",\"updated_by\":null,\"updated_at\":\"2023-02-16T07:24:11.000000Z\"}}', NULL, '2023-02-16 15:10:11', '2023-02-16 15:10:11'),
(67, 'admins', 'updated', 'App\\Models\\Admin', 'updated', 37, 'App\\Models\\Admin', 1, '{\"attributes\":{\"username\":\"jalalmiah\",\"updated_by\":1,\"updated_at\":\"2023-02-16T15:10:41.000000Z\"},\"old\":{\"username\":\"jalalmiah@kbf.com\",\"updated_by\":null,\"updated_at\":\"2023-02-16T07:26:56.000000Z\"}}', NULL, '2023-02-16 15:10:41', '2023-02-16 15:10:41'),
(68, 'admins', 'updated', 'App\\Models\\Admin', 'updated', 38, 'App\\Models\\Admin', 1, '{\"attributes\":{\"upazila_id\":175,\"username\":\"sadu\",\"updated_by\":1,\"updated_at\":\"2023-02-16T15:11:15.000000Z\"},\"old\":{\"upazila_id\":173,\"username\":\"sadu@kbf.com\",\"updated_by\":null,\"updated_at\":\"2023-02-16T07:30:33.000000Z\"}}', NULL, '2023-02-16 15:11:15', '2023-02-16 15:11:15'),
(69, 'admins', 'updated', 'App\\Models\\Admin', 'updated', 39, 'App\\Models\\Admin', 1, '{\"attributes\":{\"username\":\"abdussamad\",\"updated_by\":1,\"updated_at\":\"2023-02-16T15:11:41.000000Z\"},\"old\":{\"username\":\"abdussamad@kbf.com\",\"updated_by\":null,\"updated_at\":\"2023-02-16T07:46:45.000000Z\"}}', NULL, '2023-02-16 15:11:41', '2023-02-16 15:11:41'),
(70, 'admins', 'updated', 'App\\Models\\Admin', 'updated', 40, 'App\\Models\\Admin', 1, '{\"attributes\":{\"username\":\"nurislam\",\"updated_by\":1,\"updated_at\":\"2023-02-16T15:12:04.000000Z\"},\"old\":{\"username\":\"nurislam@kbf.com\",\"updated_by\":null,\"updated_at\":\"2023-02-16T13:01:15.000000Z\"}}', NULL, '2023-02-16 15:12:04', '2023-02-16 15:12:04'),
(71, 'admins', 'updated', 'App\\Models\\Admin', 'updated', 41, 'App\\Models\\Admin', 1, '{\"attributes\":{\"username\":\"chanmiah\",\"updated_by\":1,\"updated_at\":\"2023-02-16T15:12:21.000000Z\"},\"old\":{\"username\":\"chanmiah@kbf.com\",\"updated_by\":null,\"updated_at\":\"2023-02-16T13:04:49.000000Z\"}}', NULL, '2023-02-16 15:12:21', '2023-02-16 15:12:21'),
(72, 'admins', 'updated', 'App\\Models\\Admin', 'updated', 42, 'App\\Models\\Admin', 1, '{\"attributes\":{\"username\":\"alam\",\"updated_by\":1,\"updated_at\":\"2023-02-16T15:12:42.000000Z\"},\"old\":{\"username\":\"alam@kbf.com\",\"updated_by\":null,\"updated_at\":\"2023-02-16T13:08:29.000000Z\"}}', NULL, '2023-02-16 15:12:42', '2023-02-16 15:12:42'),
(73, 'admins', 'updated', 'App\\Models\\Admin', 'updated', 43, 'App\\Models\\Admin', 1, '{\"attributes\":{\"username\":\"taizuddin\",\"updated_by\":1,\"updated_at\":\"2023-02-16T15:13:03.000000Z\"},\"old\":{\"username\":\"taizuddin@kbf.com\",\"updated_by\":null,\"updated_at\":\"2023-02-16T13:12:42.000000Z\"}}', NULL, '2023-02-16 15:13:03', '2023-02-16 15:13:03'),
(74, 'admins', 'updated', 'App\\Models\\Admin', 'updated', 44, 'App\\Models\\Admin', 1, '{\"attributes\":{\"username\":\"oliahad\",\"updated_by\":1,\"updated_at\":\"2023-02-16T15:13:25.000000Z\"},\"old\":{\"username\":\"oliahad@kbf.com\",\"updated_by\":null,\"updated_at\":\"2023-02-16T13:17:27.000000Z\"}}', NULL, '2023-02-16 15:13:25', '2023-02-16 15:13:25'),
(75, 'admins', 'updated', 'App\\Models\\Admin', 'updated', 45, 'App\\Models\\Admin', 1, '{\"attributes\":{\"username\":\"shahinoorbiplob\",\"updated_by\":1,\"updated_at\":\"2023-02-16T15:13:49.000000Z\"},\"old\":{\"username\":\"shahinoorbiplob@kbf.com\",\"updated_by\":null,\"updated_at\":\"2023-02-16T13:25:24.000000Z\"}}', NULL, '2023-02-16 15:13:49', '2023-02-16 15:13:49'),
(76, 'admins', 'updated', 'App\\Models\\Admin', 'updated', 46, 'App\\Models\\Admin', 1, '{\"attributes\":{\"username\":\"abdulquddus\",\"updated_by\":1,\"updated_at\":\"2023-02-16T15:14:32.000000Z\"},\"old\":{\"username\":\"abdulquddus@kbf.com\",\"updated_by\":null,\"updated_at\":\"2023-02-16T13:31:04.000000Z\"}}', NULL, '2023-02-16 15:14:32', '2023-02-16 15:14:32'),
(77, 'admins', 'updated', 'App\\Models\\Admin', 'updated', 47, 'App\\Models\\Admin', 1, '{\"attributes\":{\"username\":\"salam\",\"updated_by\":1,\"updated_at\":\"2023-02-16T15:14:51.000000Z\"},\"old\":{\"username\":\"salam@kbf.com\",\"updated_by\":null,\"updated_at\":\"2023-02-16T13:37:25.000000Z\"}}', NULL, '2023-02-16 15:14:51', '2023-02-16 15:14:51'),
(78, 'admins', 'updated', 'App\\Models\\Admin', 'updated', 48, 'App\\Models\\Admin', 1, '{\"attributes\":{\"username\":\"dulalhossain\",\"updated_by\":1,\"updated_at\":\"2023-02-16T15:15:09.000000Z\"},\"old\":{\"username\":\"dulalhossain@kbf.com\",\"updated_by\":null,\"updated_at\":\"2023-02-16T13:41:44.000000Z\"}}', NULL, '2023-02-16 15:15:09', '2023-02-16 15:15:09'),
(79, 'admins', 'updated', 'App\\Models\\Admin', 'updated', 49, 'App\\Models\\Admin', 1, '{\"attributes\":{\"username\":\"abdurrahim\",\"updated_by\":1,\"updated_at\":\"2023-02-16T15:15:29.000000Z\"},\"old\":{\"username\":\"abdurrahim@kbf.com\",\"updated_by\":null,\"updated_at\":\"2023-02-16T14:31:05.000000Z\"}}', NULL, '2023-02-16 15:15:29', '2023-02-16 15:15:29'),
(80, 'admins', 'updated', 'App\\Models\\Admin', 'updated', 50, 'App\\Models\\Admin', 1, '{\"attributes\":{\"username\":\"dulalfakir\",\"updated_by\":1,\"updated_at\":\"2023-02-16T15:15:47.000000Z\"},\"old\":{\"username\":\"dulalfakir@kbf.com\",\"updated_by\":null,\"updated_at\":\"2023-02-16T14:34:13.000000Z\"}}', NULL, '2023-02-16 15:15:47', '2023-02-16 15:15:47'),
(81, 'admins', 'updated', 'App\\Models\\Admin', 'updated', 77, 'App\\Models\\Admin', 1, '{\"attributes\":{\"branch_id\":78,\"updated_by\":1,\"updated_at\":\"2023-02-17T06:22:07.000000Z\"},\"old\":{\"branch_id\":79,\"updated_by\":null,\"updated_at\":\"2023-02-17T06:19:00.000000Z\"}}', NULL, '2023-02-17 06:22:07', '2023-02-17 06:22:07'),
(82, 'admins', 'updated', 'App\\Models\\Admin', 'updated', 1, NULL, NULL, '{\"attributes\":{\"remember_token\":\"FFbBFEtQDZwYKUurWQ5Os2cE8KvQiLiu5JqCjKx9UP12fDHFL2G1WwHGSXAk\"},\"old\":{\"remember_token\":\"2SiYOVNGuJIGoBynUUjEiwS7tC063yMUqLFRbpqrwYn8VPzqfKrA4yKcEL3c\"}}', NULL, '2023-02-17 10:29:53', '2023-02-17 10:29:53'),
(83, 'admins', 'updated', 'App\\Models\\Admin', 'updated', 88, 'App\\Models\\Admin', 1, '{\"attributes\":{\"title_en\":\"Alam\",\"username\":\"alamd@kbf.com\",\"email\":\"alamd@kbf.com\",\"updated_by\":1,\"updated_at\":\"2023-02-17T11:02:50.000000Z\"},\"old\":{\"title_en\":\"Alom\",\"username\":\"alom@kbf.com\",\"email\":\"alom@kbf.com\",\"updated_by\":null,\"updated_at\":\"2023-02-17T10:51:40.000000Z\"}}', NULL, '2023-02-17 11:02:50', '2023-02-17 11:02:50'),
(84, 'admins', 'updated', 'App\\Models\\Admin', 'updated', 1, NULL, NULL, '{\"attributes\":{\"remember_token\":\"hEYWBY1P85muMgLB5kGQcgPP6HTjXdySdhkfCRFwsulDiFO9RKqNWeD8dtfr\"},\"old\":{\"remember_token\":\"FFbBFEtQDZwYKUurWQ5Os2cE8KvQiLiu5JqCjKx9UP12fDHFL2G1WwHGSXAk\"}}', NULL, '2023-02-18 05:07:45', '2023-02-18 05:07:45'),
(85, 'users', 'users has been updated', 'App\\Models\\User', 'updated', 2, 'App\\Models\\Admin', 1, '{\"attributes\":{\"title_en\":\"Mahmud Enamul Kabir\",\"password\":\"$2y$10$t2aCDzt.QwtuDKuhdIJwG.NMnHxN8CUUrID2X199X1K2YlwWRbR4u\",\"updated_at\":\"2023-02-18T19:05:26.000000Z\"},\"old\":{\"title_en\":\"Mahmood Enamul Kabir\",\"password\":\"$2y$10$K.tbh0dKKlP46Tje9NIYcuQQXdTmal7I\\/8QNns.8WfqJ9Sy.mhfNO\",\"updated_at\":\"2023-02-14T16:03:33.000000Z\"}}', NULL, '2023-02-18 19:05:26', '2023-02-18 19:05:26'),
(86, 'users', 'users has been updated', 'App\\Models\\User', 'updated', 2, 'App\\Models\\Admin', 1, '{\"attributes\":{\"password\":\"$2y$10$3tRlfgRX5d3xk1CMXddTWO8.If59iZhGX.bWjhYT\\/QDKVJmfLhPve\",\"updated_at\":\"2023-02-18T19:08:33.000000Z\"},\"old\":{\"password\":\"$2y$10$t2aCDzt.QwtuDKuhdIJwG.NMnHxN8CUUrID2X199X1K2YlwWRbR4u\",\"updated_at\":\"2023-02-18T19:05:26.000000Z\"}}', NULL, '2023-02-18 19:08:33', '2023-02-18 19:08:33'),
(87, 'users', 'users has been deleted', 'App\\Models\\User', 'deleted', 3, 'App\\Models\\Admin', 1, '{\"old\":{\"id\":3,\"code\":\"M-035-000002\",\"association_id\":null,\"area_id\":null,\"division_id\":5,\"district_id\":49,\"upazila_id\":364,\"thana_id\":399,\"branch_id\":35,\"branch_unit_id\":32,\"name\":null,\"title_bn\":\"\\u09ae\\u09cb\\u0983 \\u09b8\\u09be\\u09a8\\u09be\\u0989\\u09b2\\u09cd\\u09b2\\u09be\\u09b9\",\"title_en\":\"d. We will\",\"contact\":\"01712616057\",\"branch_contact\":null,\"username\":\"01712616057\",\"email\":\"01712616057@mas.com\",\"email_verified_at\":\"2023-02-15T04:31:54.000000Z\",\"password\":\"$2y$10$PgXjjij10JDOR3\\/CNz.9a..JL6dlpwxQ0WgZbYzLZ03SHJufoPJge\",\"thumb\":null,\"nid\":null,\"credit\":0,\"debit\":0,\"total\":0,\"father_bn\":\"\\u09ae\\u09cb\\u0983 \\u0986\\u09ac\\u09cd\\u09a6\\u09c1\\u09b2 \\u099c\\u09ac\\u09cd\\u09ac\\u09be\\u09b0\",\"father_en\":\"Dr. Abdul Jabbar\",\"address_bn\":\"\\u0997\\u09c1\\u09b2\\u09ac\\u09be\\u099c, 6300\",\"address_en\":\"Gulbaz, 6300\",\"unit_detail_bn\":null,\"unit_detail_en\":null,\"bayat_date\":\"2023-02-01 00:00:00\",\"caliph_id\":12,\"vice_president_id\":20,\"president_id\":14,\"conditions\":\"[\\\"1\\\",\\\"2\\\",\\\"3\\\"]\",\"colors\":\"[\\\"1\\\"]\",\"user_code\":null,\"unit_code\":null,\"you_unit_code\":null,\"remember_token\":\"cbJtFzCRUK\",\"default\":0,\"walking\":0,\"status\":\"Active\",\"created_by\":1,\"updated_by\":null,\"created_at\":\"2023-02-15T04:31:56.000000Z\",\"updated_at\":\"2023-02-15T04:31:56.000000Z\"}}', NULL, '2023-02-19 11:40:04', '2023-02-19 11:40:04'),
(88, 'users', 'users has been deleted', 'App\\Models\\User', 'deleted', 4, 'App\\Models\\Admin', 1, '{\"old\":{\"id\":4,\"code\":\"M-049-000003\",\"association_id\":null,\"area_id\":null,\"division_id\":2,\"district_id\":15,\"upazila_id\":117,\"thana_id\":313,\"branch_id\":49,\"branch_unit_id\":52,\"name\":null,\"title_bn\":\"\\u09ae\\u09cb\\u0983 \\u09b6\\u09be\\u09ae\\u09c0\",\"title_en\":\"Md. Shami\",\"contact\":\"01766757195\",\"branch_contact\":null,\"username\":\"01766757195\",\"email\":\"01766757195@mas.com\",\"email_verified_at\":\"2023-02-19T10:58:24.000000Z\",\"password\":\"$2y$10$90fMzxR6NkMGPap.Ib\\/bkOCGFLOnHYBRwKwlOCtU\\/DPhwnU64cRum\",\"thumb\":null,\"nid\":null,\"credit\":0,\"debit\":0,\"total\":0,\"father_bn\":\"\\u09ae\\u09cb\\u0983 \\u09b8\\u09bf\\u09a6\\u09cd\\u09a6\\u09bf\\u0995 \\u0989\\u09b2\\u09cd\\u09b2\\u09be\\u09b9\",\"father_en\":\"Md. Siddik Ullah\",\"address_bn\":\"\\u09b0\\u09be\\u09ae\\u0997\\u099e\\u09cd\\u099c\",\"address_en\":\"Ramganj\",\"unit_detail_bn\":null,\"unit_detail_en\":null,\"bayat_date\":\"2023-02-19 00:00:00\",\"caliph_id\":12,\"vice_president_id\":64,\"president_id\":16,\"conditions\":\"[\\\"1\\\",\\\"3\\\",\\\"5\\\"]\",\"colors\":\"[\\\"2\\\"]\",\"user_code\":null,\"unit_code\":null,\"you_unit_code\":null,\"remember_token\":\"W266jli8pB\",\"default\":0,\"walking\":0,\"status\":\"Active\",\"created_by\":1,\"updated_by\":null,\"created_at\":\"2023-02-19T10:58:25.000000Z\",\"updated_at\":\"2023-02-19T10:58:25.000000Z\"}}', NULL, '2023-02-19 11:40:15', '2023-02-19 11:40:15'),
(89, 'users', 'users has been deleted', 'App\\Models\\User', 'deleted', 2, 'App\\Models\\Admin', 1, '{\"old\":{\"id\":2,\"code\":\"M-004-000001\",\"association_id\":null,\"area_id\":null,\"division_id\":9,\"district_id\":22,\"upazila_id\":173,\"thana_id\":235,\"branch_id\":4,\"branch_unit_id\":4,\"name\":null,\"title_bn\":\"\\u09ae\\u09be\\u09b9\\u09ae\\u09c1\\u09a6 \\u098f\\u09a8\\u09be\\u09ae\\u09c1\\u09b2 \\u0995\\u09ac\\u09bf\\u09b0\",\"title_en\":\"Mahmud Enamul Kabir\",\"contact\":\"01714008505\",\"branch_contact\":null,\"username\":\"01714008505\",\"email\":\"01714008505@mas.com\",\"email_verified_at\":\"2023-02-13T10:25:36.000000Z\",\"password\":\"$2y$10$3tRlfgRX5d3xk1CMXddTWO8.If59iZhGX.bWjhYT\\/QDKVJmfLhPve\",\"thumb\":\"user\\/2023\\/February\\/thumb-1-1676284067208.jpeg\",\"nid\":\"19683910783397091\",\"credit\":0,\"debit\":0,\"total\":0,\"father_bn\":\"\\u0986\\u09b6\\u09b0\\u09be\\u09ab \\u0986\\u09b2\\u09c0\",\"father_en\":\"Supervise me\",\"address_bn\":\"\\u0986\\u0987\\u09b0\\u09ae\\u09be\\u09b0\\u09c0\",\"address_en\":\"Airmari\",\"unit_detail_bn\":null,\"unit_detail_en\":null,\"bayat_date\":\"2021-10-15 00:00:00\",\"caliph_id\":11,\"vice_president_id\":18,\"president_id\":14,\"conditions\":\"[\\\"1\\\",\\\"2\\\",\\\"3\\\",\\\"4\\\",\\\"6\\\",\\\"7\\\"]\",\"colors\":\"[\\\"2\\\"]\",\"user_code\":null,\"unit_code\":null,\"you_unit_code\":null,\"remember_token\":\"XWCcIqBSkI\",\"default\":0,\"walking\":0,\"status\":\"Active\",\"created_by\":1,\"updated_by\":1,\"created_at\":\"2023-02-13T10:25:40.000000Z\",\"updated_at\":\"2023-02-18T19:08:33.000000Z\"}}', NULL, '2023-02-19 11:40:17', '2023-02-19 11:40:17'),
(90, 'admins', 'updated', 'App\\Models\\Admin', 'updated', 1, NULL, NULL, '{\"attributes\":{\"remember_token\":\"8Wr9VtA0XXLKfJGTDmJ08HapUmOuMohSM82DqmRWrSeEDB2uT6YEEbJ4Wt2B\"},\"old\":{\"remember_token\":\"hEYWBY1P85muMgLB5kGQcgPP6HTjXdySdhkfCRFwsulDiFO9RKqNWeD8dtfr\"}}', NULL, '2023-02-19 12:10:29', '2023-02-19 12:10:29'),
(91, 'users', 'users has been updated', 'App\\Models\\User', 'updated', 1, 'App\\Models\\Admin', 1, '{\"attributes\":{\"password\":\"$2y$10$IouxPWcjvtAGUp9cj1NDJ.7zPIcY5SBrdct3iZzm63sHImAD1frYe\",\"conditions\":\"[\\\"1\\\",\\\"2\\\"]\",\"colors\":\"[\\\"1\\\"]\",\"updated_by\":1,\"updated_at\":\"2023-02-19T12:18:32.000000Z\"},\"old\":{\"password\":\"$2y$10$pggcwkMD94iym3cj0raXeOq9BNYkpjQfmxkjysnTD4U6HzNO6XK1q\",\"conditions\":null,\"colors\":null,\"updated_by\":null,\"updated_at\":\"2023-02-19T12:11:26.000000Z\"}}', NULL, '2023-02-19 12:18:32', '2023-02-19 12:18:32'),
(92, 'users', 'users has been updated', 'App\\Models\\User', 'updated', 1, 'App\\Models\\Admin', 1, '{\"attributes\":{\"password\":\"$2y$10$RXr349IzPDI8pjta05F3D.PC9wAh06pPk8clyiC4tA1QpzmKBDG9.\",\"updated_at\":\"2023-02-19T12:18:48.000000Z\"},\"old\":{\"password\":\"$2y$10$IouxPWcjvtAGUp9cj1NDJ.7zPIcY5SBrdct3iZzm63sHImAD1frYe\",\"updated_at\":\"2023-02-19T12:18:32.000000Z\"}}', NULL, '2023-02-19 12:18:48', '2023-02-19 12:18:48'),
(93, 'users', 'users has been updated', 'App\\Models\\User', 'updated', 1, 'App\\Models\\Admin', 1, '{\"attributes\":{\"password\":\"$2y$10$JfA4UbE4Zs\\/0FB.HzsXite3j7RZBkrzkZROivxsu9ABvT7\\/OoMmKS\",\"thumb\":\"user\\/2023\\/February\\/thumb-1-167680942179.jpeg\",\"conditions\":\"[\\\"1\\\",\\\"2\\\",\\\"4\\\",\\\"6\\\"]\",\"colors\":\"[\\\"1\\\",\\\"3\\\"]\",\"updated_at\":\"2023-02-19T12:23:42.000000Z\"},\"old\":{\"password\":\"$2y$10$RXr349IzPDI8pjta05F3D.PC9wAh06pPk8clyiC4tA1QpzmKBDG9.\",\"thumb\":null,\"conditions\":\"[\\\"1\\\",\\\"2\\\"]\",\"colors\":\"[\\\"1\\\"]\",\"updated_at\":\"2023-02-19T12:18:48.000000Z\"}}', NULL, '2023-02-19 12:23:42', '2023-02-19 12:23:42'),
(94, 'users', 'users has been deleted', 'App\\Models\\User', 'deleted', 1, 'App\\Models\\Admin', 1, '{\"old\":{\"id\":1,\"code\":\"M-077-000001\",\"association_id\":null,\"area_id\":null,\"division_id\":1,\"district_id\":3,\"upazila_id\":20,\"thana_id\":33,\"branch_id\":77,\"branch_unit_id\":89,\"name\":null,\"title_bn\":\"kaedk\",\"title_en\":\"His envy\",\"contact\":\"01712616057\",\"branch_contact\":null,\"username\":\"01712616057\",\"email\":\"01712616057@mas.com\",\"email_verified_at\":\"2023-02-19T12:11:25.000000Z\",\"password\":\"$2y$10$JfA4UbE4Zs\\/0FB.HzsXite3j7RZBkrzkZROivxsu9ABvT7\\/OoMmKS\",\"thumb\":\"user\\/2023\\/February\\/thumb-1-167680942179.jpeg\",\"nid\":null,\"credit\":0,\"debit\":0,\"total\":0,\"father_bn\":\"asdf\",\"father_en\":\"seashell\",\"address_bn\":\"asdf\",\"address_en\":\"seashells\",\"unit_detail_bn\":null,\"unit_detail_en\":null,\"bayat_date\":\"2023-02-19 00:00:00\",\"caliph_id\":9,\"vice_president_id\":76,\"president_id\":16,\"conditions\":\"[\\\"1\\\",\\\"2\\\",\\\"4\\\",\\\"6\\\"]\",\"colors\":\"[\\\"1\\\",\\\"3\\\"]\",\"user_code\":null,\"unit_code\":null,\"you_unit_code\":null,\"remember_token\":\"YyPr5anIqI\",\"default\":0,\"walking\":0,\"status\":\"Active\",\"created_by\":1,\"updated_by\":1,\"created_at\":\"2023-02-19T12:11:26.000000Z\",\"updated_at\":\"2023-02-19T12:23:42.000000Z\"}}', NULL, '2023-02-19 12:24:10', '2023-02-19 12:24:10'),
(95, 'users', 'users has been updated', 'App\\Models\\User', 'updated', 1, 'App\\Models\\Admin', 1, '{\"attributes\":{\"password\":\"$2y$10$Tcap6fyxCB39VfjcMcfpwOW8z\\/oKeCSyAAw8Ost5eVBCsxMgd1ixK\",\"father_en\":\"Spend me\",\"updated_by\":1,\"updated_at\":\"2023-02-19T13:14:53.000000Z\"},\"old\":{\"password\":\"$2y$10$9uJt9CgVo9SHDvUI.Nb7iu1YQbzgjpX1zr1sWHeoaFeIQr9JFXhZS\",\"father_en\":\"Supervise me\",\"updated_by\":null,\"updated_at\":\"2023-02-19T12:41:15.000000Z\"}}', NULL, '2023-02-19 13:14:53', '2023-02-19 13:14:53'),
(96, 'users', 'users has been updated', 'App\\Models\\User', 'updated', 1, 'App\\Models\\Admin', 1, '{\"attributes\":{\"title_en\":\"Mahmud Anamul Kabir\",\"password\":\"$2y$10$AK3FbtZw.Y8CST4YYPN3euvStlfiNIjWObxp8Mo02ZECN4jzSamL6\",\"father_en\":\"Asraf Ali\",\"updated_at\":\"2023-02-19T13:30:55.000000Z\"},\"old\":{\"title_en\":\"Mahmud Enamul Kabir\",\"password\":\"$2y$10$Tcap6fyxCB39VfjcMcfpwOW8z\\/oKeCSyAAw8Ost5eVBCsxMgd1ixK\",\"father_en\":\"Spend me\",\"updated_at\":\"2023-02-19T13:14:53.000000Z\"}}', NULL, '2023-02-19 13:30:55', '2023-02-19 13:30:55');

-- --------------------------------------------------------

--
-- Table structure for table `admins`
--

CREATE TABLE `admins` (
  `id` int UNSIGNED NOT NULL,
  `user_type_id` int UNSIGNED DEFAULT NULL,
  `role_id` int UNSIGNED DEFAULT NULL,
  `association_id` mediumint UNSIGNED DEFAULT NULL,
  `area_id` mediumint UNSIGNED DEFAULT NULL,
  `division_id` mediumint UNSIGNED DEFAULT NULL,
  `district_id` mediumint UNSIGNED DEFAULT NULL,
  `upazila_id` mediumint UNSIGNED DEFAULT NULL,
  `branch_id` bigint UNSIGNED DEFAULT NULL,
  `branch_unit_id` bigint UNSIGNED DEFAULT NULL,
  `code` varchar(255) CHARACTER SET utf8mb4 COLLATE utf8mb4_unicode_ci DEFAULT NULL,
  `name` varchar(255) CHARACTER SET utf8mb4 COLLATE utf8mb4_unicode_ci DEFAULT NULL,
  `title_bn` varchar(255) CHARACTER SET utf8mb4 COLLATE utf8mb4_unicode_ci DEFAULT NULL,
  `title_en` varchar(255) CHARACTER SET utf8mb4 COLLATE utf8mb4_unicode_ci DEFAULT NULL,
  `office_bn` varchar(255) CHARACTER SET utf8mb4 COLLATE utf8mb4_unicode_ci DEFAULT NULL,
  `office_en` varchar(255) CHARACTER SET utf8mb4 COLLATE utf8mb4_unicode_ci DEFAULT NULL,
  `address_bn` varchar(255) CHARACTER SET utf8mb4 COLLATE utf8mb4_unicode_ci DEFAULT NULL,
  `address_en` varchar(255) CHARACTER SET utf8mb4 COLLATE utf8mb4_unicode_ci DEFAULT NULL,
  `contact` varchar(13) CHARACTER SET utf8mb4 COLLATE utf8mb4_unicode_ci DEFAULT '01*********',
  `username` varchar(255) CHARACTER SET utf8mb4 COLLATE utf8mb4_unicode_ci NOT NULL,
  `email` varchar(255) CHARACTER SET utf8mb4 COLLATE utf8mb4_unicode_ci NOT NULL,
  `area` longtext CHARACTER SET utf8mb4 COLLATE utf8mb4_bin,
  `email_verified_at` timestamp NULL DEFAULT NULL,
  `password` varchar(255) CHARACTER SET utf8mb4 COLLATE utf8mb4_unicode_ci DEFAULT '$2y$10$Gkvr53MZBrPViW8jKqjq/.3wW7pnzUDZZ61qHUBHh62gCzICJB7We',
  `thumb` varchar(128) CHARACTER SET utf8mb4 COLLATE utf8mb4_unicode_ci DEFAULT NULL,
  `remember_token` varchar(100) CHARACTER SET utf8mb4 COLLATE utf8mb4_unicode_ci DEFAULT NULL,
  `status` tinyint NOT NULL DEFAULT '1',
  `created_by` int DEFAULT NULL,
  `updated_by` int DEFAULT NULL,
  `created_at` timestamp NULL DEFAULT NULL,
  `updated_at` timestamp NULL DEFAULT NULL
) ENGINE=InnoDB DEFAULT CHARSET=utf8mb4 COLLATE=utf8mb4_0900_ai_ci;

--
-- Dumping data for table `admins`
--

INSERT INTO `admins` (`id`, `user_type_id`, `role_id`, `association_id`, `area_id`, `division_id`, `district_id`, `upazila_id`, `branch_id`, `branch_unit_id`, `code`, `name`, `title_bn`, `title_en`, `office_bn`, `office_en`, `address_bn`, `address_en`, `contact`, `username`, `email`, `area`, `email_verified_at`, `password`, `thumb`, `remember_token`, `status`, `created_by`, `updated_by`, `created_at`, `updated_at`) VALUES
(1, 1, 1, NULL, NULL, 3, 18, 117, NULL, NULL, '1', 'Mr.Master Admin', '  ', 'Mr.Master Admin', '  ', 'Master Admin Office', '  ,  , ', 'Master Admin Office, West Agargaon, Dhaka', '01700000000', '1001', 'superadmin@kbf.com', NULL, '2022-07-18 14:01:35', '$2y$10$Gkvr53MZBrPViW8jKqjq/.3wW7pnzUDZZ61qHUBHh62gCzICJB7We', NULL, '8Wr9VtA0XXLKfJGTDmJ08HapUmOuMohSM82DqmRWrSeEDB2uT6YEEbJ4Wt2B', 1, NULL, 1, '2022-07-18 14:01:35', '2022-07-18 16:10:02'),
(2, 2, 2, NULL, NULL, 3, 18, 117, NULL, NULL, '2', 'Mr.System Admin', '  ', 'Mr.System Admin', '  ', 'System Admin Office', '  ,  , ', 'System Admin Office, West Agargaon, Dhaka', '01700000000', '2001', 'systemadmin@kbf.com', NULL, '2022-07-18 14:01:35', '$2y$10$Gkvr53MZBrPViW8jKqjq/.3wW7pnzUDZZ61qHUBHh62gCzICJB7We', NULL, '66XUsklleU', 1, NULL, 1, '2022-07-18 14:01:36', '2022-07-18 16:12:04'),
(3, 3, 3, NULL, NULL, 3, 18, 117, NULL, NULL, '3', 'Mr.ADMIN', ' ', 'Mr.Admin', ' ', 'Admin Office', ' ,  , ', 'A Admin Office, West Agargaon, Dhaka', '01700000000', 'ADMIN', 'admin@kbf.com', NULL, '2022-07-18 14:01:36', '$2y$10$Gkvr53MZBrPViW8jKqjq/.3wW7pnzUDZZ61qHUBHh62gCzICJB7We', NULL, 'Fkqhxxvdkw9NUGIfcCy0Tg1rNRcniNCayghbgsGdBUmRDQq4YLIxBhIJAjqs', 1, NULL, 1, '2022-07-18 14:01:36', '2022-12-05 17:55:28'),
(9, 7, 7, 2, 6, 9, 22, 173, 49, NULL, '9', NULL, '   (:)', 'Hazrat Khajar Bashir (RA)', NULL, NULL, NULL, NULL, '01900000000', 'caliph-1', 'caliph-1@kbf.com', NULL, '2023-02-13 08:28:38', '$2y$10$WmcvMf8Dh6tvtN0VAZaVbOZGXwxyKEjwZFbOYKFk9254Q/2i.wTCm', NULL, 'AtPq3U4O98', 1, 1, 1, '2023-02-13 08:28:39', '2023-02-16 14:39:58'),
(10, 7, 7, 2, 6, 9, 22, 173, 49, NULL, '10', NULL, '   ()', 'Hazrat Shaheed Khaja (RA)', NULL, NULL, NULL, NULL, '01900000000', 'caliph-2', 'caliph-2@kbf.com', NULL, '2023-02-13 09:36:33', '$2y$10$UzlIux4dtcbqo8yEerbq7emt/z3gw.7qgIo.AxKdyqhGdyEX4Rzne', NULL, 'zSEfk053La', 1, 1, 1, '2023-02-13 09:36:33', '2023-02-16 14:41:06'),
(11, 7, 7, 2, 6, 9, 22, 173, 49, NULL, '11', NULL, '   ()', 'Hazrat Khaja Nasirullah (RA)', NULL, NULL, NULL, NULL, '01900000000', 'caliph-3', 'caliph-3@kbf.com', NULL, '2023-02-13 09:39:07', '$2y$10$NE6mSleZO7G35CcfQQ1kRuWLfCA7guF7H9NVOeSjctqfzzpW5Uqce', NULL, 'iwuGYHPder', 1, 1, 1, '2023-02-13 09:39:07', '2023-02-16 14:42:06'),
(12, 7, 7, 2, 6, 9, 22, 173, 49, NULL, '12', NULL, '  (..)', 'Khaja Tawhidullah (M.G.A.)', NULL, NULL, NULL, NULL, '01900000000', 'caliph-4', 'caliph-4@kbf.com', NULL, '2023-02-13 09:42:37', '$2y$10$A2zVDQrRYXY011pCrkML4uM9SUpg1nMjidMSrtfkqA0ex5V4KVLlu', NULL, 'nPNYl97Ygg', 1, 1, 1, '2023-02-13 09:42:37', '2023-02-16 14:43:22'),
(13, 5, 5, 2, 4, 3, 18, 153, 13, NULL, '13', NULL, '', 'Aktaruzzaman', NULL, NULL, NULL, NULL, '01724665433', 'aktaruzzaman', 'aktaruzzaman@kbf.com', NULL, '2023-02-13 09:49:38', '$2y$10$.kV1EfdqTQOscTKZ8PK6qOP3EFIUPRgN2zckrRygznFQYGfkGppHK', NULL, 'KpGsgB6ndc', 1, 1, 1, '2023-02-13 09:49:38', '2023-02-16 14:46:27'),
(14, 5, 5, 2, 3, 9, 22, 175, 40, NULL, '14', NULL, ' ', 'Hasen Fakir', NULL, NULL, NULL, NULL, '01900000000', 'hasenfakir', 'hasenfakir@kbf.com', NULL, '2023-02-13 09:51:42', '$2y$10$DCNt4qQU1KREFPsCH4W.4uqFOCnStyAPJSLXolBxtT4aZGM7hV9l2', NULL, 'mrafrN3Mvt', 1, 1, 1, '2023-02-13 09:51:42', '2023-02-16 14:48:58'),
(15, 5, 5, 2, 5, 9, 33, 257, 36, NULL, '15', NULL, ' ', 'Mofizul Haque', NULL, NULL, NULL, NULL, '01928567448', 'mofizulhaque', 'mofizulhaque@kbf.com', NULL, '2023-02-13 09:53:30', '$2y$10$.O7.TnLpFhAFghkBhxAp4.tZtRQkwliRBFdlsHubJSXOBHYgJ2r3e', NULL, 'lUh4UaOToZ', 1, 1, 1, '2023-02-13 09:53:30', '2023-02-16 14:50:53'),
(16, 5, 5, 2, 6, 9, 22, 175, 49, NULL, '16', NULL, '  ', 'Harun-Or-Rashid', NULL, NULL, NULL, NULL, '01937311624', 'rarunorrashid', 'rarunorrashid@kbf.com', NULL, '2023-02-13 09:56:24', '$2y$10$o2zusJ.e4es3S.Bw7DI5G.5oX3xW5BjOSmQy8Wn3wsX897Ioe94Im', NULL, 'skxKCa7Jmg', 1, 1, 1, '2023-02-13 09:56:24', '2023-02-16 14:53:09'),
(17, 5, 5, 2, 7, 9, 22, 176, 52, NULL, '17', NULL, '  ', 'Nizam Uddin Ahmed', NULL, NULL, NULL, NULL, '01911636275', 'nizamuddinahmed', 'nizamuddinahmed@kbf.com', NULL, '2023-02-13 09:58:08', '$2y$10$Z6RcEBLJ03JX4WsrvyyVnuWq.5tnvaXVCrJn5jOFKW0AOqlrmQ3vq', NULL, 'UopH8jqDfF', 1, 1, 1, '2023-02-13 09:58:08', '2023-02-16 14:55:30'),
(18, 6, 6, 2, 3, 9, 22, 173, 4, NULL, '18', NULL, ' ', 'Khokon Mia', NULL, NULL, NULL, NULL, '01943817351', 'khokonmia', 'khokonmia@kbf.com', NULL, '2023-02-13 10:01:24', '$2y$10$rsJJfdrgk0UYHLILcB66OOJoLz7me0m31H0Mwo2o3Zd.o18ITcILu', NULL, 'Crn2Ivn4vy', 1, 1, 1, '2023-02-13 10:01:25', '2023-02-16 14:56:28'),
(19, 6, 6, 2, 3, 9, 22, 173, 8, NULL, '19', NULL, ' ', 'Abdul Haque', NULL, NULL, NULL, NULL, '01934799380', 'abdulhaque', 'abdulhaque@kbf.com', NULL, '2023-02-14 15:50:49', '$2y$10$H9ljiS/eYCjtyW7v7WcHiuwm5DwrjInpw7vr.PrxuDqePdqYdMhse', NULL, 'XQaLhHi8ZJ', 1, 1, 1, '2023-02-14 15:50:50', '2023-02-16 14:57:10'),
(20, 6, 6, 2, 3, 9, 22, 175, 35, NULL, '20', NULL, ' ', 'Fazlu Hoque', NULL, NULL, NULL, NULL, '01984602606', 'fazluhoque', 'fazluhoque@kbf.com', NULL, '2023-02-14 15:58:45', '$2y$10$D.92jqW.aGus1ThxdxOqLeBUuwPVvCOPh9MC5Tdc1zAjmBCwfkMcK', NULL, 'vHLtq6BEG1', 1, 1, 1, '2023-02-14 15:58:45', '2023-02-16 14:58:04'),
(21, 6, 6, 2, 3, 9, 22, 173, 5, NULL, '21', NULL, '', 'Thandu', NULL, NULL, NULL, NULL, '01967764520', 'thandu', 'thandu@kbf.com', NULL, '2023-02-16 05:34:30', '$2y$10$7cfIw5wqnhaDPQKf56dNM.dua6On2QnuAFcVPGcR7fLBOqbdu2fJ6', NULL, 'JqCVBEmuEl', 1, 1, 1, '2023-02-16 05:34:30', '2023-02-16 15:00:15'),
(22, 6, 6, 2, 3, 9, 22, 173, 6, NULL, '22', NULL, ' ', 'Gias Uddin', NULL, NULL, NULL, NULL, '01900000000', 'giasuddin', 'giasuddin@kbf.com', NULL, '2023-02-16 05:40:03', '$2y$10$Ub9ldR5NOworRzegaMnvqeSjlD2Ysoyb4XP/13u0zUfIDtuugzYqu', NULL, 'LnTX36YdO0', 1, 1, 1, '2023-02-16 05:40:03', '2023-02-16 15:00:59'),
(23, 6, 6, 2, 3, 9, 22, 173, 3, NULL, '23', NULL, ' ', 'Salam Master', NULL, NULL, NULL, NULL, '01900000000', 'salammaster', 'salammaster@kbf.com', NULL, '2023-02-16 05:43:55', '$2y$10$Sm75ZFx2nVLMIJ6348/EKuxVbDOSJQe0iNsoObzxsRlqfF5y5jE0e', NULL, '7Mkm1CddlA', 1, 1, 1, '2023-02-16 05:43:55', '2023-02-16 15:01:29'),
(24, 6, 6, 2, 3, 9, 22, 173, 7, NULL, '24', NULL, '', 'Aminul', NULL, NULL, NULL, NULL, '01900000000', 'aminul', 'aminul@kbf.com', NULL, '2023-02-16 05:46:56', '$2y$10$2Pm1O.fZzFJdSbG1qcCScOC5X8pQA3Qy7p9n3AqI40uhiAjEf/COC', NULL, 'cnllqJST4h', 1, 1, 1, '2023-02-16 05:46:56', '2023-02-16 15:02:12'),
(25, 6, 6, 2, 3, 9, 22, 175, 9, NULL, '25', NULL, '', 'Musharraf', NULL, NULL, NULL, NULL, '01900000000', 'musharraf', 'musharraf@kbf.com', NULL, '2023-02-16 05:59:27', '$2y$10$SG51EVlSSTTzbOABG5ecQO8TmpoImjBobqrX/9Vr7E.D87Cykp1Oe', NULL, 'dvV3PZn7mE', 1, 1, 1, '2023-02-16 05:59:27', '2023-02-16 15:02:47'),
(26, 6, 6, 2, 3, 9, 22, 173, 19, NULL, '26', NULL, ' ', 'Zakir Hossain', NULL, NULL, NULL, NULL, '01900000000', 'zakirhossain', 'zakirhossain@kbf.com', NULL, '2023-02-16 06:04:21', '$2y$10$iSDgFQIfUiAFNMRX2wJgKOt5V1ZzgbsPLpigCsGwl8/h0lerW1vFK', NULL, 'HsfkQIQaL2', 1, 1, 1, '2023-02-16 06:04:21', '2023-02-16 15:03:15'),
(27, 6, 6, 2, 3, 9, 22, 173, 19, NULL, '27', NULL, ' ', 'Nur Hossain', NULL, NULL, NULL, NULL, '01925086930', 'nurhossain', 'nurhossain@kbf.com', NULL, '2023-02-16 06:09:18', '$2y$10$EL21.h1ETAo/j6NtOGceWOdlb64VClmsiYeAxtjPX.80m/VIzb4GK', NULL, 'IyTtmyhuWw', 1, 1, 1, '2023-02-16 06:09:18', '2023-02-16 15:03:48'),
(28, 6, 6, 2, 3, 9, 22, 173, 23, NULL, '28', NULL, ' ', 'Shukkur Ali', NULL, NULL, NULL, NULL, '01922250150', 'shukkurali', 'shukkurali@kbf.com', NULL, '2023-02-16 06:14:30', '$2y$10$KM8hCC3AnOP5N6z2U725Dee/2BxBGnOrjG0BnXRNdneyO0j6Cze5i', NULL, 'WoV5Ka8oGx', 1, 1, 1, '2023-02-16 06:14:30', '2023-02-16 15:04:44'),
(29, 6, 6, 2, 3, 9, 22, 173, 24, NULL, '29', NULL, ' ', 'Abul Kashem', NULL, NULL, NULL, NULL, '01932889895', 'abulkashem', 'abulkashem@kbf.com', NULL, '2023-02-16 06:23:05', '$2y$10$ytu4kjoWo6fs7I/qHhpUmu55aF3UA5WkoU1ZLRQql2Ar6Qom9xTR6', NULL, 'cw1XgrkTJb', 1, 1, 1, '2023-02-16 06:23:05', '2023-02-16 15:05:32'),
(30, 6, 6, 2, 3, 9, 22, 173, 26, NULL, '30', NULL, ' ', 'Khoranu Miah', NULL, NULL, NULL, NULL, '01900000000', 'khoranumiah', 'khoranumiah@kbf.com', NULL, '2023-02-16 06:27:21', '$2y$10$fJWU3LUbbEchsw8veKBpieSqYWKkerqeldyB9CXUnlAkZlQZpqao2', NULL, 'v03NYR8k6W', 1, 1, 1, '2023-02-16 06:27:21', '2023-02-16 15:06:00'),
(31, 6, 6, 2, 3, 9, 22, 175, 28, NULL, '31', NULL, ' ', 'Abdus Salam', NULL, NULL, NULL, NULL, '01900000000', 'abdussalam', 'abdussalam@kbf.com', NULL, '2023-02-16 06:30:01', '$2y$10$AgyL4UaTGGrBSoVeeoH78Ou3l4OaC8anfgPoRFr0hojN7LNWiDbh2', NULL, 'amSztBXvQ6', 1, 1, 1, '2023-02-16 06:30:01', '2023-02-16 15:06:39'),
(32, 6, 6, 2, 3, 9, 22, 175, 28, NULL, '32', NULL, ' ', 'Shaij Uddin', NULL, NULL, NULL, NULL, '01990771087', 'shaijuddin', 'shaijuddin@kbf.com', NULL, '2023-02-16 06:34:16', '$2y$10$vCNsXvzkZaJIq4ChH86Qc.G1zMcBA.aX4xDjOT5deGmMan0vrz7iK', NULL, '8aPgduhgvx', 1, 1, 1, '2023-02-16 06:34:17', '2023-02-16 15:07:39'),
(33, 6, 6, 2, 3, 9, 22, 175, 32, NULL, '33', NULL, ' ', 'Kofil Uddin', NULL, NULL, NULL, NULL, '01900000000', 'kofiluddin', 'kofiluddin@kbf.com', NULL, '2023-02-16 06:37:39', '$2y$10$v.eV1BcTlQX69xGWT1kFLOIdtcB0B9ow6J2PSZG5H3iaISBYNiIyC', NULL, 'QroHBtoZmq', 1, 1, 1, '2023-02-16 06:37:39', '2023-02-16 15:08:17'),
(34, 6, 6, 2, 3, 9, 22, 173, 37, NULL, '34', NULL, ' ', 'Sada Miah', NULL, NULL, NULL, NULL, '01830729517', 'sadamiah', 'sadamiah@kbf.com', NULL, '2023-02-16 06:45:37', '$2y$10$9jZH85maACaD2ZP2UEEXbOtwAvrzIYhXrqvRX5VsbZ9Z5Jp29M9x.', NULL, 'pyU6y7GX9C', 1, 1, 1, '2023-02-16 06:45:37', '2023-02-16 15:09:01'),
(35, 6, 6, 2, 3, 9, 22, 175, 40, NULL, '35', NULL, '', 'Shahjahan', NULL, NULL, NULL, NULL, '01933734016', 'shahjahan', 'shahjahan@kbf.com', NULL, '2023-02-16 07:19:09', '$2y$10$3NoCcUzeATzk785UjsirbednlsPwACJhwC6Yi5r4zakLFTdWkUf6i', NULL, 'LFfuKSTwKY', 1, 1, 1, '2023-02-16 07:19:09', '2023-02-16 15:09:45'),
(36, 6, 6, 2, 3, 9, 22, 173, 42, NULL, '36', NULL, ' ', 'Musa Alam', NULL, NULL, NULL, NULL, '01900000000', 'musaalam', 'musaalam@kbf.com', NULL, '2023-02-16 07:24:11', '$2y$10$nQ48D4t14rn9Sh99flQCru5n8oJGBcYQg6rqp0oALVImghnVNO3KG', NULL, 'TbhOG3Acya', 1, 1, 1, '2023-02-16 07:24:11', '2023-02-16 15:10:11'),
(37, 6, 6, 2, 3, 9, 22, 173, 44, NULL, '37', NULL, ' ', 'Jalal Miah', NULL, NULL, NULL, NULL, '01900000000', 'jalalmiah', 'jalalmiah@kbf.com', NULL, '2023-02-16 07:26:56', '$2y$10$9LLV3DVdG0vJ/2C899ryOOdCnFUVpQHyFsIH2.xNgP462Sy..5klW', NULL, 'GTMJOWDr6R', 1, 1, 1, '2023-02-16 07:26:56', '2023-02-16 15:10:41'),
(38, 6, 6, 2, 3, 9, 22, 175, 46, NULL, '38', NULL, '', 'Sadu', NULL, NULL, NULL, NULL, '01900000000', 'sadu', 'sadu@kbf.com', NULL, '2023-02-16 07:30:33', '$2y$10$z7w9OyfWVtBWKd9bdy8nSe/RGXtKGd4P0iIIqtJgcTJfPz76P.xMu', NULL, 'LeYvQSjIAb', 1, 1, 1, '2023-02-16 07:30:33', '2023-02-16 15:11:15'),
(39, 6, 6, 2, 4, 3, 25, 201, 10, NULL, '39', NULL, ' ', 'Abdus Samad', NULL, NULL, NULL, NULL, '01679893657', 'abdussamad', 'abdussamad@kbf.com', NULL, '2023-02-16 07:46:45', '$2y$10$p5A39/LIOn4ZOXCkzSOpD.U6MT69zA75mgf.E/FclMRzEtDCzu0A2', NULL, '5K9hxvpmXL', 1, 1, 1, '2023-02-16 07:46:45', '2023-02-16 15:11:41'),
(40, 6, 6, 2, 4, 3, 20, 167, 11, NULL, '40', NULL, ' ', 'Nur Islam', NULL, NULL, NULL, NULL, '01319650260', 'nurislam', 'nurislam@kbf.com', NULL, '2023-02-16 13:01:14', '$2y$10$0JmJVVUgdVaWZq1nhP4f3.HaDTrL161L58Cu5BkvklArU5yt3vEL6', NULL, 'ylFjGgMD3U', 1, 1, 1, '2023-02-16 13:01:15', '2023-02-16 15:12:04'),
(41, 6, 6, 2, 4, 3, 20, 167, 12, NULL, '41', NULL, ' ', 'Chan Miah', NULL, NULL, NULL, NULL, '01624674074', 'chanmiah', 'chanmiah@kbf.com', NULL, '2023-02-16 13:04:49', '$2y$10$mQZ8NRKUSCbMGBJGPwtCL.zE.P10fa2P9QO/NvfwMunBM3aRqfd.y', NULL, 'xtAZ8x08mx', 1, 1, 1, '2023-02-16 13:04:49', '2023-02-16 15:12:21'),
(42, 6, 6, 2, 4, 3, 20, 167, 13, NULL, '42', NULL, '', 'Alam', NULL, NULL, NULL, NULL, '01793774927', 'alam', 'alam@kbf.com', NULL, '2023-02-16 13:08:29', '$2y$10$U0MaQdP5z2gtiCk.b9eC6eZ3ZD/oIw0IFRAhwlDt.bzUssA9s6PJG', NULL, '7hR9ibkdCK', 1, 1, 1, '2023-02-16 13:08:29', '2023-02-16 15:12:42'),
(43, 6, 6, 2, 4, 9, 27, 213, 14, NULL, '43', NULL, ' ', 'Taiz Uddin', NULL, NULL, NULL, NULL, '01920599276', 'taizuddin', 'taizuddin@kbf.com', NULL, '2023-02-16 13:12:42', '$2y$10$9Jn53eCl3eD9cwkoj3Oiz.Eyw464/8p6zKcp2ErfNkmtvyupcDpQa', NULL, 'Wbuvv9EXDI', 1, 1, 1, '2023-02-16 13:12:42', '2023-02-16 15:13:03'),
(44, 6, 6, 2, 4, 3, 18, 153, 15, NULL, '44', NULL, ' ', 'Oli Ahad', NULL, NULL, NULL, NULL, '01939795224', 'oliahad', 'oliahad@kbf.com', NULL, '2023-02-16 13:17:27', '$2y$10$MoRsTtthXEIYZgPF77fnUOq2GiL2w7FzPT2NHvnNJkKp4m4Pkoys6', NULL, 'IKWnKCucja', 1, 1, 1, '2023-02-16 13:17:27', '2023-02-16 15:13:25'),
(45, 6, 6, 2, 4, 3, 18, 153, 16, NULL, '45', NULL, ' ', 'Shahinoor Biplob', NULL, NULL, NULL, NULL, '01711488447', 'shahinoorbiplob', 'shahinoorbiplob@kbf.com', NULL, '2023-02-16 13:25:24', '$2y$10$5ks4Qt1dF21ABfFGNYkhhOvnGZh5Z0QkpD3WksIq3ROQ4022FCtUu', NULL, 'uhrFZNVdSC', 1, 1, 1, '2023-02-16 13:25:24', '2023-02-16 15:13:49'),
(46, 6, 6, 2, 4, 3, 18, 153, 17, NULL, '46', NULL, ' ', 'Abdul Quddus', NULL, NULL, NULL, NULL, '01749392979', 'abdulquddus', 'abdulquddus@kbf.com', NULL, '2023-02-16 13:31:04', '$2y$10$OLD/f6aSrtmn/UoE7QpF7OnTvpwE99OHnkIlw9zbNiDHt67ymO4se', NULL, 'MQFxceIgIl', 1, 1, 1, '2023-02-16 13:31:04', '2023-02-16 15:14:32'),
(47, 6, 6, 2, 4, 3, 18, 142, 18, NULL, '47', NULL, ' ', 'Abdus Salam', NULL, NULL, NULL, NULL, '01819455068', 'salam', 'salam@kbf.com', NULL, '2023-02-16 13:37:24', '$2y$10$426dKY0IQJgEGU8W8.WKY.jFmlR8gt5fO6j0cbFdUYdMms6pqnMIe', NULL, 'wvneDiTs0T', 1, 1, 1, '2023-02-16 13:37:25', '2023-02-16 15:14:51'),
(48, 6, 6, 2, 4, 3, 18, 139, 20, NULL, '48', NULL, ' ', 'Dulal Hossain', NULL, NULL, NULL, NULL, '01930018385', 'dulalhossain', 'dulalhossain@kbf.com', NULL, '2023-02-16 13:41:44', '$2y$10$4CbvAEMpBle8rA7nbItwNebeDsieRvxho38kGwMAOMjfr9KVw69CC', NULL, 'a927ONIiGg', 1, 1, 1, '2023-02-16 13:41:44', '2023-02-16 15:15:09'),
(49, 6, 6, 2, 4, 3, 20, 164, 22, NULL, '49', NULL, ' ', 'Abdur Rahim', NULL, NULL, NULL, NULL, '01900000000', 'abdurrahim', 'abdurrahim@kbf.com', NULL, '2023-02-16 14:31:05', '$2y$10$ujgccf0AhhSp06jbHsxhZuxKfrFfsVmyfYvCnAUF.mc6wn0qqYqFK', NULL, 'UFZ4GpoSeV', 1, 1, 1, '2023-02-16 14:31:05', '2023-02-16 15:15:29'),
(50, 6, 6, 2, 4, 3, 18, 139, 25, NULL, '50', NULL, ' ', 'Dulal Fakir', NULL, NULL, NULL, NULL, '01963008148', 'dulalfakir', 'dulalfakir@kbf.com', NULL, '2023-02-16 14:34:13', '$2y$10$wM2oldOy09J8zRm1oxBUjeOJ0iOHHvsaM2K8l3J1GQJk8.b2pQsJO', NULL, 'OVIsCISF5H', 1, 1, 1, '2023-02-16 14:34:13', '2023-02-16 15:15:47'),
(51, 6, 6, 2, 5, 9, 33, 255, 27, NULL, '51', NULL, '', 'Almas', NULL, NULL, NULL, NULL, '01900000000', 'almas@kbf.com', 'almas@kbf.com', NULL, '2023-02-17 03:07:37', '$2y$10$sjwIgyr6Fxk/omzRSA/h4.8dH3kqWnXgBOYvhF24JJilDcGlEkc7u', NULL, '9zxVfaPfwr', 1, 1, NULL, '2023-02-17 03:07:37', '2023-02-17 03:07:37'),
(52, 6, 6, 2, 5, 9, 33, 255, 29, NULL, '52', NULL, '', 'Bahadur', NULL, NULL, NULL, NULL, '01900000000', 'bahadur@kbf.com', 'bahadur@kbf.com', NULL, '2023-02-17 03:11:38', '$2y$10$pZq6aGR6/KhU.mXFD11He.51yE1r3DQqicz3oviWZ9WtsIrW7nDN2', NULL, 'HJn4SUPkMX', 1, 1, NULL, '2023-02-17 03:11:38', '2023-02-17 03:11:38'),
(53, 6, 6, 2, 5, 9, 33, 257, 31, NULL, '53', NULL, '', 'Ismail', NULL, NULL, NULL, NULL, '01900000000', 'ismail@kbf.com', 'ismail@kbf.com', NULL, '2023-02-17 03:14:53', '$2y$10$cVKdBHnPg7D.XSlrHUfqlO9J4.Yxchc.9vvYAxYi.9eE7n04ehuPq', NULL, 'i9h68lGsIx', 1, 1, NULL, '2023-02-17 03:14:53', '2023-02-17 03:14:53'),
(54, 6, 6, 2, 5, 9, 33, 257, 33, NULL, '54', NULL, ' ', 'Abdul Jobbar', NULL, NULL, NULL, NULL, '01900000000', 'abduljobbar@kbf.com', 'abduljobbar@kbf.com', NULL, '2023-02-17 03:19:06', '$2y$10$V55aTTpTm9ppxr8GE02htO3rjcipkuNWbVaX11m0puh55jseUTUTS', NULL, 'EJUaLCvqy7', 1, 1, NULL, '2023-02-17 03:19:06', '2023-02-17 03:19:06'),
(55, 6, 6, 2, 5, 9, 33, 257, 34, NULL, '55', NULL, ' ', 'Amzad Hossain', NULL, NULL, NULL, NULL, '01900000000', 'amzadhossain@kbf.com', 'amzadhossain@kbf.com', NULL, '2023-02-17 03:23:28', '$2y$10$J9dKjPfhiEPku4vWwESya.YgOIiKTFAH13dFMafdYA994NuOfNa4i', NULL, 'XhOfSUwmGT', 1, 1, NULL, '2023-02-17 03:23:28', '2023-02-17 03:23:28'),
(56, 6, 6, 2, 5, 9, 33, 257, 36, NULL, '56', NULL, ' ', 'Abdur Rahim', NULL, NULL, NULL, NULL, '01900000000', 'arahim@kbf.com', 'arahim@kbf.com', NULL, '2023-02-17 03:26:56', '$2y$10$YskZ08e8Khlb2IJsHe0ZTeec0xLWvH9b8uaf8K4ycbP96xm6r5Q/e', NULL, 'yl8Ybsu6Jv', 1, 1, NULL, '2023-02-17 03:26:56', '2023-02-17 03:26:56'),
(57, 6, 6, 2, 5, 9, 33, 257, 38, NULL, '57', NULL, ' ', 'Asmot Ali', NULL, NULL, NULL, NULL, '01900000000', 'asmotali@kbf.com', 'asmotali@kbf.com', NULL, '2023-02-17 03:30:08', '$2y$10$0RNRcbzrHJWH1eYpm0gb/ukWlEf0DdkQpn/I5nrLliEYfpUXxT1QW', NULL, 'RxiWnm3FRG', 1, 1, NULL, '2023-02-17 03:30:08', '2023-02-17 03:30:08'),
(58, 6, 6, 2, 5, 9, 33, 257, 39, NULL, '58', NULL, ' ', 'Abdul Mannan', NULL, NULL, NULL, NULL, '01900000000', 'abdulmannan@kbf.com', 'abdulmannan@kbf.com', NULL, '2023-02-17 03:36:49', '$2y$10$oX..665nvEcLl8hc39viFe4cGv.Fcs74Za76BWfcpHd5qKEIlU6UG', NULL, 'xydqUArQ5N', 1, 1, NULL, '2023-02-17 03:36:49', '2023-02-17 03:36:49'),
(59, 6, 6, 2, 5, 9, 33, 255, 41, NULL, '59', NULL, '', 'Jewel', NULL, NULL, NULL, NULL, '01900000000', 'jewel@kbf.com', 'jewel@kbf.com', NULL, '2023-02-17 03:39:45', '$2y$10$KnMmhU7xwW3FNSEAURefhulgZf9tftnQLlAqAUsgF2ZwlWgRnOVBC', NULL, 'WFQy4KVHlo', 1, 1, NULL, '2023-02-17 03:39:45', '2023-02-17 03:39:45'),
(60, 6, 6, 2, 5, 9, 33, 255, 43, NULL, '60', NULL, ' ', 'Nizam Uddin', NULL, NULL, NULL, NULL, '01900000000', 'nizamuddin@kbf.com', 'nizamuddin@kbf.com', NULL, '2023-02-17 03:42:44', '$2y$10$Tozlav.OVlDecmO7rIKs5ubZz0/HqtHa8Dy5IiB15Wi6S6M1kS1H.', NULL, '19PJAAc2EU', 1, 1, NULL, '2023-02-17 03:42:44', '2023-02-17 03:42:44'),
(61, 6, 6, 2, 5, 9, 33, 256, 45, NULL, '61', NULL, '', 'Nizam', NULL, NULL, NULL, NULL, '01900000000', 'nizam@kbf.com', 'nizam@kbf.com', NULL, '2023-02-17 03:46:19', '$2y$10$kfyz7SJzGleYX0H8RldFjuEaXMYe0OuorwGfHV1p2pRu5ovA2aLv2', NULL, '0UgTziCPzK', 1, 1, NULL, '2023-02-17 03:46:19', '2023-02-17 03:46:19'),
(62, 6, 6, 2, 5, 9, 33, 257, 47, NULL, '62', NULL, '', 'Dulal', NULL, NULL, NULL, NULL, '01900000000', 'dulal@kbf.com', 'dulal@kbf.com', NULL, '2023-02-17 03:49:11', '$2y$10$RMn3IUiZlYb0EH7/z4GXUOW7NtDDpYH2l5xE4ZudLTDpBRlMwEJqa', NULL, 'fnzjDPxy4x', 1, 1, NULL, '2023-02-17 03:49:11', '2023-02-17 03:49:11'),
(63, 6, 6, 2, 5, 9, 33, 257, 48, NULL, '63', NULL, '', 'Noyan', NULL, NULL, NULL, NULL, '01900000000', 'noyan@kbf.com', 'noyan@kbf.com', NULL, '2023-02-17 03:51:34', '$2y$10$qRoSLi2EfkXsJZv7UrF2Zet9OgyiSoqNxsz8PhemURcYCTkKu4oxC', NULL, 'n75HBFXvTY', 1, 1, NULL, '2023-02-17 03:51:34', '2023-02-17 03:51:34'),
(64, 6, 6, 2, 6, 9, 22, 173, 49, NULL, '64', NULL, '', 'Delwar', NULL, NULL, NULL, NULL, '01900000000', 'delwar@kbf.com', 'delwar@kbf.com', NULL, '2023-02-17 04:10:25', '$2y$10$onnipaW4/LcdNHEfk9JJtuOK.FTyzB9/Kyod3rgMDqNwHousHkPM2', NULL, 'M7uQKsgN0s', 1, 1, NULL, '2023-02-17 04:10:25', '2023-02-17 04:10:25'),
(65, 6, 6, 2, 6, 9, 22, 173, 50, NULL, '65', NULL, '', 'Robiul', NULL, NULL, NULL, NULL, '01900000000', 'robiul@kbf.com', 'robiul@kbf.com', NULL, '2023-02-17 05:43:21', '$2y$10$GeX49ehpSkXJ.9EpgfwXj.XbUyrwUHRX8P1ti./pHOEkmhKs6lRbm', NULL, 't4pBA4aYF9', 1, 1, NULL, '2023-02-17 05:43:21', '2023-02-17 05:43:21'),
(66, 6, 6, 2, 6, 9, 22, 173, 51, NULL, '66', NULL, '', 'Naddu', NULL, NULL, NULL, NULL, '01900000000', 'naddu@kbf.com', 'naddu@kbf.com', NULL, '2023-02-17 05:46:57', '$2y$10$4/MlyZtzsJAShaIHxqKiEeATcQrEwGSUYie4FHlWtuk9UYbljYoE2', NULL, 'Wap5kYx6FO', 1, 1, NULL, '2023-02-17 05:46:57', '2023-02-17 05:46:57'),
(67, 6, 6, 2, 6, 9, 22, 173, 54, NULL, '67', NULL, '', 'Kamal', NULL, NULL, NULL, NULL, '01900000000', 'kamal@kbf.com', 'kamal@kbf.com', NULL, '2023-02-17 05:49:06', '$2y$10$dfKAN2ghvxh3Jjy0S.YW..gj8yW7PDbbdNqq/8sqfNbcQD4Jr9VHa', NULL, 'K4PKjlcf46', 1, 1, NULL, '2023-02-17 05:49:06', '2023-02-17 05:49:06'),
(68, 6, 6, 2, 6, 9, 22, 173, 58, NULL, '68', NULL, '', 'Dilbor', NULL, NULL, NULL, NULL, '01900000000', 'dilbor@kbf.com', 'dilbor@kbf.com', NULL, '2023-02-17 05:51:25', '$2y$10$chb8WqbEQY01DWLNQOh49eHlkw6n3ij40gMQhN2jdquKMTu9TQ76.', NULL, 'PFVAdDXr6O', 1, 1, NULL, '2023-02-17 05:51:25', '2023-02-17 05:51:25'),
(69, 6, 6, 2, 6, 9, 22, 173, 60, NULL, '69', NULL, '', 'Shamim', NULL, NULL, NULL, NULL, '01900000000', 'shamim@kbf.com', 'shamim@kbf.com', NULL, '2023-02-17 05:53:52', '$2y$10$CVKr4DyCarUEaC7DCsK4c.CAdVlh0Uwbaqu1gaLOIp7dC6aN6JsEG', NULL, 'Zpw9XFPIbM', 1, 1, NULL, '2023-02-17 05:53:52', '2023-02-17 05:53:52'),
(70, 6, 6, 2, 6, 9, 22, 173, 63, NULL, '70', NULL, ' ', 'Alas Uddin', NULL, NULL, NULL, NULL, '01900000000', 'alasuddin@kbf.com', 'alasuddin@kbf.com', NULL, '2023-02-17 05:57:03', '$2y$10$b2do7wTxOsrLd5VqR4.dNubh78uK6SmgUFC97df5rXsGkfw7n2.32', NULL, 'nDRDZzs8TP', 1, 1, NULL, '2023-02-17 05:57:03', '2023-02-17 05:57:03'),
(71, 6, 6, 2, 6, 9, 22, 173, 65, NULL, '71', NULL, ' ', 'Aman Ullah', NULL, NULL, NULL, NULL, '01900000000', 'amanullah@kbf.com', 'amanullah@kbf.com', NULL, '2023-02-17 05:59:49', '$2y$10$i8Dlzl9uirdy0Bvhap1uT.k1582hxgPKBYGgTXGg6JEiwY0E9QLh.', NULL, 'NEvUQVKRhm', 1, 1, NULL, '2023-02-17 05:59:49', '2023-02-17 05:59:49'),
(72, 6, 6, 2, 6, 9, 22, 173, 68, NULL, '72', NULL, ' ', 'Abdul Hye', NULL, NULL, NULL, NULL, '01900000000', 'abdulhye@kbf.com', 'abdulhye@kbf.com', NULL, '2023-02-17 06:02:48', '$2y$10$TDAGNFCsuEOumJ92jEUBPOR0uthvBLs8IEZZGmJKGwgnbmbu1Stru', NULL, 'KTnP1GabZF', 1, 1, NULL, '2023-02-17 06:02:48', '2023-02-17 06:02:48'),
(73, 6, 6, 2, 6, 9, 22, 173, 70, NULL, '73', NULL, '', 'Shawkat', NULL, NULL, NULL, NULL, '01900000000', 'shawkat@kbf.com', 'shawkat@kbf.com', NULL, '2023-02-17 06:05:35', '$2y$10$ZXIdmr468Sk21jbKOXR7buyFG6w5im0sRDP2EzUJa9jkDajAgOBGy', NULL, '0CVsDOsJjB', 1, 1, NULL, '2023-02-17 06:05:35', '2023-02-17 06:05:35'),
(74, 6, 6, 2, 6, 9, 22, 173, 73, NULL, '74', NULL, '', 'Jalal', NULL, NULL, NULL, NULL, '01900000000', 'jalal@kbf.com', 'jalal@kbf.com', NULL, '2023-02-17 06:07:49', '$2y$10$YlI2OTVu2Ux4jRGyO.f6SuWxQaGsInaBAU4aE8ttX97PHdaybD7eW', NULL, 'nhKCO0u47M', 1, 1, NULL, '2023-02-17 06:07:49', '2023-02-17 06:07:49'),
(75, 6, 6, 2, 6, 6, 55, 420, 75, NULL, '75', NULL, ' ', 'Miah Chan', NULL, NULL, NULL, NULL, '01900000000', 'miahchan@kbf.com', 'miahchan@kbf.com', NULL, '2023-02-17 06:11:30', '$2y$10$By14xXT1pgqzUo9Ewgc6X.d4T1S/yE14xdiLZEAb7zKhd5rZzuF6e', NULL, 'sdov6NcZCg', 1, 1, NULL, '2023-02-17 06:11:30', '2023-02-17 06:11:30'),
(76, 6, 6, 2, 6, 6, 54, 407, 77, NULL, '76', NULL, '', 'Sulaiman', NULL, NULL, NULL, NULL, '01900000000', 'sulaiman@kbf.com', 'sulaiman@kbf.com', NULL, '2023-02-17 06:15:44', '$2y$10$E4cwxM7CMuKhm91EzAWjNu5LtWBD0fGusxvyj6FoS3bw6eXEMi1U6', NULL, 'MPvtn7haqe', 1, 1, NULL, '2023-02-17 06:15:44', '2023-02-17 06:15:44'),
(77, 6, 6, 2, 6, 6, 53, 405, 78, NULL, '77', NULL, ' ', 'Rohiz Uddin', NULL, NULL, NULL, NULL, '01900000000', 'rohizuddin@kbf.com', 'rohizuddin@kbf.com', NULL, '2023-02-17 06:19:00', '$2y$10$PfL1v8iLtxYIY9emHJ8P..NCJ7firvUqL6hLPsoikasCZMpbbcvea', NULL, 'mXStm8BnqW', 1, 1, 1, '2023-02-17 06:19:00', '2023-02-17 06:22:07'),
(78, 6, 6, 2, 6, 6, 53, 405, 79, NULL, '78', NULL, '', 'Mainuddin', NULL, NULL, NULL, NULL, '01900000000', 'mainuddin@kbf.com', 'mainuddin@kbf.com', NULL, '2023-02-17 06:21:43', '$2y$10$W5mdGKH2qb44/QKCBCMUw.d64/nUDuiVuaKfFYaMn5hEDACH9lsYK', NULL, 'TSR43MXTxO', 1, 1, NULL, '2023-02-17 06:21:43', '2023-02-17 06:21:43'),
(79, 6, 6, 2, 7, 9, 22, 176, 52, NULL, '79', NULL, '', 'ShaJahan', NULL, NULL, NULL, NULL, '01900000000', 'shajahan@kbf.com', 'shajahan@kbf.com', NULL, '2023-02-17 10:19:39', '$2y$10$Hcpz0jTa3iMkO8zU7R9fL.EJAz0qYbGaZEYJ396VRqN1OKLVYCNrG', NULL, '2xcQ9RcSWH', 1, 1, NULL, '2023-02-17 10:19:39', '2023-02-17 10:19:39'),
(80, 6, 6, 2, 7, 9, 22, 176, 53, NULL, '80', NULL, ' ', 'Billal Hossain', NULL, NULL, NULL, NULL, '01900000000', 'billalhossain@kbf.com', 'billalhossain@kbf.com', NULL, '2023-02-17 10:23:07', '$2y$10$4unkqnSnWTxWjDzoJuvl7exiuQO.Xj/e4R68RWuld0ycMdea4x8kK', NULL, 'Ft1MJ95Qb6', 1, 1, NULL, '2023-02-17 10:23:08', '2023-02-17 10:23:08'),
(81, 6, 6, 2, 7, 9, 22, 176, 55, NULL, '81', NULL, ' ', 'Jalal Uddin', NULL, NULL, NULL, NULL, '01900000000', 'jalaluddin@kbf.com', 'jalaluddin@kbf.com', NULL, '2023-02-17 10:26:00', '$2y$10$alq/7gJYrWqBl2/HVg6UWej.MUaAjXBYoj5ZmZT6rKytcmUOR7xcO', NULL, 'YDULMMQYaI', 1, 1, NULL, '2023-02-17 10:26:00', '2023-02-17 10:26:00'),
(82, 6, 6, 2, 7, 9, 22, 176, 56, NULL, '82', NULL, ' ', 'Shajer Uddin', NULL, NULL, NULL, NULL, '0190000000', 'shajeruddin@kbf.com', 'shajeruddin@kbf.com', NULL, '2023-02-17 10:29:00', '$2y$10$OMculDt5VpnqLibfgNrEduro5vvHU/Yum/jTS/dAxRFXqw014etKG', NULL, '1Gyoe2DMcn', 1, 1, NULL, '2023-02-17 10:29:00', '2023-02-17 10:29:00'),
(83, 6, 6, 2, 7, 9, 22, 176, 57, NULL, '83', NULL, ' ', 'Ramjan Ali', NULL, NULL, NULL, NULL, '01900000000', 'ramjanali@kbf.com', 'ramjanali@kbf.com', NULL, '2023-02-17 10:32:03', '$2y$10$/6MRm/3HjIPtoj8ALR158u6HnTmII3tw7GSV6fXBesvK8clhstUI.', NULL, 'TslHXVPRLY', 1, 1, NULL, '2023-02-17 10:32:03', '2023-02-17 10:32:03'),
(84, 6, 6, 2, 7, 9, 22, 178, 59, NULL, '84', NULL, ' ', 'Somir Ali', NULL, NULL, NULL, NULL, '01900000000', 'somirali@kbf.com', 'somirali@kbf.com', NULL, '2023-02-17 10:35:16', '$2y$10$crjLH0N7jEh8sweenRuwFenPC98FCNE.m6llaeAf6ltCxJvX.fE4m', NULL, 'kw0hOALHoc', 1, 1, NULL, '2023-02-17 10:35:16', '2023-02-17 10:35:16'),
(85, 6, 6, 2, 7, 9, 22, 178, 61, NULL, '85', NULL, '', 'Shaheen', NULL, NULL, NULL, NULL, '01900000000', 'shaheen@kbf.com', 'shaheen@kbf.com', NULL, '2023-02-17 10:38:58', '$2y$10$TiwmTaZSjQXuFYak6pr4FO2ELWHv3GPML3ieBwiFA4GHFYKKFj/J6', NULL, 'jtja8FvwJa', 1, 1, NULL, '2023-02-17 10:38:58', '2023-02-17 10:38:58'),
(86, 6, 6, 2, 7, 9, 22, 178, 62, NULL, '86', NULL, '  ', 'Abdul Jalil Sarder', NULL, NULL, NULL, NULL, '01900000000', 'abduljalilsarder@kbf.com', 'abduljalilsarder@kbf.com', NULL, '2023-02-17 10:42:36', '$2y$10$U66iGr7P9rRggCcl3e6UJ.JZYzhQOsRV8p.5F40NpD84XvhcymtGK', NULL, 'kHOCSHhbQ5', 1, 1, NULL, '2023-02-17 10:42:36', '2023-02-17 10:42:36'),
(87, 6, 6, 2, 7, 9, 22, 174, 64, NULL, '87', NULL, ' ', 'Mohir Uddin', NULL, NULL, NULL, NULL, '01967768073', 'mohiruddin@kbf.com', 'mohiruddin@kbf.com', NULL, '2023-02-17 10:46:41', '$2y$10$vK7o2ZKak/gIUnj71T4Iqun3VcoblBB7ayw66CSOfXecGeSnqOO3C', NULL, 'Nzo1MpWpMF', 1, 1, NULL, '2023-02-17 10:46:42', '2023-02-17 10:46:42'),
(88, 6, 6, 2, 7, 9, 22, 174, 66, NULL, '88', NULL, '', 'Alam', NULL, NULL, NULL, NULL, '01900000000', 'alamd@kbf.com', 'alamd@kbf.com', NULL, '2023-02-17 10:51:40', '$2y$10$08rHGmQzqGmUm4DVTcLSWugftiQbCL.4HWUQzlb1zehRACih0AI3u', NULL, 'I0PrRdQlhK', 1, 1, 1, '2023-02-17 10:51:40', '2023-02-17 11:02:50'),
(89, 6, 6, 2, 7, 9, 22, 174, 67, NULL, '89', NULL, '', 'Akkul', NULL, NULL, NULL, NULL, '01900000000', 'akkul@kbf.com', 'akkul@kbf.com', NULL, '2023-02-17 10:54:58', '$2y$10$mIIROFniaNH/jU0Ei7rEIOJ90CNviH4HDwUMUPD5ziZSxD/oRPEge', NULL, 'p8AlqKy2CV', 1, 1, NULL, '2023-02-17 10:54:58', '2023-02-17 10:54:58'),
(90, 6, 6, 2, 7, 9, 22, 174, 69, NULL, '90', NULL, ' ', 'Muksed Ali', NULL, NULL, NULL, NULL, '01900000000', 'muksedali@kbf.com', 'muksedali@kbf.com', NULL, '2023-02-17 10:59:13', '$2y$10$hJ6nYs3MS7VPONLUaxUY7OSpSQAoHpz.hjvFn/jUuwOr2ZiDLULGe', NULL, '3wDpRhXpQg', 1, 1, NULL, '2023-02-17 10:59:13', '2023-02-17 10:59:13'),
(91, 6, 6, 2, 7, 9, 22, 174, 71, NULL, '91', NULL, '', 'Alam', NULL, NULL, NULL, NULL, '01900000000', 'alams@kbf.com', 'alams@kbf.com', NULL, '2023-02-17 11:01:59', '$2y$10$ubQISqScsp.AqUcDhwRrX.QJqz2vJ7Ybx/WgtcZcUCwbapNLFGLc2', NULL, 'bAvleLGtpj', 1, 1, NULL, '2023-02-17 11:01:59', '2023-02-17 11:01:59'),
(92, 6, 6, 2, 7, 9, 22, 174, 72, NULL, '92', NULL, ' ', 'Abdul Gaffar', NULL, NULL, NULL, NULL, '01900000000', 'abdulgaffar@kbf.com', 'abdulgaffar@kbf.com', NULL, '2023-02-17 11:05:59', '$2y$10$W.erVPfm.rPte8lSkTgZVukO2qFxHoayKOF9qa/p0r.4rIUYKDLfG', NULL, 'JZmbLgqLzT', 1, 1, NULL, '2023-02-17 11:05:59', '2023-02-17 11:05:59'),
(93, 6, 6, 2, 7, 9, 33, 256, 74, NULL, '93', NULL, '', 'Ibrahim', NULL, NULL, NULL, NULL, '01900000000', 'ibrahim@kbf.com', 'ibrahim@kbf.com', NULL, '2023-02-17 11:09:47', '$2y$10$EXjWzUjhQagB2yQF9aM/pucu17EaEE72rx3ZsQJwXFol8EsVw.N1y', NULL, 'QcjzJnY4ew', 1, 1, NULL, '2023-02-17 11:09:47', '2023-02-17 11:09:47'),
(94, 6, 6, 2, 7, 9, 22, 176, 76, NULL, '94', NULL, ' ', 'Iman Ali', NULL, NULL, NULL, NULL, '01900000000', 'imanali@kbf.com', 'imanali@kbf.com', NULL, '2023-02-17 11:13:16', '$2y$10$NYmYGgh6FmPh4ydLqquKv.jDvOJ3TeyroapjGEUoKluUKrdgqI54m', NULL, '9LOGSu50w5', 1, 1, NULL, '2023-02-17 11:13:16', '2023-02-17 11:13:16');

-- --------------------------------------------------------

--
-- Table structure for table `areas`
--

CREATE TABLE `areas` (
  `id` mediumint UNSIGNED NOT NULL,
  `association_id` mediumint UNSIGNED DEFAULT NULL,
  `code` varchar(255) CHARACTER SET utf8mb4 COLLATE utf8mb4_unicode_ci DEFAULT NULL,
  `name` varchar(255) CHARACTER SET utf8mb4 COLLATE utf8mb4_unicode_ci DEFAULT NULL,
  `title_bn` varchar(255) CHARACTER SET utf8mb4 COLLATE utf8mb4_unicode_ci DEFAULT NULL,
  `title_en` varchar(255) CHARACTER SET utf8mb4 COLLATE utf8mb4_unicode_ci DEFAULT NULL,
  `address_bn` varchar(255) CHARACTER SET utf8mb4 COLLATE utf8mb4_unicode_ci DEFAULT NULL,
  `address_en` varchar(255) CHARACTER SET utf8mb4 COLLATE utf8mb4_unicode_ci DEFAULT NULL,
  `contact` varchar(13) CHARACTER SET utf8mb4 COLLATE utf8mb4_unicode_ci DEFAULT '01*********',
  `status` tinyint NOT NULL DEFAULT '1',
  `created_by` int DEFAULT NULL,
  `updated_by` int DEFAULT NULL,
  `created_at` timestamp NULL DEFAULT NULL,
  `updated_at` timestamp NULL DEFAULT NULL
) ENGINE=InnoDB DEFAULT CHARSET=utf8mb4 COLLATE=utf8mb4_unicode_ci;

--
-- Dumping data for table `areas`
--

INSERT INTO `areas` (`id`, `association_id`, `code`, `name`, `title_bn`, `title_en`, `address_bn`, `address_en`, `contact`, `status`, `created_by`, `updated_by`, `created_at`, `updated_at`) VALUES
(3, 2, '3', NULL, ' ', 'Mr. Hasen', ', , ', 'Ajmirgonj, Bakshigonj, Jamalpur', '01700000000', 1, 1, NULL, '2023-01-23 09:13:54', '2023-01-23 09:13:54'),
(4, 2, '4', NULL, ' ', 'Mr. Akhteruzzaman', ', , ', 'Ajmirgonj, Bakshigonj, Jamalpur', '01700000000', 1, 1, NULL, '2023-01-23 09:43:51', '2023-01-23 09:43:51'),
(5, 2, '5', NULL, '  ', 'Mr. Mofizal Hoque', ', , ', 'Ajmirgonj, Bakshigonj, Jamalpur', '01700000000', 1, 1, NULL, '2023-01-23 09:49:21', '2023-01-23 09:49:21'),
(6, 2, '6', NULL, ' -- ()', 'Mr. Harun-Or-Rashid (Hormus)', ', , ', 'Ajmirgonj, Bakshigonj, Jamalpur', '01700000000', 1, 1, NULL, '2023-01-23 09:50:46', '2023-01-23 09:50:46'),
(7, 2, '7', NULL, '   ', 'Mr. Nizam Uddin Ahmed', ', , ', 'Ajmirgonj, Bakshigonj, Jamalpur', '01700000000', 1, 1, NULL, '2023-01-23 09:52:02', '2023-01-23 09:52:02');

-- --------------------------------------------------------

--
-- Table structure for table `associations`
--

CREATE TABLE `associations` (
  `id` mediumint UNSIGNED NOT NULL,
  `code` varchar(255) CHARACTER SET utf8mb4 COLLATE utf8mb4_unicode_ci DEFAULT NULL,
  `name` varchar(255) CHARACTER SET utf8mb4 COLLATE utf8mb4_unicode_ci DEFAULT NULL,
  `title_bn` varchar(255) CHARACTER SET utf8mb4 COLLATE utf8mb4_unicode_ci DEFAULT NULL,
  `title_en` varchar(255) CHARACTER SET utf8mb4 COLLATE utf8mb4_unicode_ci DEFAULT NULL,
  `address_bn` varchar(255) CHARACTER SET utf8mb4 COLLATE utf8mb4_unicode_ci DEFAULT NULL,
  `address_en` varchar(255) CHARACTER SET utf8mb4 COLLATE utf8mb4_unicode_ci DEFAULT NULL,
  `contact` varchar(13) CHARACTER SET utf8mb4 COLLATE utf8mb4_unicode_ci DEFAULT '01*********',
  `status` tinyint NOT NULL DEFAULT '1',
  `created_by` int DEFAULT NULL,
  `updated_by` int DEFAULT NULL,
  `created_at` timestamp NULL DEFAULT NULL,
  `updated_at` timestamp NULL DEFAULT NULL
) ENGINE=InnoDB DEFAULT CHARSET=utf8mb4 COLLATE=utf8mb4_unicode_ci;

--
-- Dumping data for table `associations`
--

INSERT INTO `associations` (`id`, `code`, `name`, `title_bn`, `title_en`, `address_bn`, `address_en`, `contact`, `status`, `created_by`, `updated_by`, `created_at`, `updated_at`) VALUES
(2, '2', NULL, '   (.) ', 'Hazrat Khajar Bashir (R.A.) Foundation', ', , ', 'Ajmirgonj, Bakshigonj, Jamalpur', '01900000000', 1, 1, 1, '2023-01-23 09:11:05', '2023-01-23 09:11:56');

-- --------------------------------------------------------

--
-- Table structure for table `branches`
--

CREATE TABLE `branches` (
  `id` bigint UNSIGNED NOT NULL,
  `office_type_id` mediumint UNSIGNED DEFAULT NULL,
  `association_id` mediumint UNSIGNED DEFAULT NULL,
  `area_id` mediumint UNSIGNED DEFAULT NULL,
  `division_id` mediumint UNSIGNED DEFAULT NULL,
  `district_id` mediumint UNSIGNED DEFAULT NULL,
  `upazila_id` mediumint UNSIGNED DEFAULT NULL,
  `code` varchar(255) CHARACTER SET utf8mb4 COLLATE utf8mb4_unicode_ci DEFAULT NULL,
  `name` varchar(255) CHARACTER SET utf8mb4 COLLATE utf8mb4_unicode_ci DEFAULT NULL,
  `title_bn` varchar(255) CHARACTER SET utf8mb4 COLLATE utf8mb4_unicode_ci DEFAULT NULL,
  `title_en` varchar(255) CHARACTER SET utf8mb4 COLLATE utf8mb4_unicode_ci DEFAULT NULL,
  `address_en` varchar(256) CHARACTER SET utf8mb4 COLLATE utf8mb4_unicode_ci DEFAULT NULL,
  `address_bn` varchar(256) CHARACTER SET utf8mb4 COLLATE utf8mb4_unicode_ci DEFAULT NULL,
  `contact` varchar(13) CHARACTER SET utf8mb4 COLLATE utf8mb4_unicode_ci DEFAULT '01*********',
  `percent` smallint NOT NULL DEFAULT '1',
  `status` tinyint NOT NULL DEFAULT '1',
  `created_by` int DEFAULT NULL,
  `updated_by` int DEFAULT NULL,
  `created_at` timestamp NULL DEFAULT NULL,
  `updated_at` timestamp NULL DEFAULT NULL
) ENGINE=InnoDB DEFAULT CHARSET=utf8mb4 COLLATE=utf8mb4_unicode_ci;

--
-- Dumping data for table `branches`
--

INSERT INTO `branches` (`id`, `office_type_id`, `association_id`, `area_id`, `division_id`, `district_id`, `upazila_id`, `code`, `name`, `title_bn`, `title_en`, `address_en`, `address_bn`, `contact`, `percent`, `status`, `created_by`, `updated_by`, `created_at`, `updated_at`) VALUES
(3, NULL, 2, 3, 3, 18, 140, '003', NULL, ' ', 'Tinani Para', 'Ajmirgonj, Bakshigonj, Jamalpur', ', , ', '01*********', 1, 1, 1, NULL, '2023-01-23 09:22:19', '2023-01-23 09:22:19'),
(4, NULL, 2, 3, 3, 18, 140, '004', NULL, ' -', 'Mesher Char-2', 'Ajmirgonj, Bakshigonj, Jamalpur', ', , ', '01*********', 1, 1, 1, NULL, '2023-01-23 09:24:12', '2023-01-23 09:24:12'),
(5, NULL, 2, 3, 3, 18, 140, '005', NULL, ' - ', 'Tupkar Char - Old', 'Ajmirgonj, Bakshigonj, Jamalpur', ', , ', '01*********', 1, 1, 1, NULL, '2023-01-23 09:25:38', '2023-01-23 09:25:38'),
(6, NULL, 2, 3, 3, 18, 140, '006', NULL, '  - ', 'Tupkar Char - New', 'Ajmirgonj, Bakshigonj, Jamalpur', ', , ', '01*********', 1, 1, 1, NULL, '2023-01-23 09:31:52', '2023-01-23 09:31:52'),
(7, NULL, 2, 3, 3, 18, 140, '007', NULL, ' ', 'Ziger Tola', 'Ajmirgonj, Bakshigonj, Jamalpur', ', , ', '01*********', 1, 1, 1, NULL, '2023-01-23 09:36:41', '2023-01-23 09:36:41'),
(8, NULL, 2, 3, 3, 18, 140, '008', NULL, ' ', 'Sheker Char', 'Ajmirgonj, Bakshigonj, Jamalpur', ', , ', '01*********', 1, 1, 1, NULL, '2023-01-23 09:38:03', '2023-01-23 09:38:03'),
(9, NULL, 2, 3, 3, 18, 140, '009', NULL, ' ', 'Mohal Giri', 'Ajmirgonj, Bakshigonj, Jamalpur', ', , ', '01*********', 1, 1, 1, NULL, '2023-01-23 09:39:45', '2023-01-23 09:39:45'),
(10, NULL, 2, 4, 3, 18, 140, '010', NULL, ', , ', 'Savar, Shaturia, Manikgonj', 'Ajmirgonj, Bakshigonj, Jamalpur', ', , ', '01*********', 1, 1, 1, NULL, '2023-01-23 09:46:24', '2023-01-23 09:46:24'),
(11, NULL, 2, 4, 3, 18, 140, '011', NULL, '', 'Boronol', 'Ajmirgonj, Bakshigonj, Jamalpur', ', , ', '01*********', 1, 1, 1, NULL, '2023-01-23 09:48:49', '2023-01-23 09:48:49'),
(12, NULL, 2, 4, 3, 18, 140, '012', NULL, '', 'Vitipara', 'Ajmirgonj, Bakshigonj, Jamalpur', ', , ', '01*********', 1, 1, 1, NULL, '2023-01-23 09:49:58', '2023-01-23 09:49:58'),
(13, NULL, 2, 4, 3, 18, 140, '013', NULL, '', 'Sunabor', 'Ajmirgonj, Bakshigonj, Jamalpur', ', , ', '01*********', 1, 1, 1, NULL, '2023-01-23 09:51:01', '2023-01-23 09:51:01'),
(14, NULL, 2, 4, 3, 18, 140, '014', NULL, '', 'Goyarpar', 'Ajmirgonj, Bakshigonj, Jamalpur', ', , ', '01*********', 1, 1, 1, NULL, '2023-01-23 09:51:42', '2023-01-23 09:51:42'),
(15, NULL, 2, 4, 3, 18, 140, '015', NULL, '', 'Vadail', 'Ajmirgonj, Bakshigonj, Jamalpur', 'Ajmirgonj, Bakshigonj, Jamalpur', '01*********', 1, 1, 1, NULL, '2023-01-23 09:52:21', '2023-01-23 09:52:21'),
(16, NULL, 2, 4, 3, 18, 140, '016', NULL, ' ', 'Pobnar Tak', 'Ajmirgonj, Bakshigonj, Jamalpur', ', , ', '01*********', 1, 1, 1, NULL, '2023-01-23 09:53:26', '2023-01-23 09:53:26'),
(17, NULL, 2, 4, 3, 18, 140, '017', NULL, '', 'Dandabor', 'Ajmirgonj, Bakshigonj, Jamalpur', ', , ', '01*********', 1, 1, 1, NULL, '2023-01-23 09:54:16', '2023-01-23 09:54:16'),
(18, NULL, 2, 4, 3, 18, 140, '018', NULL, ', ', 'Uttara, Dhaka', 'Ajmirgonj, Bakshigonj, Jamalpur', ', , ', '01*********', 1, 1, 1, NULL, '2023-01-23 09:55:02', '2023-01-23 09:55:02'),
(19, NULL, 2, 3, 3, 18, 140, '019', NULL, ' ', 'Fakir Para', 'Ajmirgonj, Bakshigonj, Jamalpur', ', , ', '01*********', 1, 1, 1, NULL, '2023-01-23 09:55:09', '2023-01-23 09:55:09'),
(20, NULL, 2, 4, 3, 18, 140, '020', NULL, ' , ', 'Nandi Para, Dhaka', 'Ajmirgonj, Bakshigonj, Jamalpur', ', , ', '01*********', 1, 1, 1, NULL, '2023-01-23 09:56:02', '2023-01-23 09:56:02'),
(21, NULL, 2, 3, 3, 18, 141, '021', NULL, ' ', 'Fakir Para', 'Ajmirgonj, Bakshigonj, Jamalpur', ', , ', '01*********', 1, 1, 1, NULL, '2023-01-23 09:56:05', '2023-01-23 09:56:05'),
(22, NULL, 2, 4, 3, 18, 140, '022', NULL, '', 'Kaliakor', 'Ajmirgonj, Bakshigonj, Jamalpur', ', , ', '01*********', 1, 1, 1, NULL, '2023-01-23 09:57:16', '2023-01-23 09:57:16'),
(23, NULL, 2, 3, 3, 18, 140, '023', NULL, '- ', 'Kolkihara - 1', 'Ajmirgonj, Bakshigonj, Jamalpur', ', , ', '01*********', 1, 1, 1, NULL, '2023-01-23 09:57:18', '2023-01-23 09:57:18'),
(24, NULL, 2, 3, 3, 18, 140, '024', NULL, '- 2', 'Kolkihara - 2', 'Ajmirgonj, Bakshigonj, Jamalpur', ', , ', '01*********', 1, 1, 1, NULL, '2023-01-23 09:58:13', '2023-01-23 09:58:13'),
(25, NULL, 2, 4, 3, 18, 140, '025', NULL, ' , ', 'Madar Tak, Dhaka', 'Ajmirgonj, Bakshigonj, Jamalpur', ', , ', '01*********', 1, 1, 1, NULL, '2023-01-23 09:58:20', '2023-01-23 09:58:20'),
(26, NULL, 2, 3, 3, 18, 140, '026', NULL, ' ', 'Tilat Pur', 'Ajmirgonj, Bakshigonj, Jamalpur', ', , ', '01*********', 1, 1, 1, NULL, '2023-01-23 09:59:46', '2023-01-23 09:59:46'),
(27, NULL, 2, 5, 3, 18, 140, '027', NULL, ' ', 'Balu Ghat', 'Ajmirgonj, Bakshigonj, Jamalpur', ', , ', '01*********', 1, 1, 1, NULL, '2023-01-23 10:00:56', '2023-01-23 10:00:56'),
(28, NULL, 2, 3, 3, 18, 140, '028', NULL, ' ', 'Gowaler Char', 'Ajmirgonj, Bakshigonj, Jamalpur', ', , ', '01*********', 1, 1, 1, NULL, '2023-01-23 10:01:46', '2023-01-23 10:01:46'),
(29, NULL, 2, 5, 3, 18, 140, '029', NULL, ' ', 'Nobi Nagar', 'Ajmirgonj, Bakshigonj, Jamalpur', ', , ', '01*********', 1, 1, 1, NULL, '2023-01-23 10:02:05', '2023-01-23 10:02:05'),
(30, NULL, 2, 3, 3, 18, 140, '030', NULL, ' ', 'Shovar Char', 'Ajmirgonj, Bakshigonj, Jamalpur', ', , ', '01*********', 1, 1, 1, NULL, '2023-01-23 10:02:41', '2023-01-23 10:02:41'),
(31, NULL, 2, 5, 3, 18, 140, '031', NULL, '- - ', 'Sreebordi - Noyapara- 1', 'Ajmirgonj, Bakshigonj, Jamalpur', ', , ', '01*********', 1, 1, 1, NULL, '2023-01-23 10:04:42', '2023-01-23 10:04:42'),
(32, NULL, 2, 3, 3, 18, 140, '032', NULL, ' ', 'Purar Char', 'Ajmirgonj, Bakshigonj, Jamalpur', ', , ', '01*********', 1, 1, 1, NULL, '2023-01-23 10:05:24', '2023-01-23 10:05:24'),
(33, NULL, 2, 5, 3, 18, 140, '033', NULL, '- - 2', 'Sreebordi - Noyapara- 2', 'Ajmirgonj, Bakshigonj, Jamalpur', ', , ', '01*********', 1, 1, 1, NULL, '2023-01-23 10:05:31', '2023-01-23 10:05:31'),
(34, NULL, 2, 5, 3, 18, 140, '034', NULL, ' ', 'Chowak Kawria', 'Ajmirgonj, Bakshigonj, Jamalpur', ', , ', '01*********', 1, 1, 1, NULL, '2023-01-23 10:06:35', '2023-01-23 10:06:35'),
(35, NULL, 2, 3, 3, 18, 140, '035', NULL, ' ', 'Agler Char', 'Ajmirgonj, Bakshigonj, Jamalpur', ', , ', '01*********', 1, 1, 1, NULL, '2023-01-23 10:06:45', '2023-01-23 10:06:45'),
(36, NULL, 2, 5, 3, 18, 140, '036', NULL, ' - ', 'Jhagrar Char- 1', 'Ajmirgonj, Bakshigonj, Jamalpur', ', , ', '01*********', 1, 1, 1, NULL, '2023-01-23 10:08:13', '2023-01-23 10:08:13'),
(37, NULL, 2, 3, 3, 18, 140, '037', NULL, ' ', 'Bulaki Para', 'Ajmirgonj, Bakshigonj, Jamalpur', ', , ', '01*********', 1, 1, 1, NULL, '2023-01-23 10:08:44', '2023-01-23 10:08:44'),
(38, NULL, 2, 5, 3, 18, 140, '038', NULL, ' - 2', 'Jhagrar Char- 2', 'Ajmirgonj, Bakshigonj, Jamalpur', ', , ', '01*********', 1, 1, 1, NULL, '2023-01-23 10:08:55', '2023-01-23 10:08:55'),
(39, NULL, 2, 5, 3, 18, 140, '039', NULL, ' - 3', 'Jhagrar Char- 3', 'Ajmirgonj, Bakshigonj, Jamalpur', ', , ', '01*********', 1, 1, 1, NULL, '2023-01-23 10:09:36', '2023-01-23 10:09:36'),
(40, NULL, 2, 3, 3, 18, 140, '040', NULL, '', 'Nowlamari', 'Ajmirgonj, Bakshigonj, Jamalpur', ', , ', '01*********', 1, 1, 1, NULL, '2023-01-23 10:10:00', '2023-01-23 10:10:00'),
(41, NULL, 2, 5, 3, 18, 140, '041', NULL, ' - ', 'Nalita Bari- 1', 'Ajmirgonj, Bakshigonj, Jamalpur', ', , ', '01*********', 1, 1, 1, NULL, '2023-01-23 10:10:29', '2023-01-23 10:10:29'),
(42, NULL, 2, 3, 3, 18, 140, '042', NULL, ' -', 'Mesher Char-1', 'Ajmirgonj, Bakshigonj, Jamalpur', ', , ', '01*********', 1, 1, 1, NULL, '2023-01-23 10:11:43', '2023-01-23 10:11:43'),
(43, NULL, 2, 5, 3, 18, 140, '043', NULL, ' -', 'Nalita Bari- 2', 'Ajmirgonj, Bakshigonj, Jamalpur', ', , ', '01*********', 1, 1, 1, NULL, '2023-01-23 10:12:39', '2023-01-23 10:12:39'),
(44, NULL, 2, 3, 3, 18, 140, '044', NULL, ' - 3', 'Kolkihara - 3', 'Ajmirgonj, Bakshigonj, Jamalpur', ', , ', '01*********', 1, 1, 1, NULL, '2023-01-23 10:13:05', '2023-01-23 10:13:05'),
(45, NULL, 2, 5, 3, 18, 140, '045', NULL, '  -  ', 'Char Sherpur - Satani Para', 'Ajmirgonj, Bakshigonj, Jamalpur', ', , ', '01*********', 1, 1, 1, NULL, '2023-01-23 10:13:30', '2023-01-23 10:13:30'),
(46, NULL, 2, 3, 3, 18, 140, '046', NULL, '', 'Malmara', 'Ajmirgonj, Bakshigonj, Jamalpur', ', , ', '01*********', 1, 1, 1, NULL, '2023-01-23 10:14:25', '2023-01-23 10:14:25'),
(47, NULL, 2, 5, 3, 18, 140, '047', NULL, ' - ', 'Boroi Kuchi- Kakilakura', 'Ajmirgonj, Bakshigonj, Jamalpur', ', , ', '01*********', 1, 1, 1, NULL, '2023-01-23 10:14:32', '2023-01-23 10:14:32'),
(48, NULL, 2, 5, 3, 18, 140, '048', NULL, ' ', 'Boroi Kuchi', 'Ajmirgonj, Bakshigonj, Jamalpur', ', , ', '01*********', 1, 1, 1, NULL, '2023-01-23 10:15:15', '2023-01-23 10:15:15'),
(49, NULL, 2, 6, 3, 18, 140, '049', NULL, '- -', 'Ajmirgonj - Nij Gram -1', 'Ajmirgonj, Bakshigonj, Jamalpur', ', , ', '01*********', 1, 1, 1, NULL, '2023-01-23 10:16:52', '2023-01-23 10:16:52'),
(50, NULL, 2, 6, 3, 18, 140, '050', NULL, '-  -', 'Ajmirgonj - Vatia Para -2', 'Ajmirgonj, Bakshigonj, Jamalpur', ', , ', '01*********', 1, 1, 1, NULL, '2023-01-23 10:18:08', '2023-01-23 10:18:08'),
(51, NULL, 2, 6, 3, 18, 140, '051', NULL, '-  -', 'Ajmirgonj - Gupal Pur -3', 'Ajmirgonj, Bakshigonj, Jamalpur', ', , ', '01*********', 1, 1, 1, NULL, '2023-01-23 10:19:39', '2023-01-23 10:19:39'),
(52, NULL, 2, 7, 3, 18, 140, '052', NULL, ' - ', 'Nandina Town- 1', 'Ajmirgonj, Bakshigonj, Jamalpur', ', , ', '01*********', 1, 1, 1, NULL, '2023-01-23 10:19:55', '2023-01-23 10:19:55'),
(53, NULL, 2, 7, 3, 18, 140, '053', NULL, ' - 2', 'Nandina Town- 2', 'Ajmirgonj, Bakshigonj, Jamalpur', ', , ', '01*********', 1, 1, 1, NULL, '2023-01-23 10:20:40', '2023-01-23 10:20:40'),
(54, NULL, 2, 6, 3, 18, 140, '054', NULL, ' ', 'Alir Para', 'Ajmirgonj, Bakshigonj, Jamalpur', ', , ', '01*********', 1, 1, 1, NULL, '2023-01-23 10:20:49', '2023-01-23 10:20:49'),
(55, NULL, 2, 7, 3, 18, 140, '055', NULL, ' - 1', 'Nandina Char- 1', 'Ajmirgonj, Bakshigonj, Jamalpur', ', , ', '01*********', 1, 1, 1, NULL, '2023-01-23 10:21:22', '2023-01-23 10:21:22'),
(56, NULL, 2, 7, 3, 18, 140, '056', NULL, ' - 2', 'Nandina Char- 2', 'Ajmirgonj, Bakshigonj, Jamalpur', ', , ', '01*********', 1, 1, 1, NULL, '2023-01-23 10:22:17', '2023-01-23 10:22:17'),
(57, NULL, 2, 7, 3, 18, 140, '057', NULL, ' -  - 3', 'Nandina Char- Bok Char - 3', 'Ajmirgonj, Bakshigonj, Jamalpur', ', , ', '01*********', 1, 1, 1, NULL, '2023-01-23 10:23:01', '2023-01-23 10:23:01'),
(58, NULL, 2, 6, 3, 18, 140, '058', NULL, ' -  ', 'Talia Para - Chowkhar Char', 'Ajmirgonj, Bakshigonj, Jamalpur', ', , ', '01*********', 1, 1, 1, NULL, '2023-01-23 10:23:23', '2023-01-23 10:23:23'),
(59, NULL, 2, 7, 3, 18, 140, '059', NULL, ' - ', 'Melandah - Jalalpur', 'Ajmirgonj, Bakshigonj, Jamalpur', ', , ', '01*********', 1, 1, 1, NULL, '2023-01-23 10:23:40', '2023-01-23 10:23:40'),
(60, NULL, 2, 6, 3, 18, 140, '060', NULL, ' ', 'Bash Toli', 'Ajmirgonj, Bakshigonj, Jamalpur', ', , ', '01*********', 1, 1, 1, NULL, '2023-01-23 10:24:24', '2023-01-23 10:24:24'),
(61, NULL, 2, 7, 3, 18, 140, '061', NULL, ' - ', 'Melandah - Town', 'Ajmirgonj, Bakshigonj, Jamalpur', ', , ', '01*********', 1, 1, 1, NULL, '2023-01-23 10:24:28', '2023-01-23 10:24:28'),
(62, NULL, 2, 7, 3, 18, 140, '062', NULL, ' -  ', 'Melandah - Pocha Bohala', 'Ajmirgonj, Bakshigonj, Jamalpur', ', , ', '01*********', 1, 1, 1, NULL, '2023-01-23 10:25:14', '2023-01-23 10:25:14'),
(63, NULL, 2, 6, 3, 18, 140, '063', NULL, ' ', 'Noyar Char', 'Ajmirgonj, Bakshigonj, Jamalpur', ', , ', '01*********', 1, 1, 1, NULL, '2023-01-23 10:25:21', '2023-01-23 10:25:21'),
(64, NULL, 2, 7, 3, 18, 140, '064', NULL, ' ', 'Dewangonj Bazar', 'Ajmirgonj, Bakshigonj, Jamalpur', ', , ', '01*********', 1, 1, 1, NULL, '2023-01-23 10:25:54', '2023-01-23 10:25:54'),
(65, NULL, 2, 6, 3, 18, 140, '065', NULL, ' ', 'Suna Kura', 'Ajmirgonj, Bakshigonj, Jamalpur', ', , ', '01*********', 1, 1, 1, NULL, '2023-01-23 10:26:29', '2023-01-23 10:26:29'),
(66, NULL, 2, 7, 3, 18, 140, '066', NULL, '- -', 'Dewangonj - Gamaria-2', 'Ajmirgonj, Bakshigonj, Jamalpur', ', , ', '01*********', 1, 1, 1, NULL, '2023-01-23 10:26:45', '2023-01-23 10:26:45'),
(67, NULL, 2, 7, 3, 18, 140, '067', NULL, ' - ', 'Dewangonj - Gamaria', 'Ajmirgonj, Bakshigonj, Jamalpur', ', , ', '01*********', 1, 1, 1, NULL, '2023-01-23 10:27:27', '2023-01-23 10:27:27'),
(68, NULL, 2, 6, 3, 18, 140, '068', NULL, ' ', 'Pakhi Ura', 'Ajmirgonj, Bakshigonj, Jamalpur', ', , ', '01*********', 1, 1, 1, NULL, '2023-01-23 10:27:33', '2023-01-23 10:27:33'),
(69, NULL, 2, 7, 3, 18, 140, '069', NULL, '- ', 'Dwengonj-Khorma Bari', 'Ajmirgonj, Bakshigonj, Jamalpur', ', , ', '01*********', 1, 1, 1, NULL, '2023-01-23 10:28:26', '2023-01-23 10:28:26'),
(70, NULL, 2, 6, 3, 18, 140, '070', NULL, ' ', 'Gual Kanda', 'Ajmirgonj, Bakshigonj, Jamalpur', ', , ', '01*********', 1, 1, 1, NULL, '2023-01-23 10:28:59', '2023-01-23 10:28:59'),
(71, NULL, 2, 7, 3, 18, 140, '071', NULL, ' -  ', 'Dewangonj - Suger Mill', 'Ajmirgonj, Bakshigonj, Jamalpur', ', , ', '01*********', 1, 1, 1, NULL, '2023-01-23 10:29:07', '2023-01-23 10:29:07'),
(72, NULL, 2, 7, 3, 18, 140, '072', NULL, '-', 'Dewangonj - Bhalamari', 'Ajmirgonj, Bakshigonj, Jamalpur', ', , ', '01*********', 1, 1, 1, NULL, '2023-01-23 10:29:52', '2023-01-23 10:29:52'),
(73, NULL, 2, 6, 3, 18, 140, '073', NULL, ' ', 'Modher Char', 'Ajmirgonj, Bakshigonj, Jamalpur', ', , ', '01*********', 1, 1, 1, NULL, '2023-01-23 10:29:57', '2023-01-23 10:29:57'),
(74, NULL, 2, 7, 3, 18, 140, '074', NULL, ' -  ', 'Sherpur - Duk Para', 'Ajmirgonj, Bakshigonj, Jamalpur', ', , ', '01*********', 1, 1, 1, NULL, '2023-01-23 10:30:35', '2023-01-23 10:30:35'),
(75, NULL, 2, 6, 3, 18, 140, '075', NULL, '', 'Rajibpur', 'Ajmirgonj, Bakshigonj, Jamalpur', ', , ', '01*********', 1, 1, 1, NULL, '2023-01-23 10:30:59', '2023-01-23 10:30:59'),
(76, NULL, 2, 7, 3, 18, 140, '076', NULL, ' -  ', 'Jamalpur - Bania Bazar', 'Ajmirgonj, Bakshigonj, Jamalpur', ', , ', '01*********', 1, 1, 1, NULL, '2023-01-23 10:31:13', '2023-01-23 10:31:13'),
(77, NULL, 2, 6, 3, 18, 140, '077', NULL, ' ', 'Aglar Char', 'Ajmirgonj, Bakshigonj, Jamalpur', ', , ', '01*********', 1, 1, 1, NULL, '2023-01-23 10:32:06', '2023-01-23 10:32:06'),
(78, NULL, 2, 6, 3, 18, 140, '078', NULL, '-', 'Dinajpur -1', 'Ajmirgonj, Bakshigonj, Jamalpur', ', , ', '01*********', 1, 1, 1, NULL, '2023-01-23 10:33:35', '2023-01-23 10:33:35'),
(79, NULL, 2, 6, 3, 18, 140, '079', NULL, '-', 'Dinajpur -2', 'Ajmirgonj, Bakshigonj, Jamalpur', ', , ', '01*********', 1, 1, 1, NULL, '2023-01-23 10:34:40', '2023-01-23 10:34:40'),
(80, NULL, 2, 7, 9, 33, 255, '080', NULL, '', 'Kalakumar', 'Phulpur Nalitabari', ' ', '01*********', 1, 1, 1, 1, '2023-02-13 08:03:15', '2023-02-13 08:07:37');

-- --------------------------------------------------------

--
-- Table structure for table `branch_units`
--

CREATE TABLE `branch_units` (
  `id` bigint UNSIGNED NOT NULL,
  `association_id` mediumint UNSIGNED DEFAULT NULL,
  `area_id` mediumint UNSIGNED DEFAULT NULL,
  `division_id` mediumint UNSIGNED DEFAULT NULL,
  `district_id` mediumint UNSIGNED DEFAULT NULL,
  `upazila_id` mediumint UNSIGNED DEFAULT NULL,
  `branch_id` bigint UNSIGNED DEFAULT NULL,
  `code` varchar(255) CHARACTER SET utf8mb4 COLLATE utf8mb4_unicode_ci DEFAULT NULL,
  `name` varchar(255) CHARACTER SET utf8mb4 COLLATE utf8mb4_unicode_ci DEFAULT NULL,
  `title_bn` varchar(255) CHARACTER SET utf8mb4 COLLATE utf8mb4_unicode_ci DEFAULT NULL,
  `title_en` varchar(255) CHARACTER SET utf8mb4 COLLATE utf8mb4_unicode_ci DEFAULT NULL,
  `address_bn` varchar(255) CHARACTER SET utf8mb4 COLLATE utf8mb4_unicode_ci DEFAULT NULL,
  `address_en` varchar(255) CHARACTER SET utf8mb4 COLLATE utf8mb4_unicode_ci DEFAULT NULL,
  `contact` varchar(13) CHARACTER SET utf8mb4 COLLATE utf8mb4_unicode_ci DEFAULT '01*********',
  `status` tinyint NOT NULL DEFAULT '1',
  `created_by` int DEFAULT NULL,
  `updated_by` int DEFAULT NULL,
  `created_at` timestamp NULL DEFAULT NULL,
  `updated_at` timestamp NULL DEFAULT NULL
) ENGINE=InnoDB DEFAULT CHARSET=utf8mb4 COLLATE=utf8mb4_unicode_ci;

--
-- Dumping data for table `branch_units`
--

INSERT INTO `branch_units` (`id`, `association_id`, `area_id`, `division_id`, `district_id`, `upazila_id`, `branch_id`, `code`, `name`, `title_bn`, `title_en`, `address_bn`, `address_en`, `contact`, `status`, `created_by`, `updated_by`, `created_at`, `updated_at`) VALUES
(2, 2, 3, NULL, NULL, NULL, 3, '2', NULL, '  -', 'Tinani Para Unit-1', ', , ', 'Ajmirgonj, Bakshigonj, Jamalpur', '01900000000', 1, 1, 1, '2023-01-25 04:54:15', '2023-01-25 04:57:41'),
(3, 2, 3, NULL, NULL, NULL, 3, '3', NULL, '  -', 'Tinani Para Unit-2', ', , ', 'Ajmirgonj, Bakshigonj, Jamalpur', '01900000000', 1, 1, 1, '2023-01-25 04:55:34', '2023-01-25 04:58:24'),
(4, 2, 3, NULL, NULL, NULL, 4, '4', NULL, ' - -', 'Mesher Char-2 Unit-1', ', , ', 'Ajmirgonj, Bakshigonj, Jamalpur', '01943817351', 1, 1, NULL, '2023-01-25 05:01:07', '2023-01-25 05:01:07'),
(5, 2, 3, NULL, NULL, NULL, 4, '5', NULL, ' - -', 'Mesher Char-2 Unit-2', ', , ', 'Ajmirgonj, Bakshigonj, Jamalpur', '01943817351', 1, 1, NULL, '2023-01-25 05:03:31', '2023-01-25 05:03:31'),
(6, 2, 3, NULL, NULL, NULL, 5, '6', NULL, ' -   -', 'Tupkar Char - Old  Unit-1', ', , ', 'Ajmirgonj, Bakshigonj, Jamalpur', '01967764520', 1, 1, NULL, '2023-01-25 05:06:06', '2023-01-25 05:06:06'),
(7, 2, 3, NULL, NULL, NULL, 5, '7', NULL, '  -    -', 'Tupkar Char - Old Unit-2', ', , ', 'Ajmirgonj, Bakshigonj, Jamalpur', '01967764520', 1, 1, NULL, '2023-01-25 05:07:25', '2023-01-25 05:07:25'),
(8, 2, 3, NULL, NULL, NULL, 6, '8', NULL, ' -  -', 'Tupkar Char - New Unit-1', ', , ', 'Ajmirgonj, Bakshigonj, Jamalpur', '01900000000', 1, 1, NULL, '2023-01-25 05:10:57', '2023-01-25 05:10:57'),
(9, 2, 3, NULL, NULL, NULL, 6, '9', NULL, ' -  -', 'Tupkar Char - New Unit-2', ', , ', 'Ajmirgonj, Bakshigonj, Jamalpur', '01900000000', 1, 1, NULL, '2023-01-25 05:15:09', '2023-01-25 05:15:09'),
(10, 2, 3, NULL, NULL, NULL, 7, '10', NULL, '  -', 'Ziger Tola unit-1', ', , ', 'Ajmirgonj, Bakshigonj, Jamalpur', '01900000000', 1, 1, NULL, '2023-01-25 05:25:41', '2023-01-25 05:25:41'),
(11, 2, 3, NULL, NULL, NULL, 7, '11', NULL, '  -', 'Ziger Tola Unit-2', ', , ', 'Ajmirgonj, Bakshigonj, Jamalpur', '01900000000', 1, 1, NULL, '2023-01-25 05:26:50', '2023-01-25 05:26:50'),
(12, 2, 3, NULL, NULL, NULL, 8, '12', NULL, '  -', 'Sheker Char Unit-1', ', , ', 'Ajmirgonj, Bakshigonj, Jamalpur', '01934799380', 1, 1, NULL, '2023-01-25 05:28:18', '2023-01-25 05:28:18'),
(13, 2, 3, NULL, NULL, NULL, 8, '13', NULL, '  -', 'Sheker Char Unit-2', ', , ', 'Ajmirgonj, Bakshigonj, Jamalpur', '01934799380', 1, 1, NULL, '2023-01-25 05:29:37', '2023-01-25 05:29:37'),
(14, 2, 3, NULL, NULL, NULL, 9, '14', NULL, '  -', 'Mohal Giri Unit-1', ', , ', 'Ajmirgonj, Bakshigonj, Jamalpur', '01900000000', 1, 1, NULL, '2023-01-25 05:31:20', '2023-01-25 05:31:20'),
(15, 2, 3, NULL, NULL, NULL, 9, '15', NULL, '  -', 'Mohal Giri Unit-2', ', , ', 'Ajmirgonj, Bakshigonj, Jamalpur', '01900000000', 1, 1, NULL, '2023-01-25 05:32:54', '2023-01-25 05:32:54'),
(16, 2, 3, NULL, NULL, NULL, 19, '16', NULL, '  -', 'Fakir Para Unit-1', ', , ', 'Ajmirgonj, Bakshigonj, Jamalpur', '01900000000', 1, 1, NULL, '2023-01-25 05:34:50', '2023-01-25 05:34:50'),
(17, 2, 3, NULL, NULL, NULL, 19, '17', NULL, '  -', 'Fakir Para Unit-2', ', , ', 'Ajmirgonj, Bakshigonj, Jamalpur', '01900000000', 1, 1, NULL, '2023-01-25 05:35:44', '2023-01-25 05:35:44'),
(18, 2, 3, NULL, NULL, NULL, 21, '18', NULL, '  -', 'Fakir Para Unit-1', ', , ', 'Ajmirgonj, Bakshigonj, Jamalpur', '0195086930', 1, 1, NULL, '2023-01-25 05:37:24', '2023-01-25 05:37:24'),
(19, 2, 3, NULL, NULL, NULL, 21, '19', NULL, '  -', 'Fakir Para Unit-2', ', , ', 'Ajmirgonj, Bakshigonj, Jamalpur', '0195086930', 1, 1, NULL, '2023-01-25 05:38:38', '2023-01-25 05:38:38'),
(20, 2, 3, NULL, NULL, NULL, 23, '20', NULL, '-  -', 'Kolkihara - 1 Unit-1', ', , ', 'Ajmirgonj, Bakshigonj, Jamalpur', '01922250150', 1, 1, NULL, '2023-01-25 05:40:59', '2023-01-25 05:40:59'),
(21, 2, 3, NULL, NULL, NULL, 23, '21', NULL, '-   -', 'Kolkihara - 1  Unit-2', ', , ', 'Ajmirgonj, Bakshigonj, Jamalpur', '01922250150', 1, 1, NULL, '2023-01-25 05:42:57', '2023-01-25 05:42:57'),
(22, 2, 3, NULL, NULL, NULL, 24, '22', NULL, '-  -', 'Kolkihara - 2 Unit-1', ', , ', 'Ajmirgonj, Bakshigonj, Jamalpur', '01932889895', 1, 1, NULL, '2023-01-25 09:11:37', '2023-01-25 09:11:37'),
(23, 2, 3, NULL, NULL, NULL, 24, '23', NULL, '-  -', 'Kolkihara - 2 Unit-2', ', , ', 'Ajmirgonj, Bakshigonj, Jamalpur', '01932889895', 1, 1, NULL, '2023-01-25 09:12:57', '2023-01-25 09:12:57'),
(24, 2, 3, NULL, NULL, NULL, 26, '24', NULL, '  -', 'Tilat Pur Unit-1', ', , ', 'Ajmirgonj, Bakshigonj, Jamalpur', '01900000000', 1, 1, NULL, '2023-01-25 09:14:55', '2023-01-25 09:14:55'),
(25, 2, 3, NULL, NULL, NULL, 26, '25', NULL, '  -', 'Tilat Pur Unit-2', ', , ', 'Ajmirgonj, Bakshigonj, Jamalpur', '01900000000', 1, 1, NULL, '2023-01-25 09:16:17', '2023-01-25 09:16:17'),
(26, 2, 3, NULL, NULL, NULL, 28, '26', NULL, '  -', 'Gowaler Char Unit-1', ', , ', 'Ajmirgonj, Bakshigonj, Jamalpur', '01900000000', 1, 1, NULL, '2023-01-25 09:17:56', '2023-01-25 09:17:56'),
(27, 2, 3, NULL, NULL, NULL, 28, '27', NULL, '  -', 'Gowaler Char Unit-2', ', , ', 'Ajmirgonj, Bakshigonj, Jamalpur', '01900000000', 1, 1, NULL, '2023-01-25 09:19:09', '2023-01-25 09:19:09'),
(28, 2, 3, NULL, NULL, NULL, 30, '28', NULL, '  -', 'Shovar Char Unit-1', ', , ', 'Ajmirgonj, Bakshigonj, Jamalpur', '01990771087', 1, 1, NULL, '2023-01-25 09:20:58', '2023-01-25 09:20:58'),
(29, 2, 3, NULL, NULL, NULL, 30, '29', NULL, '  -', 'Shovar Char Unit-2', ', , ', 'Ajmirgonj, Bakshigonj, Jamalpur', '01990771087', 1, 1, NULL, '2023-01-25 09:22:11', '2023-01-25 09:22:11'),
(30, 2, 3, NULL, NULL, NULL, 32, '30', NULL, '  -', 'Purar Char Unit-1', ', , ', 'Ajmirgonj, Bakshigonj, Jamalpur', '01900000000', 1, 1, NULL, '2023-01-25 09:23:53', '2023-01-25 09:23:53'),
(31, 2, 3, NULL, NULL, NULL, 32, '31', NULL, '  -', 'Purar Char Unit-2', ', , ', 'Ajmirgonj, Bakshigonj, Jamalpur', '01900000000', 1, 1, NULL, '2023-01-25 09:25:04', '2023-01-25 09:25:04'),
(32, 2, 3, NULL, NULL, NULL, 35, '32', NULL, '  -', 'Agler Char Unit-1', ', , ', 'Ajmirgonj, Bakshigonj, Jamalpur', '01984602606', 1, 1, NULL, '2023-01-25 09:26:27', '2023-01-25 09:26:27'),
(33, 2, 3, NULL, NULL, NULL, 35, '33', NULL, '  -', 'Agler Char Unit-2', ', , ', 'Ajmirgonj, Bakshigonj, Jamalpur', '01984602606', 1, 1, NULL, '2023-01-25 09:27:23', '2023-01-25 09:27:23'),
(34, 2, 3, NULL, NULL, NULL, 37, '34', NULL, '  -', 'Bulaki Para Unit-1', ', , ', 'Ajmirgonj, Bakshigonj, Jamalpur', '01830729517', 1, 1, NULL, '2023-01-25 09:28:35', '2023-01-25 09:28:35'),
(35, 2, 3, NULL, NULL, NULL, 37, '35', NULL, '  -', 'Bulaki Para Unit-2', ', , ', 'Ajmirgonj, Bakshigonj, Jamalpur', '01830729517', 1, 1, NULL, '2023-01-25 09:29:43', '2023-01-25 09:29:43'),
(36, 2, 3, NULL, NULL, NULL, 40, '36', NULL, ' -', 'Nowlamari Unit-1', ', , ', 'Ajmirgonj, Bakshigonj, Jamalpur', '01933734016', 1, 1, NULL, '2023-01-25 09:35:25', '2023-01-25 09:35:25'),
(37, 2, 3, NULL, NULL, NULL, 40, '37', NULL, ' -', 'Nowlamari Unit-2', ', , ', 'Ajmirgonj, Bakshigonj, Jamalpur', '01933734016', 1, 1, NULL, '2023-01-25 09:36:34', '2023-01-25 09:36:34'),
(38, 2, 3, NULL, NULL, NULL, 42, '38', NULL, ' - -', 'Mesher Char-1 Unit-1', ', , ', 'Ajmirgonj, Bakshigonj, Jamalpur', '01900000000', 1, 1, NULL, '2023-01-25 09:38:16', '2023-01-25 09:38:16'),
(39, 2, 3, NULL, NULL, NULL, 42, '39', NULL, ' - -', 'Mesher Char-1 Unit-2', ', , ', 'Ajmirgonj, Bakshigonj, Jamalpur', '01900000000', 1, 1, NULL, '2023-01-25 09:39:15', '2023-01-25 09:39:15'),
(40, 2, 3, NULL, NULL, NULL, 44, '40', NULL, '- -', 'Kolkihara-3 Unit-1', ', , ', 'Ajmirgonj, Bakshigonj, Jamalpur', '01900000000', 1, 1, NULL, '2023-01-25 09:42:25', '2023-01-25 09:42:25'),
(41, 2, 3, NULL, NULL, NULL, 44, '41', NULL, '- -', 'Kolkihara-3 Unit-2', ', , ', 'Ajmirgonj, Bakshigonj, Jamalpur', '01900000000', 1, 1, NULL, '2023-01-25 09:43:17', '2023-01-25 09:43:17'),
(42, 2, 3, NULL, NULL, NULL, 46, '42', NULL, ' -', 'Malmara Unit-1', ', , ', 'Ajmirgonj, Bakshigonj, Jamalpur', '01900000000', 1, 1, NULL, '2023-01-25 09:44:32', '2023-01-25 09:44:32'),
(43, 2, 3, NULL, NULL, NULL, 46, '43', NULL, ' -', 'Malmara Unit-2', ', , ', 'Ajmirgonj, Bakshigonj, Jamalpur', '01900000000', 1, 1, NULL, '2023-01-25 09:45:30', '2023-01-25 09:45:30'),
(44, 2, 4, NULL, NULL, NULL, 10, '44', NULL, ', ,  -', 'Savar, Shaturia, Manikgonj Unit-1', ', , ', 'Ajmirgonj, Bakshigonj, Jamalpur', '01679893657', 1, 1, NULL, '2023-01-26 04:39:30', '2023-01-26 04:39:30'),
(45, 2, 4, NULL, NULL, NULL, 10, '45', NULL, ', ,  -', 'Savar, Shaturia, Manikgonj Unit-2', ', , ', 'Ajmirgonj, Bakshigonj, Jamalpur', '01679893657', 1, 1, NULL, '2023-01-26 04:41:08', '2023-01-26 04:41:08'),
(46, 2, 4, NULL, NULL, NULL, 11, '46', NULL, ' -', 'Boronol Unit-1', ', , ', 'Ajmirgonj, Bakshigonj, Jamalpur', '01319650260', 1, 1, NULL, '2023-01-26 04:43:11', '2023-01-26 04:43:11'),
(47, 2, 4, NULL, NULL, NULL, 11, '47', NULL, ' -2', 'Boronol Unit-2', ', , ', 'Ajmirgonj, Bakshigonj, Jamalpur', '01725769496', 1, 1, NULL, '2023-01-26 04:45:57', '2023-01-26 04:45:57'),
(48, 2, 4, NULL, NULL, NULL, 12, '48', NULL, ' -', 'Vitipara Unit-1', ', , ', 'Ajmirgonj, Bakshigonj, Jamalpur', '01624674074', 1, 1, NULL, '2023-01-26 04:49:12', '2023-01-26 04:49:12'),
(49, 2, 4, NULL, NULL, NULL, 12, '49', NULL, ' -', 'Vitipara Unit-2', ', , ', 'Ajmirgonj, Bakshigonj, Jamalpur', '01624674074', 1, 1, NULL, '2023-01-26 04:50:09', '2023-01-26 04:50:09'),
(50, 2, 4, NULL, NULL, NULL, 13, '50', NULL, ' -', 'Sunabor Unit-1', ', , ', 'Ajmirgonj, Bakshigonj, Jamalpur', '01793774927', 1, 1, NULL, '2023-01-26 04:52:30', '2023-01-26 04:52:30'),
(51, 2, 4, NULL, NULL, NULL, 13, '51', NULL, ' -', 'Sunabor Unit-2', ', , ', 'Ajmirgonj, Bakshigonj, Jamalpur', '01793774927', 1, 1, NULL, '2023-01-26 04:54:24', '2023-01-26 04:54:24'),
(52, 2, 6, NULL, NULL, NULL, 49, '52', NULL, '- - -', 'Ajmirgonj - Nij Gram -1 Unit-1', ', , ', 'Ajmirgonj, Bakshigonj, Jamalpur', '01900000000', 1, 1, NULL, '2023-01-26 04:55:51', '2023-01-26 04:55:51'),
(53, 2, 6, NULL, NULL, NULL, 49, '53', NULL, '- - -', 'Ajmirgonj - Nij Gram -1 Unit-2', ', , ', 'Ajmirgonj, Bakshigonj, Jamalpur', '01900000000', 1, 1, NULL, '2023-01-26 04:57:08', '2023-01-26 04:57:08'),
(54, 2, 4, NULL, NULL, NULL, 14, '54', NULL, ' -', 'Goyarpar Unit-1', ', , ', 'Ajmirgonj, Bakshigonj, Jamalpur', '01920599276', 1, 1, NULL, '2023-01-26 04:58:09', '2023-01-26 04:58:09'),
(55, 2, 6, NULL, NULL, NULL, 50, '55', NULL, '-  - -', 'Ajmirgonj - Vatia Para -2 Unit-1', ', , ', 'Ajmirgonj, Bakshigonj, Jamalpur', '01900000000', 1, 1, NULL, '2023-01-26 04:58:48', '2023-01-26 04:58:48'),
(56, 2, 4, NULL, NULL, NULL, 14, '56', NULL, ' -', 'Goyarpar Unit-2', ', , ', 'Ajmirgonj, Bakshigonj, Jamalpur', '01920599276', 1, 1, NULL, '2023-01-26 04:59:02', '2023-01-26 04:59:02'),
(57, 2, 4, NULL, NULL, NULL, 15, '57', NULL, ' -', 'Vadail Unit-1', ', , ', 'Ajmirgonj, Bakshigonj, Jamalpur', '01939795224', 1, 1, NULL, '2023-01-26 05:00:35', '2023-01-26 05:00:35'),
(58, 2, 4, NULL, NULL, NULL, 15, '58', NULL, ' -', 'Vadail Unit-2', ', , ', 'Ajmirgonj, Bakshigonj, Jamalpur', '01939795224', 1, 1, NULL, '2023-01-26 05:01:38', '2023-01-26 05:01:38'),
(59, 2, 6, NULL, NULL, NULL, 50, '59', NULL, '-  - -', 'Ajmirgonj - Vatia Para -2 Unit-2', ', , ', 'Ajmirgonj, Bakshigonj, Jamalpur', '01900000000', 1, 1, NULL, '2023-01-26 05:02:42', '2023-01-26 05:02:42'),
(60, 2, 6, NULL, NULL, NULL, 51, '60', NULL, '-  - -', 'Ajmirgonj - Gupal Pur -3 Unit-1', ', , ', 'Ajmirgonj, Bakshigonj, Jamalpur', '01900000000', 1, 1, NULL, '2023-01-26 05:04:03', '2023-01-26 05:04:03'),
(61, 2, 4, NULL, NULL, NULL, 16, '61', NULL, '  -', 'Pobnar Tak Unit-1', ', , ', 'Ajmirgonj, Bakshigonj, Jamalpur', '01711488447', 1, 1, NULL, '2023-01-26 05:04:05', '2023-01-26 05:04:05'),
(62, 2, 6, NULL, NULL, NULL, 51, '62', NULL, '-  - -', 'Ajmirgonj - Gupal Pur -3 Unit-2', ', , ', 'Ajmirgonj, Bakshigonj, Jamalpur', '01900000000', 1, 1, NULL, '2023-01-26 05:04:55', '2023-01-26 05:04:55'),
(64, 2, 4, NULL, NULL, NULL, 16, '64', NULL, '  -', 'Pobnar Tak Unit-2', ', , ', 'Ajmirgonj, Bakshigonj, Jamalpur', '01711488447', 1, 1, NULL, '2023-01-26 05:06:36', '2023-01-26 05:06:36'),
(65, 2, 6, NULL, NULL, NULL, 54, '65', NULL, '  -', 'Alir Para Unit-1', ', , ', 'Ajmirgonj, Bakshigonj, Jamalpur', '01900000000', 1, 1, NULL, '2023-01-26 05:07:07', '2023-01-26 05:07:07'),
(66, 2, 6, NULL, NULL, NULL, 54, '66', NULL, '  -', 'Alir Para Unit-2', ', , ', 'Ajmirgonj, Bakshigonj, Jamalpur', '01900000000', 1, 1, NULL, '2023-01-26 05:08:21', '2023-01-26 05:08:21'),
(67, 2, 4, NULL, NULL, NULL, 17, '67', NULL, ' -', 'Dandabor Unit-1', ', , ', 'Ajmirgonj, Bakshigonj, Jamalpur', '01749392979', 1, 1, NULL, '2023-01-26 05:11:44', '2023-01-26 05:11:44'),
(68, 2, 6, NULL, NULL, NULL, 58, '68', NULL, ' -   -', 'Talia Para - Chowkhar Char Unit-1', ', , ', 'Ajmirgonj, Bakshigonj, Jamalpur', '01900000000', 1, 1, NULL, '2023-01-26 05:12:05', '2023-01-26 05:12:05'),
(69, 2, 6, NULL, NULL, NULL, 58, '69', NULL, ' -   -', 'Talia Para - Chowkhar Char Unit-2', ', , ', 'Ajmirgonj, Bakshigonj, Jamalpur', '01900000000', 1, 1, NULL, '2023-01-26 05:12:50', '2023-01-26 05:12:50'),
(70, 2, 4, NULL, NULL, NULL, 17, '70', NULL, ' -', 'Dandabor Unit-2', ', , ', 'Ajmirgonj, Bakshigonj, Jamalpur', '01749392979', 1, 1, NULL, '2023-01-26 05:13:04', '2023-01-26 05:13:04'),
(71, 2, 6, NULL, NULL, NULL, 60, '71', NULL, '  -', 'Bash Toli Unit-1', ', , ', 'Ajmirgonj, Bakshigonj, Jamalpur', '01900000000', 1, 1, NULL, '2023-01-26 05:14:16', '2023-01-26 05:14:16'),
(72, 2, 4, NULL, NULL, NULL, 18, '72', NULL, ',  -', 'Uttara, Dhaka Unit-1', ', , ', 'Ajmirgonj, Bakshigonj, Jamalpur', '01819455068', 1, 1, NULL, '2023-01-26 05:14:41', '2023-01-26 05:14:41'),
(73, 2, 6, NULL, NULL, NULL, 60, '73', NULL, '  -', 'Bash Toli Unit-2', ', , ', 'Ajmirgonj, Bakshigonj, Jamalpur', '01900000000', 1, 1, NULL, '2023-01-26 05:15:11', '2023-01-26 05:15:11'),
(74, 2, 4, NULL, NULL, NULL, 18, '74', NULL, ',  -', 'Uttara, Dhaka Unit-2', ', , ', 'Ajmirgonj, Bakshigonj, Jamalpur', '01819455068', 1, 1, NULL, '2023-01-26 05:15:33', '2023-01-26 05:15:33'),
(75, 2, 6, NULL, NULL, NULL, 63, '75', NULL, '  -', 'Noyar Char Unit-1', ', , ', 'Ajmirgonj, Bakshigonj, Jamalpur', '01900000000', 1, 1, NULL, '2023-01-26 05:16:26', '2023-01-26 05:16:26'),
(76, 2, 6, NULL, NULL, NULL, 63, '76', NULL, '  -', 'Noyar Char Unit-2', ', , ', 'Ajmirgonj, Bakshigonj, Jamalpur', '01900000000', 1, 1, NULL, '2023-01-26 05:17:07', '2023-01-26 05:17:07'),
(77, 2, 6, NULL, NULL, NULL, 65, '77', NULL, '  -', 'Suna Kura Unit-1', ', , ', 'Ajmirgonj, Bakshigonj, Jamalpur', '01900000000', 1, 1, NULL, '2023-01-26 05:18:20', '2023-01-26 05:18:20'),
(78, 2, 4, NULL, NULL, NULL, 20, '78', NULL, ' ,  -', 'Nandi Para, Dhaka Unit-1', ', , ', 'Ajmirgonj, Bakshigonj, Jamalpur', '01930018385', 1, 1, NULL, '2023-01-26 05:18:34', '2023-01-26 05:18:34'),
(79, 2, 6, NULL, NULL, NULL, 65, '79', NULL, '  -', 'Suna Kura Unit-2', ', , ', 'Ajmirgonj, Bakshigonj, Jamalpur', '01900000000', 1, 1, NULL, '2023-01-26 05:19:26', '2023-01-26 05:19:26'),
(80, 2, 4, NULL, NULL, NULL, 20, '80', NULL, ' ,  -', 'Nandi Para, Dhaka Unit-2', ', , ', 'Ajmirgonj, Bakshigonj, Jamalpur', '01930018385', 1, 1, NULL, '2023-01-26 05:19:47', '2023-01-26 05:19:47'),
(81, 2, 6, NULL, NULL, NULL, 68, '81', NULL, '  -', 'Pakhi Ura Unit-1', ', , ', 'Ajmirgonj, Bakshigonj, Jamalpur', '01900000000', 1, 1, NULL, '2023-01-26 05:20:30', '2023-01-26 05:20:30'),
(82, 2, 6, NULL, NULL, NULL, 68, '82', NULL, '  -', 'Pakhi Ura Unit-2', ', , ', 'Ajmirgonj, Bakshigonj, Jamalpur', '01900000000', 1, 1, NULL, '2023-01-26 05:21:12', '2023-01-26 05:21:12'),
(83, 2, 6, NULL, NULL, NULL, 70, '83', NULL, '  -', 'Gual Kanda Unit-1', ', , ', 'Ajmirgonj, Bakshigonj, Jamalpur', '01900000000', 1, 1, NULL, '2023-01-26 05:22:34', '2023-01-26 05:22:34'),
(84, 2, 6, NULL, NULL, NULL, 70, '84', NULL, '  -', 'Gual Kanda Unit-2', ', , ', 'Ajmirgonj, Bakshigonj, Jamalpur', '01900000000', 1, 1, NULL, '2023-01-26 05:23:22', '2023-01-26 05:23:22'),
(85, 2, 6, NULL, NULL, NULL, 73, '85', NULL, '  -', 'Modher Char Unit-1', ', , ', 'Ajmirgonj, Bakshigonj, Jamalpur', '01900000000', 1, 1, NULL, '2023-01-26 05:24:34', '2023-01-26 05:24:34'),
(86, 2, 6, NULL, NULL, NULL, 73, '86', NULL, '  -', 'Modher Char Unit-2', ', , ', 'Ajmirgonj, Bakshigonj, Jamalpur', '01900000000', 1, 1, NULL, '2023-01-26 05:25:39', '2023-01-26 05:25:39'),
(87, 2, 6, NULL, NULL, NULL, 75, '87', NULL, ' -', 'Rajibpur Unit-1', ', , ', 'Ajmirgonj, Bakshigonj, Jamalpur', '01900000000', 1, 1, NULL, '2023-01-26 05:28:32', '2023-01-26 05:28:32'),
(88, 2, 6, NULL, NULL, NULL, 75, '88', NULL, ' -', 'Rajibpur Unit-2', ', , ', 'Ajmirgonj, Bakshigonj, Jamalpur', '01900000000', 1, 1, NULL, '2023-01-26 05:29:24', '2023-01-26 05:29:24'),
(89, 2, 6, NULL, NULL, NULL, 77, '89', NULL, '  -', 'Aglar Char Unit-1', ', , ', 'Ajmirgonj, Bakshigonj, Jamalpur', '01900000000', 1, 1, NULL, '2023-01-26 05:30:31', '2023-01-26 05:30:31'),
(90, 2, 6, NULL, NULL, NULL, 77, '90', NULL, '  -', 'Aglar Char Unit-2', ', , ', 'Ajmirgonj, Bakshigonj, Jamalpur', '01900000000', 1, 1, NULL, '2023-01-26 05:31:23', '2023-01-26 05:31:23'),
(91, 2, 6, NULL, NULL, NULL, 78, '91', NULL, '- -', 'Dinajpur -1 Unit-1', ', , ', 'Ajmirgonj, Bakshigonj, Jamalpur', '01900000000', 1, 1, NULL, '2023-01-26 05:33:01', '2023-01-26 05:33:01'),
(92, 2, 6, NULL, NULL, NULL, 78, '92', NULL, '- -', 'Dinajpur -1 Unit-2', ', , ', 'Ajmirgonj, Bakshigonj, Jamalpur', '01900000000', 1, 1, NULL, '2023-01-26 05:34:55', '2023-01-26 05:34:55'),
(93, 2, 6, NULL, NULL, NULL, 79, '93', NULL, '- -', 'Dinajpur -2 Unit-1', ', , ', 'Ajmirgonj, Bakshigonj, Jamalpur', '01900000000', 1, 1, NULL, '2023-01-26 05:43:12', '2023-01-26 05:43:12'),
(94, 2, 6, NULL, NULL, NULL, 79, '94', NULL, '- -', 'Dinajpur -2 Unit-2', ', , ', 'Ajmirgonj, Bakshigonj, Jamalpur', '01900000000', 1, 1, NULL, '2023-01-26 05:44:43', '2023-01-26 05:44:43'),
(95, 2, 4, NULL, NULL, NULL, 22, '95', NULL, ' -', 'Kaliakor Unit-1', ', , ', 'Ajmirgonj, Bakshigonj, Jamalpur', '01900000000', 1, 1, NULL, '2023-01-26 07:51:34', '2023-01-26 07:51:34'),
(96, 2, 4, NULL, NULL, NULL, 22, '96', NULL, ' -', 'Kaliakor Unit-2', ', , ', 'Ajmirgonj, Bakshigonj, Jamalpur', '01900000000', 1, 1, NULL, '2023-01-26 07:52:50', '2023-01-26 07:52:50'),
(97, 2, 4, NULL, NULL, NULL, 25, '97', NULL, ' ,  -', 'Madar Tak, Dhaka Unit-1', ', , ', 'Ajmirgonj, Bakshigonj, Jamalpur', '01963008148', 1, 1, NULL, '2023-01-26 07:55:22', '2023-01-26 07:55:22'),
(98, 2, 4, NULL, NULL, NULL, 25, '98', NULL, ' ,  -', 'Madar Tak, Dhaka Unit-2', ', , ', 'Ajmirgonj, Bakshigonj, Jamalpur', '01963008148', 1, 1, NULL, '2023-01-26 07:57:19', '2023-01-26 07:57:19'),
(99, 2, 7, NULL, NULL, NULL, 52, '99', NULL, ' -  -', 'Nandina Town- 1 Unit-1', ', , ', 'Ajmirgonj, Bakshigonj, Jamalpur', '01900000000', 1, 1, NULL, '2023-01-26 08:30:56', '2023-01-26 08:30:56'),
(100, 2, 7, NULL, NULL, NULL, 55, '100', NULL, ' - 1 -2', 'Nandina Town- 1 Unit-2', ', , ', 'Ajmirgonj, Bakshigonj, Jamalpur', '01900000000', 1, 1, NULL, '2023-01-26 08:31:42', '2023-01-26 08:31:42'),
(101, 2, 7, NULL, NULL, NULL, 53, '101', NULL, ' - 2 -1', 'Nandina Town- 2 Unit-1', ', , ', 'Ajmirgonj, Bakshigonj, Jamalpur', '01900000000', 1, 1, NULL, '2023-01-26 08:33:01', '2023-01-26 08:33:01'),
(102, 2, 7, NULL, NULL, NULL, 53, '102', NULL, ' - 2 -2', 'Nandina Town- 2 Unit-2', ', , ', 'Ajmirgonj, Bakshigonj, Jamalpur', '01900000000', 1, 1, NULL, '2023-01-26 08:33:59', '2023-01-26 08:33:59'),
(103, 2, 5, NULL, NULL, NULL, 27, '103', NULL, '  -', 'Balu Ghat Unit-1', ', , ', 'Ajmirgonj, Bakshigonj, Jamalpur', '01900000000', 1, 1, NULL, '2023-01-26 10:06:02', '2023-01-26 10:06:02'),
(104, 2, 5, NULL, NULL, NULL, 27, '104', NULL, '  -', 'Balu Ghat Unit-2', ', , ', 'Ajmirgonj, Bakshigonj, Jamalpur', '019000000000', 1, 1, NULL, '2023-01-26 10:06:55', '2023-01-26 10:06:55'),
(105, 2, 5, NULL, NULL, NULL, 29, '105', NULL, '  -', 'Nobi Nagar Unit-1', ', , ', 'Ajmirgonj, Bakshigonj, Jamalpur', '01900000000', 1, 1, NULL, '2023-01-26 10:08:42', '2023-01-26 10:08:42'),
(106, 2, 5, NULL, NULL, NULL, 29, '106', NULL, '  -', 'Nobi Nagar Unit-2', ', , ', 'Ajmirgonj, Bakshigonj, Jamalpur', '01900000000', 1, 1, NULL, '2023-01-26 10:09:52', '2023-01-26 10:09:52'),
(107, 2, 5, NULL, NULL, NULL, 31, '107', NULL, '- -  -', 'Sreebordi - Noyapara- 1 Unit-1', ', , ', 'Ajmirgonj, Bakshigonj, Jamalpur', '01900000000', 1, 1, NULL, '2023-01-30 04:16:17', '2023-01-30 04:16:17'),
(108, 2, 5, NULL, NULL, NULL, 31, '108', NULL, '- - -', 'Sreebordi - Noyapara- 1 Unit-2', ', , ', 'Ajmirgonj, Bakshigonj, Jamalpur', '01900000000', 1, 1, NULL, '2023-01-30 04:17:35', '2023-01-30 04:17:35'),
(109, 2, 5, NULL, NULL, NULL, 33, '109', NULL, '- - -', 'Sreebordi - Noyapara-2 Unit-1', ', , ', 'Ajmirgonj, Bakshigonj, Jamalpur', '01900000000', 1, 1, NULL, '2023-01-30 04:18:49', '2023-01-30 04:18:49'),
(110, 2, 5, NULL, NULL, NULL, 33, '110', NULL, '- - -', 'Sreebordi - Noyapara-2 Unit-2', ', , ', 'Ajmirgonj, Bakshigonj, Jamalpur', '01900000000', 1, 1, NULL, '2023-01-30 04:39:08', '2023-01-30 04:39:08'),
(111, 2, 5, NULL, NULL, NULL, 34, '111', NULL, '  -', 'Chowak Kawria Unit-1', ', , ', 'Ajmirgonj, Bakshigonj, Jamalpur', '01900000000', 1, 1, NULL, '2023-01-30 05:51:58', '2023-01-30 05:51:58'),
(112, 2, 5, NULL, NULL, NULL, 34, '112', NULL, '  -', 'Chowak Kawria Unit-2', ', , ', 'Ajmirgonj, Bakshigonj, Jamalpur', '01900000000', 1, 1, NULL, '2023-01-30 05:52:49', '2023-01-30 05:52:49'),
(113, 2, 5, NULL, NULL, NULL, 36, '113', NULL, ' -  -', 'Jhagrar Char- 1 Unit-1', ', , ', 'Ajmirgonj, Bakshigonj, Jamalpur', '01900000000', 1, 1, NULL, '2023-02-01 03:28:00', '2023-02-01 03:28:00'),
(114, 2, 5, NULL, NULL, NULL, 36, '114', NULL, ' - -', 'Jhagrar Char- 1 Unit-2', ', , ', 'Ajmirgonj, Bakshigonj, Jamalpur', '01900000000', 1, 1, NULL, '2023-02-01 03:29:44', '2023-02-01 03:29:44'),
(115, 2, 5, NULL, NULL, NULL, 38, '115', NULL, ' - -', 'Jhagrar Char-2 Unit-1', ', , ', 'Ajmirgonj, Bakshigonj, Jamalpur', '01900000000', 1, 1, NULL, '2023-02-01 03:31:17', '2023-02-01 03:31:17'),
(116, 2, 5, NULL, NULL, NULL, 38, '116', NULL, ' - -', 'Jhagrar Char-2 Unit-2', ', , ', 'Ajmirgonj, Bakshigonj, Jamalpur', '01900000000', 1, 1, NULL, '2023-02-01 03:32:20', '2023-02-01 03:32:20'),
(117, 2, 5, NULL, NULL, NULL, 39, '117', NULL, ' - -', 'Jhagrar Char-3 Unit-1', ', , ', 'Ajmirgonj, Bakshigonj, Jamalpur', '01900000000', 1, 1, NULL, '2023-02-01 03:34:45', '2023-02-01 03:34:45'),
(118, 2, 5, NULL, NULL, NULL, 39, '118', NULL, ' - -', 'Jhagrar Char-3 Unit-2', ', , ', 'Ajmirgonj, Bakshigonj, Jamalpur', '01900000000', 1, 1, NULL, '2023-02-01 03:35:54', '2023-02-01 03:35:54'),
(119, 2, 5, NULL, NULL, NULL, 41, '119', NULL, ' - -', 'Nalita Bari-1 Unit-1', ', , ', 'Ajmirgonj, Bakshigonj, Jamalpur', '01900000000', 1, 1, NULL, '2023-02-01 03:37:33', '2023-02-01 03:37:33'),
(120, 2, 5, NULL, NULL, NULL, 41, '120', NULL, ' - -', 'Nalita Bari-1 Unit-2', ', , ', 'Ajmirgonj, Bakshigonj, Jamalpur', '01900000000', 1, 1, NULL, '2023-02-01 03:38:28', '2023-02-01 03:38:28'),
(121, 2, 5, NULL, NULL, NULL, 43, '121', NULL, ' - -', 'Nalita Bari-2 Unit-1', ', , ', 'Ajmirgonj, Bakshigonj, Jamalpur', '01900000000', 1, 1, NULL, '2023-02-01 03:40:17', '2023-02-01 03:40:17'),
(122, 2, 5, NULL, NULL, NULL, 43, '122', NULL, ' - -', 'Nalita Bari-2 Unit-2', ', , ', 'Ajmirgonj, Bakshigonj, Jamalpur', '01900000000', 1, 1, NULL, '2023-02-01 03:43:52', '2023-02-01 03:43:52'),
(123, 2, 5, NULL, NULL, NULL, 45, '123', NULL, ' -   -', 'Char Sherpur - Satani Para Unit-1', ', , ', 'Ajmirgonj, Bakshigonj, Jamalpur', '01900000000', 1, 1, NULL, '2023-02-01 03:48:15', '2023-02-01 03:48:15'),
(124, 2, 5, NULL, NULL, NULL, 45, '124', NULL, ' -   -', 'Char Sherpur - Satani Para Unit-2', ', , ', 'Ajmirgonj, Bakshigonj, Jamalpur', '01900000000', 1, 1, NULL, '2023-02-01 03:49:10', '2023-02-01 03:49:10'),
(125, 2, 5, NULL, NULL, NULL, 47, '125', NULL, ' -  -', 'Boroi Kuchi- Kakilakura Unit-1', ', , ', 'Ajmirgonj, Bakshigonj, Jamalpur', '01900000000', 1, 1, NULL, '2023-02-01 03:51:27', '2023-02-01 03:51:27'),
(126, 2, 5, NULL, NULL, NULL, 47, '126', NULL, ' -  -', 'Boroi Kuchi- Kakilakura Unit-2', ', , ', 'Ajmirgonj, Bakshigonj, Jamalpur', '01900000000', 1, 1, NULL, '2023-02-01 03:52:36', '2023-02-01 03:52:36'),
(127, 2, 5, NULL, NULL, NULL, 48, '127', NULL, '  -', 'Baroi Kuchi Unit-1', ', , ', 'Ajmirgonj, Bakshigonj, Jamalpur', '01900000000', 1, 1, NULL, '2023-02-01 03:55:10', '2023-02-01 03:55:10'),
(128, 2, 5, NULL, NULL, NULL, 48, '128', NULL, '  -', 'Baroi Kuchi Unit-2', ', , ', 'Ajmirgonj, Bakshigonj, Jamalpur', '01900000000', 1, 1, NULL, '2023-02-01 03:56:03', '2023-02-01 03:56:03'),
(129, 2, 7, NULL, NULL, NULL, 55, '129', NULL, ' -  -', 'Nandina Char- 1 Unit-1', ', , ', 'Ajmirgonj, Bakshigonj, Jamalpur', '01900000000', 1, 1, NULL, '2023-02-01 07:11:42', '2023-02-01 07:11:42'),
(130, 2, 7, NULL, NULL, NULL, 55, '130', NULL, ' - -', 'Nandina Char- 1 Unit-2', ', , ', 'Ajmirgonj, Bakshigonj, Jamalpur', '01900000000', 1, 1, NULL, '2023-02-01 07:31:31', '2023-02-01 07:31:31'),
(131, 2, 7, NULL, NULL, NULL, 80, '131', NULL, ' - ', 'Unit - 1', ' ', 'Phulpur Nalitabari', '01900000000', 1, 1, 1, '2023-02-13 08:15:06', '2023-02-13 08:19:18');

-- --------------------------------------------------------

--
-- Table structure for table `colors`
--

CREATE TABLE `colors` (
  `id` mediumint UNSIGNED NOT NULL,
  `code` varchar(255) CHARACTER SET utf8mb4 COLLATE utf8mb4_unicode_ci DEFAULT NULL,
  `name` varchar(255) CHARACTER SET utf8mb4 COLLATE utf8mb4_unicode_ci DEFAULT NULL,
  `title_bn` varchar(255) CHARACTER SET utf8mb4 COLLATE utf8mb4_unicode_ci DEFAULT NULL,
  `title_en` varchar(255) CHARACTER SET utf8mb4 COLLATE utf8mb4_unicode_ci DEFAULT NULL,
  `status` tinyint NOT NULL DEFAULT '1',
  `created_by` int DEFAULT NULL,
  `updated_by` int DEFAULT NULL,
  `created_at` timestamp NULL DEFAULT NULL,
  `updated_at` timestamp NULL DEFAULT NULL
) ENGINE=InnoDB DEFAULT CHARSET=utf8mb4 COLLATE=utf8mb4_unicode_ci;

--
-- Dumping data for table `colors`
--

INSERT INTO `colors` (`id`, `code`, `name`, `title_bn`, `title_en`, `status`, `created_by`, `updated_by`, `created_at`, `updated_at`) VALUES
(1, '1', NULL, '', 'Yellow', 1, 1, NULL, '2023-01-20 09:24:46', '2023-01-20 09:24:46'),
(2, '2', NULL, '', 'White', 1, 1, NULL, '2023-01-20 09:24:59', '2023-01-20 09:24:59'),
(3, '3', NULL, '', 'Green', 1, 1, NULL, '2023-01-20 09:25:17', '2023-01-20 09:25:17'),
(4, '4', NULL, '', 'Red', 1, 1, NULL, '2023-01-20 09:25:34', '2023-01-20 09:25:34');

-- --------------------------------------------------------

--
-- Table structure for table `conditions`
--

CREATE TABLE `conditions` (
  `id` mediumint UNSIGNED NOT NULL,
  `code` varchar(255) CHARACTER SET utf8mb4 COLLATE utf8mb4_unicode_ci DEFAULT NULL,
  `name` varchar(255) CHARACTER SET utf8mb4 COLLATE utf8mb4_unicode_ci DEFAULT NULL,
  `title_bn` varchar(255) CHARACTER SET utf8mb4 COLLATE utf8mb4_unicode_ci DEFAULT NULL,
  `title_en` varchar(255) CHARACTER SET utf8mb4 COLLATE utf8mb4_unicode_ci DEFAULT NULL,
  `is_rel` tinyint(1) NOT NULL DEFAULT '1',
  `status` tinyint NOT NULL DEFAULT '1',
  `created_by` int DEFAULT NULL,
  `updated_by` int DEFAULT NULL,
  `created_at` timestamp NULL DEFAULT NULL,
  `updated_at` timestamp NULL DEFAULT NULL
) ENGINE=InnoDB DEFAULT CHARSET=utf8mb4 COLLATE=utf8mb4_unicode_ci;

--
-- Dumping data for table `conditions`
--

INSERT INTO `conditions` (`id`, `code`, `name`, `title_bn`, `title_en`, `is_rel`, `status`, `created_by`, `updated_by`, `created_at`, `updated_at`) VALUES
(1, '1', NULL, '    ?', 'Usor earn fist ?', 0, 1, 1, 1, '2023-01-18 11:12:42', '2023-02-13 10:45:13'),
(2, '2', NULL, '    ?', '6th Sharif observes ?', 0, 1, 1, NULL, '2023-01-18 11:12:59', '2023-01-18 11:12:59'),
(3, '3', NULL, '    ?', '12th Sharif observes ?', 0, 1, 1, NULL, '2023-01-18 11:13:18', '2023-01-18 11:13:18'),
(4, '4', NULL, '    ?', 'Celebrate weekly Milad ?', 0, 1, 1, NULL, '2023-01-18 11:13:47', '2023-01-18 11:13:47'),
(5, '5', NULL, '    ?', 'Boys and girls fall out ?', 0, 1, 1, NULL, '2023-01-18 11:14:01', '2023-01-18 11:14:01'),
(6, '6', NULL, '    ?', 'Sacrifice by collecting ?', 0, 1, 1, NULL, '2023-01-18 11:14:16', '2023-01-18 11:14:16'),
(7, '7', NULL, '    ?', 'Every ajifa observes ?', 0, 1, 1, NULL, '2023-01-18 11:14:31', '2023-01-18 11:14:31'),
(8, '8', NULL, '  %    ?', 'Did 1% of 10 percent have been collected ?', 0, 1, 1, NULL, '2023-01-18 11:14:48', '2023-01-18 11:14:48'),
(9, '9', NULL, '   ?', 'Whether the lover is a member of the foundation ?', 1, 1, 1, 1, '2023-01-18 11:15:08', '2023-02-13 10:47:27');

-- --------------------------------------------------------

--
-- Table structure for table `districts`
--

CREATE TABLE `districts` (
  `id` mediumint UNSIGNED NOT NULL,
  `division_id` mediumint UNSIGNED DEFAULT NULL,
  `name` varchar(255) CHARACTER SET utf8mb4 COLLATE utf8mb4_unicode_ci DEFAULT NULL,
  `title_bn` varchar(255) CHARACTER SET utf8mb4 COLLATE utf8mb4_unicode_ci DEFAULT NULL,
  `title_en` varchar(255) CHARACTER SET utf8mb4 COLLATE utf8mb4_unicode_ci DEFAULT NULL,
  `division_bbs_code` char(2) CHARACTER SET utf8mb4 COLLATE utf8mb4_unicode_ci DEFAULT NULL,
  `bbs_code` char(3) CHARACTER SET utf8mb4 COLLATE utf8mb4_unicode_ci DEFAULT NULL,
  `status` tinyint NOT NULL DEFAULT '1',
  `created_by` int DEFAULT NULL,
  `updated_by` int DEFAULT NULL,
  `created_at` timestamp NULL DEFAULT NULL,
  `updated_at` timestamp NULL DEFAULT NULL
) ENGINE=InnoDB DEFAULT CHARSET=utf8mb4 COLLATE=utf8mb4_unicode_ci;

--
-- Dumping data for table `districts`
--

INSERT INTO `districts` (`id`, `division_id`, `name`, `title_bn`, `title_en`, `division_bbs_code`, `bbs_code`, `status`, `created_by`, `updated_by`, `created_at`, `updated_at`) VALUES
(1, 1, NULL, '', 'Barguna', '10', '04', 1, 1, 1, '2023-01-19 08:37:48', '2023-01-19 08:37:48'),
(2, 1, NULL, '', 'Barisal', '10', '06', 1, 1, 1, '2023-01-19 08:37:48', '2023-01-19 08:37:48'),
(3, 1, NULL, '', 'Bhola', '10', '09', 1, 1, 1, '2023-01-19 08:37:48', '2023-01-19 08:37:48'),
(4, 1, NULL, '', 'Jhalokati', '10', '42', 1, 1, 1, '2023-01-19 08:37:48', '2023-01-19 08:37:48'),
(5, 1, NULL, ' ', 'Patuakhali', '10', '78', 1, 1, 1, '2023-01-19 08:37:48', '2023-01-19 08:37:48'),
(6, 1, NULL, ' ', 'Pirojpur', '10', '79', 1, 1, 1, '2023-01-19 08:37:48', '2023-01-19 08:37:48'),
(7, 2, NULL, '', 'Bandarban', '20', '03', 1, 1, 1, '2023-01-19 08:37:48', '2023-01-19 08:37:48'),
(8, 2, NULL, '', 'Brahmanbaria', '20', '12', 1, 1, 1, '2023-01-19 08:37:48', '2023-01-19 08:37:48'),
(9, 2, NULL, '', 'Chandpur', '20', '13', 1, 1, 1, '2023-01-19 08:37:48', '2023-01-19 08:37:48'),
(10, 2, NULL, '', 'Chittagong', '20', '15', 1, 1, 1, '2023-01-19 08:37:48', '2023-01-19 08:37:48'),
(11, 2, NULL, '', 'Comilla', '20', '19', 1, 1, 1, '2023-01-19 08:37:48', '2023-01-19 08:37:48'),
(12, 2, NULL, ' ', 'Coxs bazar', '20', '22', 1, 1, 1, '2023-01-19 08:37:48', '2023-01-19 08:37:48'),
(13, 2, NULL, '', 'Feni', '20', '30', 1, 1, 1, '2023-01-19 08:37:48', '2023-01-19 08:37:48'),
(14, 2, NULL, '', 'Khagrachhari', '20', '46', 1, 1, 1, '2023-01-19 08:37:48', '2023-01-19 08:37:48'),
(15, 2, NULL, '', 'Lakshmipur', '20', '51', 1, 1, 1, '2023-01-19 08:37:48', '2023-01-19 08:37:48'),
(16, 2, NULL, '', 'Noakhali', '20', '75', 1, 1, 1, '2023-01-19 08:37:48', '2023-01-19 08:37:48'),
(17, 2, NULL, '', 'Rangamati', '20', '84', 1, 1, 1, '2023-01-19 08:37:48', '2023-01-19 08:37:48'),
(18, 3, NULL, ' ', 'Dhaka', '30', '26', 1, 1, 1, '2023-01-19 08:37:48', '2023-01-19 08:37:48'),
(19, 3, NULL, ' ', 'Faridpur', '30', '29', 1, 1, 1, '2023-01-19 08:37:48', '2023-01-19 08:37:48'),
(20, 3, NULL, ' ', 'Gazipur', '30', '33', 1, 1, 1, '2023-01-19 08:37:48', '2023-01-19 08:37:48'),
(21, 3, NULL, '', 'Gopalganj', '30', '35', 1, 1, 1, '2023-01-19 08:37:48', '2023-01-19 08:37:48'),
(22, 9, NULL, ' ', 'Jamalpur', '45', '39', 1, 1, 1, '2023-01-19 08:37:48', '2023-01-19 08:37:48'),
(23, 3, NULL, ' ', 'Kishoregonj', '30', '48', 1, 1, 1, '2023-01-19 08:37:48', '2023-01-19 08:37:48'),
(24, 3, NULL, ' ', 'Madaripur', '30', '54', 1, 1, 1, '2023-01-19 08:37:48', '2023-01-19 08:37:48'),
(25, 3, NULL, ' ', 'Manikganj', '30', '56', 1, 1, 1, '2023-01-19 08:37:48', '2023-01-19 08:37:48'),
(26, 3, NULL, ' ', 'Munshiganj', '30', '59', 1, 1, 1, '2023-01-19 08:37:48', '2023-01-19 08:37:48'),
(27, 9, NULL, ' ', 'Mymensingh', '45', '61', 1, 1, 1, '2023-01-19 08:37:48', '2023-01-19 08:37:48'),
(28, 3, NULL, ' ', 'Narayanganj', '30', '67', 1, 1, 1, '2023-01-19 08:37:48', '2023-01-19 08:37:48'),
(29, 3, NULL, ' ', 'Narsingdi', '30', '68', 1, 1, 1, '2023-01-19 08:37:48', '2023-01-19 08:37:48'),
(30, 9, NULL, ' ', 'Netrakona', '45', '72', 1, 1, 1, '2023-01-19 08:37:48', '2023-01-19 08:37:48'),
(31, 3, NULL, ' ', 'Rajbari', '30', '82', 1, 1, 1, '2023-01-19 08:37:48', '2023-01-19 08:37:48'),
(32, 3, NULL, '  ', 'Shariatpur', '30', '86', 1, 1, 1, '2023-01-19 08:37:48', '2023-01-19 08:37:48'),
(33, 9, NULL, ' ', 'Sherpur', '45', '89', 1, 1, 1, '2023-01-19 08:37:48', '2023-01-19 08:37:48'),
(34, 3, NULL, ' ', 'Tangail', '30', '93', 1, 1, 1, '2023-01-19 08:37:48', '2023-01-19 08:37:48'),
(35, 4, NULL, '', 'Bagerhat', '40', '01', 1, 1, 1, '2023-01-19 08:37:48', '2023-01-19 08:37:48'),
(36, 4, NULL, ' ', 'Chuadanga', '40', '18', 1, 1, 1, '2023-01-19 08:37:48', '2023-01-19 08:37:48'),
(37, 4, NULL, ' ', 'Jashore', '40', '41', 1, 1, 1, '2023-01-19 08:37:48', '2023-01-19 08:37:48'),
(38, 4, NULL, ' ', 'Jhenaidah', '40', '44', 1, 1, 1, '2023-01-19 08:37:48', '2023-01-19 08:37:48'),
(39, 4, NULL, ' ', 'Khulna', '40', '47', 1, 1, 1, '2023-01-19 08:37:48', '2023-01-19 08:37:48'),
(40, 4, NULL, ' ', 'Kushtia', '40', '50', 1, 1, 1, '2023-01-19 08:37:48', '2023-01-19 08:37:48'),
(41, 4, NULL, '', 'Magura', '40', '55', 1, 1, 1, '2023-01-19 08:37:48', '2023-01-19 08:37:48'),
(42, 4, NULL, ' ', 'Meherpur', '40', '57', 1, 1, 1, '2023-01-19 08:37:48', '2023-01-19 08:37:48'),
(43, 4, NULL, ' ', 'Narail', '40', '65', 1, 1, 1, '2023-01-19 08:37:48', '2023-01-19 08:37:48'),
(44, 4, NULL, ' ', 'Satkhira', '40', '87', 1, 1, 1, '2023-01-19 08:37:48', '2023-01-19 08:37:48'),
(45, 5, NULL, ' ', 'Bogra', '50', '10', 1, 1, 1, '2023-01-19 08:37:48', '2023-01-19 08:37:48'),
(46, 5, NULL, '', 'Joypurhat', '50', '38', 1, 1, 1, '2023-01-19 08:37:48', '2023-01-19 08:37:48'),
(47, 5, NULL, ' ', 'Naogaon', '50', '64', 1, 1, 1, '2023-01-19 08:37:48', '2023-01-19 08:37:48'),
(48, 5, NULL, ' ', 'Natore', '50', '69', 1, 1, 1, '2023-01-19 08:37:48', '2023-01-19 08:37:48'),
(49, 5, NULL, '  ', 'Chapai nababganj', '50', '70', 1, 1, 1, '2023-01-19 08:37:48', '2023-01-19 08:37:48'),
(50, 5, NULL, '', 'Pabna', '50', '76', 1, 1, 1, '2023-01-19 08:37:48', '2023-01-19 08:37:48'),
(51, 5, NULL, ' ', 'Rajshahi', '50', '81', 1, 1, 1, '2023-01-19 08:37:48', '2023-01-19 08:37:48'),
(52, 5, NULL, '', 'Sirajganj', '50', '88', 1, 1, 1, '2023-01-19 08:37:48', '2023-01-19 08:37:48'),
(53, 6, NULL, ' ', 'Dinajpur', '60', '27', 1, 1, 1, '2023-01-19 08:37:48', '2023-01-19 08:37:48'),
(54, 6, NULL, ' ', 'Gaibandha', '60', '32', 1, 1, 1, '2023-01-19 08:37:48', '2023-01-19 08:37:48'),
(55, 6, NULL, ' ', 'Kurigram', '60', '49', 1, 1, 1, '2023-01-19 08:37:48', '2023-01-19 08:37:48'),
(56, 6, NULL, ' ', 'Lalmonirhat', '60', '52', 1, 1, 1, '2023-01-19 08:37:48', '2023-01-19 08:37:48'),
(57, 6, NULL, '', 'Nilphamari', '60', '73', 1, 1, 1, '2023-01-19 08:37:48', '2023-01-19 08:37:48'),
(58, 6, NULL, ' ', 'Panchagarh', '60', '77', 1, 1, 1, '2023-01-19 08:37:48', '2023-01-19 08:37:48'),
(59, 6, NULL, ' ', 'Rangpur', '60', '85', 1, 1, 1, '2023-01-19 08:37:48', '2023-01-19 08:37:48'),
(60, 6, NULL, '', 'Thakurgaon', '60', '94', 1, 1, 1, '2023-01-19 08:37:48', '2023-01-19 08:37:48'),
(61, 7, NULL, ' ', 'Habiganj', '70', '36', 1, 1, 1, '2023-01-19 08:37:48', '2023-01-19 08:37:48'),
(62, 7, NULL, ' ', 'Maulvibazar', '70', '58', 1, 1, 1, '2023-01-19 08:37:48', '2023-01-19 08:37:48'),
(63, 7, NULL, ' ', 'Sunamganj', '70', '90', 1, 1, 1, '2023-01-19 08:37:48', '2023-01-19 08:37:48'),
(64, 7, NULL, '', 'Sylhet', '70', '91', 1, 1, 1, '2023-01-19 08:37:48', '2023-01-19 08:37:48');

-- --------------------------------------------------------

--
-- Table structure for table `divisions`
--

CREATE TABLE `divisions` (
  `id` mediumint UNSIGNED NOT NULL,
  `name` varchar(255) CHARACTER SET utf8mb4 COLLATE utf8mb4_unicode_ci DEFAULT NULL,
  `title_bn` varchar(255) CHARACTER SET utf8mb4 COLLATE utf8mb4_unicode_ci DEFAULT NULL,
  `title_en` varchar(255) CHARACTER SET utf8mb4 COLLATE utf8mb4_unicode_ci DEFAULT NULL,
  `bbs_code` char(2) CHARACTER SET utf8mb4 COLLATE utf8mb4_unicode_ci DEFAULT NULL,
  `status` tinyint NOT NULL DEFAULT '1',
  `created_by` int DEFAULT NULL,
  `updated_by` int DEFAULT NULL,
  `created_at` timestamp NULL DEFAULT NULL,
  `updated_at` timestamp NULL DEFAULT NULL
) ENGINE=InnoDB DEFAULT CHARSET=utf8mb4 COLLATE=utf8mb4_unicode_ci;

--
-- Dumping data for table `divisions`
--

INSERT INTO `divisions` (`id`, `name`, `title_bn`, `title_en`, `bbs_code`, `status`, `created_by`, `updated_by`, `created_at`, `updated_at`) VALUES
(1, NULL, '', 'Barisal', '10', 1, 0, 0, '2023-01-19 08:37:48', '2023-01-19 08:37:48'),
(2, NULL, '', 'Chittagong', '20', 1, 0, 0, '2023-01-19 08:37:48', '2023-01-19 08:37:48'),
(3, NULL, '', 'Dhaka', '30', 1, 0, 0, '2023-01-19 08:37:48', '2023-01-19 08:37:48'),
(4, NULL, '', 'Khulna', '40', 1, 0, 0, '2023-01-19 08:37:48', '2023-01-19 08:37:48'),
(5, NULL, '', 'Rajshahi', '50', 1, 0, 0, '2023-01-19 08:37:48', '2023-01-19 08:37:48'),
(6, NULL, '', 'Rangpur', '60', 1, 0, 0, '2023-01-19 08:37:48', '2023-01-19 08:37:48'),
(7, NULL, '', 'Sylhet', '70', 1, 0, 0, '2023-01-19 08:37:48', '2023-01-19 08:37:48'),
(9, NULL, '', 'Mymensingh', '45', 1, 0, 0, '2023-01-19 08:37:48', '2023-01-19 08:37:48');

-- --------------------------------------------------------

--
-- Table structure for table `failed_jobs`
--

CREATE TABLE `failed_jobs` (
  `id` bigint UNSIGNED NOT NULL,
  `uuid` varchar(255) CHARACTER SET utf8mb4 COLLATE utf8mb4_unicode_ci NOT NULL,
  `connection` text CHARACTER SET utf8mb4 COLLATE utf8mb4_unicode_ci NOT NULL,
  `queue` text CHARACTER SET utf8mb4 COLLATE utf8mb4_unicode_ci NOT NULL,
  `payload` varchar(255) CHARACTER SET utf8mb4 COLLATE utf8mb4_unicode_ci NOT NULL,
  `exception` varchar(255) CHARACTER SET utf8mb4 COLLATE utf8mb4_unicode_ci NOT NULL,
  `failed_at` timestamp NOT NULL DEFAULT CURRENT_TIMESTAMP
) ENGINE=InnoDB DEFAULT CHARSET=utf8mb4 COLLATE=utf8mb4_unicode_ci;

-- --------------------------------------------------------

--
-- Table structure for table `langs`
--

CREATE TABLE `langs` (
  `id` bigint UNSIGNED NOT NULL,
  `name` varchar(255) CHARACTER SET utf8mb4 COLLATE utf8mb4_unicode_ci DEFAULT NULL,
  `title_bn` varchar(255) CHARACTER SET utf8mb4 COLLATE utf8mb4_unicode_ci DEFAULT NULL,
  `title_en` varchar(255) CHARACTER SET utf8mb4 COLLATE utf8mb4_unicode_ci DEFAULT NULL,
  `page` varchar(255) CHARACTER SET utf8mb4 COLLATE utf8mb4_unicode_ci DEFAULT NULL,
  `key` varchar(255) CHARACTER SET utf8mb4 COLLATE utf8mb4_unicode_ci DEFAULT NULL,
  `lang_1` varchar(255) CHARACTER SET utf8mb4 COLLATE utf8mb4_unicode_ci DEFAULT NULL,
  `lang_2` varchar(255) CHARACTER SET utf8mb4 COLLATE utf8mb4_unicode_ci DEFAULT NULL,
  `created_at` timestamp NULL DEFAULT NULL,
  `updated_at` timestamp NULL DEFAULT NULL
) ENGINE=InnoDB DEFAULT CHARSET=utf8mb4 COLLATE=utf8mb4_unicode_ci;

-- --------------------------------------------------------

--
-- Table structure for table `migrations`
--

CREATE TABLE `migrations` (
  `id` int UNSIGNED NOT NULL,
  `migration` varchar(255) CHARACTER SET utf8mb4 COLLATE utf8mb4_unicode_ci NOT NULL,
  `batch` int NOT NULL
) ENGINE=InnoDB DEFAULT CHARSET=utf8mb4 COLLATE=utf8mb4_unicode_ci;

--
-- Dumping data for table `migrations`
--

INSERT INTO `migrations` (`id`, `migration`, `batch`) VALUES
(1, '2014_10_12_100000_create_password_resets_table', 1),
(2, '2019_08_19_000000_create_failed_jobs_table', 1),
(3, '2019_12_14_000001_create_personal_access_tokens_table', 1),
(4, '2021_11_05_090150_create_admins_table', 1),
(5, '2021_11_06_153729_create_permissions_table', 1),
(6, '2021_11_06_153741_create_roles_table', 1),
(7, '2021_11_06_160419_create_roles_permissions_table', 1),
(8, '2021_11_16_082729_create_site_settings_table', 1),
(9, '2021_11_28_043603_create_office_types_table', 1),
(10, '2021_11_28_043604_create_divisions_table', 1),
(11, '2021_11_28_043605_create_associations_table', 1),
(12, '2021_11_28_043606_create_areas_table', 1),
(13, '2021_11_28_043610_create_colors_table', 1),
(14, '2021_11_28_043610_create_conditions_table', 1),
(15, '2021_11_28_043610_create_sizes_table', 1),
(16, '2021_11_28_043930_create_districts_table', 1),
(17, '2021_11_28_043931_create_thanas_table', 1),
(18, '2021_11_28_043931_create_upazilas_table', 1),
(19, '2021_11_28_043934_create_branches_table', 1),
(20, '2021_11_28_043935_create_branch_units_table', 1),
(21, '2021_11_28_043936_create_users_table', 1),
(22, '2021_11_28_044524_add_foreign_keys_to_districts_table', 1),
(23, '2022_05_09_115012_add_foreign_keys_to_roles_permissions_table', 1),
(24, '2022_06_05_035903_create_activity_log_table', 1),
(25, '2022_06_05_035904_add_event_column_to_activity_log_table', 1),
(26, '2022_06_05_035905_add_batch_uuid_column_to_activity_log_table', 1),
(27, '2022_06_06_060302_create_user_types_table', 1),
(28, '2022_06_06_071954_add_foreign_keys_to_admins_table', 1),
(29, '2022_07_18_085156_create_langs_table', 1);

-- --------------------------------------------------------

--
-- Table structure for table `office_types`
--

CREATE TABLE `office_types` (
  `id` mediumint UNSIGNED NOT NULL,
  `code` varchar(255) CHARACTER SET utf8mb4 COLLATE utf8mb4_unicode_ci DEFAULT NULL,
  `name` varchar(255) CHARACTER SET utf8mb4 COLLATE utf8mb4_unicode_ci DEFAULT NULL,
  `title_bn` varchar(255) CHARACTER SET utf8mb4 COLLATE utf8mb4_unicode_ci DEFAULT NULL,
  `title_en` varchar(255) CHARACTER SET utf8mb4 COLLATE utf8mb4_unicode_ci DEFAULT NULL,
  `status` tinyint NOT NULL DEFAULT '1',
  `created_by` int DEFAULT NULL,
  `updated_by` int DEFAULT NULL,
  `created_at` timestamp NULL DEFAULT NULL,
  `updated_at` timestamp NULL DEFAULT NULL
) ENGINE=InnoDB DEFAULT CHARSET=utf8mb4 COLLATE=utf8mb4_unicode_ci;

--
-- Dumping data for table `office_types`
--

INSERT INTO `office_types` (`id`, `code`, `name`, `title_bn`, `title_en`, `status`, `created_by`, `updated_by`, `created_at`, `updated_at`) VALUES
(1, '1', NULL, ' ', 'Branch office', 1, NULL, NULL, '2023-01-20 15:27:18', '2023-01-20 15:27:18'),
(2, '2', NULL, ' ', 'Agent Office', 1, NULL, NULL, '2023-01-20 15:27:18', '2023-01-20 15:27:18');

-- --------------------------------------------------------

--
-- Table structure for table `password_resets`
--

CREATE TABLE `password_resets` (
  `email` varchar(255) CHARACTER SET utf8mb4 COLLATE utf8mb4_unicode_ci NOT NULL,
  `token` varchar(255) CHARACTER SET utf8mb4 COLLATE utf8mb4_unicode_ci NOT NULL,
  `created_at` timestamp NULL DEFAULT NULL
) ENGINE=InnoDB DEFAULT CHARSET=utf8mb4 COLLATE=utf8mb4_unicode_ci;

-- --------------------------------------------------------

--
-- Table structure for table `permissions`
--

CREATE TABLE `permissions` (
  `id` int UNSIGNED NOT NULL,
  `name` varchar(255) CHARACTER SET utf8mb4 COLLATE utf8mb4_unicode_ci DEFAULT NULL,
  `title_bn` varchar(255) CHARACTER SET utf8mb4 COLLATE utf8mb4_unicode_ci DEFAULT NULL,
  `title_en` varchar(255) CHARACTER SET utf8mb4 COLLATE utf8mb4_unicode_ci DEFAULT NULL,
  `group_name` varchar(255) CHARACTER SET utf8mb4 COLLATE utf8mb4_unicode_ci DEFAULT NULL,
  `group_parent_name` varchar(255) CHARACTER SET utf8mb4 COLLATE utf8mb4_unicode_ci DEFAULT NULL,
  `guard_name` varchar(255) CHARACTER SET utf8mb4 COLLATE utf8mb4_unicode_ci DEFAULT NULL,
  `created_at` timestamp NULL DEFAULT NULL,
  `updated_at` timestamp NULL DEFAULT NULL
) ENGINE=InnoDB DEFAULT CHARSET=utf8mb4 COLLATE=utf8mb4_unicode_ci;

--
-- Dumping data for table `permissions`
--

INSERT INTO `permissions` (`id`, `name`, `title_bn`, `title_en`, `group_name`, `group_parent_name`, `guard_name`, `created_at`, `updated_at`) VALUES
(1, 'role.create', NULL, NULL, 'role', 'role-permissions', 'admin', '2023-01-21 15:09:18', '2023-01-21 15:09:18'),
(2, 'role.read', NULL, NULL, 'role', 'role-permissions', 'admin', '2023-01-21 15:09:18', '2023-01-21 15:09:18'),
(3, 'role.update', NULL, NULL, 'role', 'role-permissions', 'admin', '2023-01-21 15:09:18', '2023-01-21 15:09:18'),
(4, 'role.delete', NULL, NULL, 'role', 'role-permissions', 'admin', '2023-01-21 15:09:18', '2023-01-21 15:09:18'),
(5, 'role.permission.update', NULL, NULL, 'role', 'role-permissions', 'admin', '2023-01-21 15:09:18', '2023-01-21 15:09:18'),
(6, 'user_type.create', NULL, NULL, 'user_type', 'role-permissions', 'admin', '2023-01-21 15:09:18', '2023-01-21 15:09:18'),
(7, 'user_type.read', NULL, NULL, 'user_type', 'role-permissions', 'admin', '2023-01-21 15:09:18', '2023-01-21 15:09:18'),
(8, 'user_type.update', NULL, NULL, 'user_type', 'role-permissions', 'admin', '2023-01-21 15:09:18', '2023-01-21 15:09:18'),
(9, 'user_type.delete', NULL, NULL, 'user_type', 'role-permissions', 'admin', '2023-01-21 15:09:18', '2023-01-21 15:09:18'),
(10, 'site_setting.create', NULL, NULL, 'site_setting', 'role-permissions', 'admin', '2023-01-21 15:09:18', '2023-01-21 15:09:18'),
(11, 'site_setting.read', NULL, NULL, 'site_setting', 'role-permissions', 'admin', '2023-01-21 15:09:18', '2023-01-21 15:09:18'),
(12, 'site_setting.update', NULL, NULL, 'site_setting', 'role-permissions', 'admin', '2023-01-21 15:09:18', '2023-01-21 15:09:18'),
(13, 'site_setting.delete', NULL, NULL, 'site_setting', 'role-permissions', 'admin', '2023-01-21 15:09:18', '2023-01-21 15:09:18'),
(14, 'lang.create', NULL, NULL, 'lang', 'role-permissions', 'admin', '2023-01-21 15:09:18', '2023-01-21 15:09:18'),
(15, 'lang.read', NULL, NULL, 'lang', 'role-permissions', 'admin', '2023-01-21 15:09:18', '2023-01-21 15:09:18'),
(16, 'lang.update', NULL, NULL, 'lang', 'role-permissions', 'admin', '2023-01-21 15:09:18', '2023-01-21 15:09:18'),
(17, 'lang.delete', NULL, NULL, 'lang', 'role-permissions', 'admin', '2023-01-21 15:09:18', '2023-01-21 15:09:18'),
(18, 'division.create', NULL, NULL, 'division', 'administrative_locations', 'admin', '2023-01-21 15:09:18', '2023-01-21 15:09:18'),
(19, 'division.read', NULL, NULL, 'division', 'administrative_locations', 'admin', '2023-01-21 15:09:18', '2023-01-21 15:09:18'),
(20, 'division.update', NULL, NULL, 'division', 'administrative_locations', 'admin', '2023-01-21 15:09:18', '2023-01-21 15:09:18'),
(21, 'division.delete', NULL, NULL, 'division', 'administrative_locations', 'admin', '2023-01-21 15:09:18', '2023-01-21 15:09:18'),
(22, 'district.create', NULL, NULL, 'district', 'administrative_locations', 'admin', '2023-01-21 15:09:18', '2023-01-21 15:09:18'),
(23, 'district.read', NULL, NULL, 'district', 'administrative_locations', 'admin', '2023-01-21 15:09:18', '2023-01-21 15:09:18'),
(24, 'district.update', NULL, NULL, 'district', 'administrative_locations', 'admin', '2023-01-21 15:09:18', '2023-01-21 15:09:18'),
(25, 'district.delete', NULL, NULL, 'district', 'administrative_locations', 'admin', '2023-01-21 15:09:18', '2023-01-21 15:09:18'),
(26, 'upazila.create', NULL, NULL, 'upazila', 'administrative_locations', 'admin', '2023-01-21 15:09:18', '2023-01-21 15:09:18'),
(27, 'upazila.read', NULL, NULL, 'upazila', 'administrative_locations', 'admin', '2023-01-21 15:09:18', '2023-01-21 15:09:18'),
(28, 'upazila.update', NULL, NULL, 'upazila', 'administrative_locations', 'admin', '2023-01-21 15:09:18', '2023-01-21 15:09:18'),
(29, 'upazila.delete', NULL, NULL, 'upazila', 'administrative_locations', 'admin', '2023-01-21 15:09:18', '2023-01-21 15:09:18'),
(30, 'thana.create', NULL, NULL, 'thana', 'administrative_locations', 'admin', '2023-01-21 15:09:18', '2023-01-21 15:09:18'),
(31, 'thana.read', NULL, NULL, 'thana', 'administrative_locations', 'admin', '2023-01-21 15:09:18', '2023-01-21 15:09:18'),
(32, 'thana.update', NULL, NULL, 'thana', 'administrative_locations', 'admin', '2023-01-21 15:09:18', '2023-01-21 15:09:18'),
(33, 'thana.delete', NULL, NULL, 'thana', 'administrative_locations', 'admin', '2023-01-21 15:09:18', '2023-01-21 15:09:18'),
(34, 'association.create', NULL, NULL, 'association', 'locations', 'admin', '2023-01-21 15:09:18', '2023-01-21 15:09:18'),
(35, 'association.read', NULL, NULL, 'association', 'locations', 'admin', '2023-01-21 15:09:18', '2023-01-21 15:09:18'),
(36, 'association.update', NULL, NULL, 'association', 'locations', 'admin', '2023-01-21 15:09:18', '2023-01-21 15:09:18'),
(37, 'association.delete', NULL, NULL, 'association', 'locations', 'admin', '2023-01-21 15:09:18', '2023-01-21 15:09:18'),
(38, 'area.create', NULL, NULL, 'area', 'locations', 'admin', '2023-01-21 15:09:18', '2023-01-21 15:09:18'),
(39, 'area.read', NULL, NULL, 'area', 'locations', 'admin', '2023-01-21 15:09:18', '2023-01-21 15:09:18'),
(40, 'area.update', NULL, NULL, 'area', 'locations', 'admin', '2023-01-21 15:09:18', '2023-01-21 15:09:18'),
(41, 'area.delete', NULL, NULL, 'area', 'locations', 'admin', '2023-01-21 15:09:18', '2023-01-21 15:09:18'),
(42, 'branch.create', NULL, NULL, 'branch', 'locations', 'admin', '2023-01-21 15:09:18', '2023-01-21 15:09:18'),
(43, 'branch.read', NULL, NULL, 'branch', 'locations', 'admin', '2023-01-21 15:09:18', '2023-01-21 15:09:18'),
(44, 'branch.update', NULL, NULL, 'branch', 'locations', 'admin', '2023-01-21 15:09:18', '2023-01-21 15:09:18'),
(45, 'branch.delete', NULL, NULL, 'branch', 'locations', 'admin', '2023-01-21 15:09:18', '2023-01-21 15:09:18'),
(46, 'branch_unit.create', NULL, NULL, 'branch_unit', 'locations', 'admin', '2023-01-21 15:09:18', '2023-01-21 15:09:18'),
(47, 'branch_unit.read', NULL, NULL, 'branch_unit', 'locations', 'admin', '2023-01-21 15:09:18', '2023-01-21 15:09:18'),
(48, 'branch_unit.update', NULL, NULL, 'branch_unit', 'locations', 'admin', '2023-01-21 15:09:18', '2023-01-21 15:09:18'),
(49, 'branch_unit.delete', NULL, NULL, 'branch_unit', 'locations', 'admin', '2023-01-21 15:09:18', '2023-01-21 15:09:18'),
(50, 'user.create', NULL, NULL, 'user', 'users', 'admin', '2023-01-21 15:09:18', '2023-01-21 15:09:18'),
(51, 'user.read', NULL, NULL, 'user', 'users', 'admin', '2023-01-21 15:09:18', '2023-01-21 15:09:18'),
(52, 'user.view', NULL, NULL, 'user', 'users', 'admin', '2023-01-21 15:09:18', '2023-01-21 15:09:18'),
(53, 'user.update', NULL, NULL, 'user', 'users', 'admin', '2023-01-21 15:09:18', '2023-01-21 15:09:18'),
(54, 'user.delete', NULL, NULL, 'user', 'users', 'admin', '2023-01-21 15:09:18', '2023-01-21 15:09:18'),
(55, 'admin.create', NULL, NULL, 'admin', 'users', 'admin', '2023-01-21 15:09:18', '2023-01-21 15:09:18'),
(56, 'admin.read', NULL, NULL, 'admin', 'users', 'admin', '2023-01-21 15:09:18', '2023-01-21 15:09:18'),
(57, 'admin.update', NULL, NULL, 'admin', 'users', 'admin', '2023-01-21 15:09:18', '2023-01-21 15:09:18'),
(58, 'admin.delete', NULL, NULL, 'admin', 'users', 'admin', '2023-01-21 15:09:18', '2023-01-21 15:09:18'),
(59, 'admin.change.password', NULL, NULL, 'admin', 'users', 'admin', '2023-01-21 15:09:18', '2023-01-21 15:09:18'),
(60, 'branch_user.create', NULL, NULL, 'branch_user', 'users', 'admin', '2023-01-21 15:09:18', '2023-01-21 15:09:18'),
(61, 'branch_user.read', NULL, NULL, 'branch_user', 'users', 'admin', '2023-01-21 15:09:18', '2023-01-21 15:09:18'),
(62, 'branch_user.update', NULL, NULL, 'branch_user', 'users', 'admin', '2023-01-21 15:09:18', '2023-01-21 15:09:18'),
(63, 'branch_user.delete', NULL, NULL, 'branch_user', 'users', 'admin', '2023-01-21 15:09:18', '2023-01-21 15:09:18'),
(64, 'branch_user.change.password', NULL, NULL, 'branch_user', 'users', 'admin', '2023-01-21 15:09:18', '2023-01-21 15:09:18'),
(65, 'color.create', NULL, NULL, 'color', 'master', 'admin', '2023-01-21 15:09:18', '2023-01-21 15:09:18'),
(66, 'color.read', NULL, NULL, 'color', 'master', 'admin', '2023-01-21 15:09:18', '2023-01-21 15:09:18'),
(67, 'color.update', NULL, NULL, 'color', 'master', 'admin', '2023-01-21 15:09:18', '2023-01-21 15:09:18'),
(68, 'color.delete', NULL, NULL, 'color', 'master', 'admin', '2023-01-21 15:09:18', '2023-01-21 15:09:18'),
(69, 'condition.create', NULL, NULL, 'condition', 'master', 'admin', '2023-01-21 15:09:18', '2023-01-21 15:09:18'),
(70, 'condition.read', NULL, NULL, 'condition', 'master', 'admin', '2023-01-21 15:09:18', '2023-01-21 15:09:18'),
(71, 'condition.update', NULL, NULL, 'condition', 'master', 'admin', '2023-01-21 15:09:18', '2023-01-21 15:09:18'),
(72, 'condition.delete', NULL, NULL, 'condition', 'master', 'admin', '2023-01-21 15:09:18', '2023-01-21 15:09:18'),
(73, 'user.print', NULL, NULL, 'user', 'users', 'admin', '2023-02-14 05:33:58', '2023-02-14 05:33:58'),
(74, 'user.search', NULL, NULL, 'user', 'users', 'admin', '2023-02-14 05:33:58', '2023-02-14 05:33:58');

-- --------------------------------------------------------

--
-- Table structure for table `personal_access_tokens`
--

CREATE TABLE `personal_access_tokens` (
  `id` bigint UNSIGNED NOT NULL,
  `tokenable_type` varchar(255) CHARACTER SET utf8mb4 COLLATE utf8mb4_unicode_ci NOT NULL,
  `tokenable_id` bigint UNSIGNED NOT NULL,
  `name` varchar(255) CHARACTER SET utf8mb4 COLLATE utf8mb4_unicode_ci NOT NULL,
  `token` varchar(64) CHARACTER SET utf8mb4 COLLATE utf8mb4_unicode_ci NOT NULL,
  `abilities` text CHARACTER SET utf8mb4 COLLATE utf8mb4_unicode_ci,
  `last_used_at` timestamp NULL DEFAULT NULL,
  `created_at` timestamp NULL DEFAULT NULL,
  `updated_at` timestamp NULL DEFAULT NULL
) ENGINE=InnoDB DEFAULT CHARSET=utf8mb4 COLLATE=utf8mb4_unicode_ci;

-- --------------------------------------------------------

--
-- Table structure for table `roles`
--

CREATE TABLE `roles` (
  `id` int UNSIGNED NOT NULL,
  `code` varchar(255) CHARACTER SET utf8mb4 COLLATE utf8mb4_unicode_ci DEFAULT NULL,
  `name` varchar(255) CHARACTER SET utf8mb4 COLLATE utf8mb4_unicode_ci DEFAULT NULL,
  `title_bn` varchar(255) CHARACTER SET utf8mb4 COLLATE utf8mb4_unicode_ci DEFAULT NULL,
  `title_en` varchar(255) CHARACTER SET utf8mb4 COLLATE utf8mb4_unicode_ci DEFAULT NULL,
  `guard_name` varchar(255) CHARACTER SET utf8mb4 COLLATE utf8mb4_unicode_ci DEFAULT 'admin',
  `sort` smallint DEFAULT '1',
  `status` tinyint NOT NULL DEFAULT '1',
  `created_by` int DEFAULT NULL,
  `updated_by` int DEFAULT NULL,
  `created_at` timestamp NULL DEFAULT NULL,
  `updated_at` timestamp NULL DEFAULT NULL
) ENGINE=InnoDB DEFAULT CHARSET=utf8mb4 COLLATE=utf8mb4_unicode_ci;

--
-- Dumping data for table `roles`
--

INSERT INTO `roles` (`id`, `code`, `name`, `title_bn`, `title_en`, `guard_name`, `sort`, `status`, `created_by`, `updated_by`, `created_at`, `updated_at`) VALUES
(1, '1', 'Master Admin', ' ', 'Master Admin', 'MasterAdmin', 1, 1, NULL, NULL, '2023-01-20 15:27:16', '2023-01-20 15:27:16'),
(2, '2', 'System Admin', ' ', 'System Admin', 'SystemAdmin', 2, 1, NULL, NULL, '2023-01-20 15:27:16', '2023-01-20 15:27:16'),
(3, '3', 'Admin', '', 'Admin', 'Admin', 3, 1, NULL, NULL, '2023-01-20 15:27:16', '2023-01-20 15:27:16'),
(4, '4', 'Head Of Association', ' ', 'Head Of Association', 'HeadOfAssociation', 4, 1, NULL, NULL, '2023-01-20 15:27:16', '2023-01-20 15:27:16'),
(5, '5', 'President', ' ', 'Area President', 'President', 5, 1, NULL, 1, '2023-01-20 15:27:16', '2023-02-13 09:44:14'),
(6, '6', 'Vice President', '', 'President', 'VicePresident', 6, 1, NULL, 1, '2023-01-20 15:27:16', '2023-02-13 09:44:26'),
(7, '7', 'Caliph', '', 'Caliph', 'Caliph', 7, 1, NULL, NULL, '2023-01-20 15:27:16', '2023-01-20 15:27:16'),
(8, '8', 'Operator', '', 'Operator', 'Operator', 8, 1, NULL, NULL, '2023-01-20 15:27:16', '2023-01-20 15:27:16');

-- --------------------------------------------------------

--
-- Table structure for table `roles_permissions`
--

CREATE TABLE `roles_permissions` (
  `role_id` int UNSIGNED NOT NULL,
  `permission_id` int UNSIGNED NOT NULL
) ENGINE=InnoDB DEFAULT CHARSET=utf8mb4 COLLATE=utf8mb4_unicode_ci;

--
-- Dumping data for table `roles_permissions`
--

INSERT INTO `roles_permissions` (`role_id`, `permission_id`) VALUES
(1, 1),
(1, 2),
(1, 3),
(1, 4),
(1, 5),
(2, 1),
(2, 2),
(2, 3),
(2, 4),
(2, 5),
(2, 6),
(2, 7),
(2, 8),
(2, 9),
(2, 10),
(2, 11),
(2, 12),
(2, 13),
(2, 14),
(2, 15),
(2, 16),
(2, 17),
(2, 18),
(2, 19),
(2, 20),
(2, 21),
(2, 22),
(2, 23),
(2, 24),
(2, 25),
(2, 26),
(2, 27),
(2, 28),
(2, 29),
(2, 30),
(2, 31),
(2, 32),
(2, 33),
(2, 34),
(2, 35),
(2, 36),
(2, 37),
(2, 38),
(2, 39),
(2, 40),
(2, 41),
(2, 42),
(2, 43),
(2, 44),
(2, 45),
(2, 46),
(2, 47),
(2, 48),
(2, 49),
(2, 50),
(2, 51),
(2, 52),
(2, 53),
(2, 54),
(2, 55),
(2, 56),
(2, 57),
(2, 58),
(2, 59),
(2, 60),
(2, 61),
(2, 62),
(2, 63),
(2, 64),
(2, 65),
(2, 66),
(2, 67),
(2, 68),
(2, 69),
(2, 70),
(2, 71),
(2, 72),
(3, 1),
(3, 2),
(3, 3),
(3, 4),
(3, 5),
(3, 6),
(3, 7),
(3, 8),
(3, 9),
(3, 10),
(3, 11),
(3, 12),
(3, 13),
(3, 14),
(3, 15),
(3, 16),
(3, 17),
(3, 18),
(3, 19),
(3, 20),
(3, 21),
(3, 22),
(3, 23),
(3, 24),
(3, 25),
(3, 26),
(3, 27),
(3, 28),
(3, 29),
(3, 30),
(3, 31),
(3, 32),
(3, 33),
(3, 34),
(3, 35),
(3, 36),
(3, 37),
(3, 38),
(3, 39),
(3, 40),
(3, 41),
(3, 42),
(3, 43),
(3, 44),
(3, 45),
(3, 46),
(3, 47),
(3, 48),
(3, 49),
(3, 50),
(3, 51),
(3, 52),
(3, 53),
(3, 54),
(3, 55),
(3, 56),
(3, 57),
(3, 58),
(3, 59),
(3, 60),
(3, 61),
(3, 62),
(3, 63),
(3, 64),
(3, 65),
(3, 66),
(3, 67),
(3, 68),
(3, 69),
(3, 70),
(3, 71),
(3, 72),
(1, 55),
(1, 56),
(1, 57),
(1, 58),
(1, 59),
(1, 38),
(1, 39),
(1, 40),
(1, 41),
(1, 34),
(1, 35),
(1, 36),
(1, 37),
(1, 42),
(1, 43),
(1, 44),
(1, 45),
(1, 46),
(1, 47),
(1, 48),
(1, 49),
(1, 60),
(1, 61),
(1, 62),
(1, 63),
(1, 64),
(1, 65),
(1, 66),
(1, 67),
(1, 68),
(1, 69),
(1, 70),
(1, 71),
(1, 72),
(1, 22),
(1, 23),
(1, 24),
(1, 25),
(1, 18),
(1, 19),
(1, 20),
(1, 21),
(1, 14),
(1, 15),
(1, 16),
(1, 17),
(1, 10),
(1, 11),
(1, 12),
(1, 13),
(1, 30),
(1, 31),
(1, 32),
(1, 33),
(1, 26),
(1, 27),
(1, 28),
(1, 29),
(1, 50),
(1, 51),
(1, 52),
(1, 53),
(1, 54),
(1, 73),
(1, 74),
(1, 6),
(1, 7),
(1, 8),
(1, 9);

-- --------------------------------------------------------

--
-- Table structure for table `site_settings`
--

CREATE TABLE `site_settings` (
  `id` int UNSIGNED NOT NULL,
  `site_web` varchar(191) CHARACTER SET utf8mb4 COLLATE utf8mb4_unicode_ci DEFAULT 'https://www.kcs-bd.com/',
  `site_email` varchar(191) CHARACTER SET utf8mb4 COLLATE utf8mb4_unicode_ci DEFAULT 'info@kcs.com.bd',
  `site_mobile` varchar(191) CHARACTER SET utf8mb4 COLLATE utf8mb4_unicode_ci DEFAULT '01713-228475, 01713-228419',
  `site_address_en` varchar(256) CHARACTER SET utf8mb4 COLLATE utf8mb4_unicode_ci DEFAULT 'Head Office: Shohid Abdul Jabbar Sarak, Joleswaritola, Bogura',
  `site_address_bn` varchar(256) CHARACTER SET utf8mb4 COLLATE utf8mb4_unicode_ci DEFAULT ' :    , , ',
  `mailer` varchar(64) CHARACTER SET utf8mb4 COLLATE utf8mb4_unicode_ci DEFAULT 'smtp',
  `host` varchar(64) CHARACTER SET utf8mb4 COLLATE utf8mb4_unicode_ci DEFAULT 'mail.dpg.gov.bd',
  `port` smallint DEFAULT '587',
  `username` varchar(64) CHARACTER SET utf8mb4 COLLATE utf8mb4_unicode_ci DEFAULT 'noreply@dpg.gov.bd',
  `password` varchar(64) CHARACTER SET utf8mb4 COLLATE utf8mb4_unicode_ci DEFAULT '2RoPyzaY',
  `encryption` varchar(64) CHARACTER SET utf8mb4 COLLATE utf8mb4_unicode_ci DEFAULT 'tls',
  `layout` tinyint NOT NULL DEFAULT '0',
  `vat` double(8,2) DEFAULT '0.00',
  `name` varchar(128) CHARACTER SET utf8mb4 COLLATE utf8mb4_unicode_ci DEFAULT 'Mazar Association Service',
  `title_en` varchar(256) CHARACTER SET utf8mb4 COLLATE utf8mb4_unicode_ci DEFAULT 'Mazar Association Service',
  `title_bn` varchar(256) CHARACTER SET utf8mb4 COLLATE utf8mb4_unicode_ci DEFAULT '  ',
  `footer_en` varchar(512) CHARACTER SET utf8mb4 COLLATE utf8mb4_unicode_ci DEFAULT 'Copyright  2020 -- 2022 Mazar Association Service,All rights reserved.',
  `footer_bn` varchar(512) CHARACTER SET utf8mb4 COLLATE utf8mb4_unicode_ci DEFAULT '      2020 -- 2022    .',
  `favicon` varchar(128) CHARACTER SET utf8mb4 COLLATE utf8mb4_unicode_ci DEFAULT NULL,
  `logo` varchar(128) CHARACTER SET utf8mb4 COLLATE utf8mb4_unicode_ci DEFAULT NULL,
  `footer_logo` varchar(128) CHARACTER SET utf8mb4 COLLATE utf8mb4_unicode_ci DEFAULT NULL,
  `sort` smallint NOT NULL DEFAULT '1',
  `status` tinyint NOT NULL DEFAULT '1',
  `created_at` timestamp NULL DEFAULT NULL,
  `updated_at` timestamp NULL DEFAULT NULL
) ENGINE=InnoDB DEFAULT CHARSET=utf8mb4 COLLATE=utf8mb4_unicode_ci;

--
-- Dumping data for table `site_settings`
--

INSERT INTO `site_settings` (`id`, `site_web`, `site_email`, `site_mobile`, `site_address_en`, `site_address_bn`, `mailer`, `host`, `port`, `username`, `password`, `encryption`, `layout`, `vat`, `name`, `title_en`, `title_bn`, `footer_en`, `footer_bn`, `favicon`, `logo`, `footer_logo`, `sort`, `status`, `created_at`, `updated_at`) VALUES
(1, 'https://khajarbashir.org', 'info@kbf.org', '01713-228475, 01713-228419', 'Ajmirgonj, Bakshigonj, Jamalpur', ', , ', 'smtp', 'mail.dpg.gov.bd', 587, 'noreply@dpg.gov.bd', '2RoPyzaY', 'tls', 0, 0.00, 'Mazar Association Service', 'Hazrat Khajar Bashir (R.A.) Foundation', '   (..) ', 'Copyright  2023 Hazrat Khajar Bashir (R.A.) Foundation,All rights reserved. <br /> \r\n                    <span style=\"font-weight: bold\">\r\n                      Developed By : \r\n                      <a style=\"font-weight: bold; color:orange\" href=\"https://www.orangebd.com/\">OrangeBD</a>\r\n                    </span>', '   (..)     2020 -- 2022    .', NULL, NULL, NULL, 1, 1, '2023-01-20 15:27:18', '2023-02-14 12:58:36');

-- --------------------------------------------------------

--
-- Table structure for table `sizes`
--

CREATE TABLE `sizes` (
  `id` mediumint UNSIGNED NOT NULL,
  `code` varchar(255) CHARACTER SET utf8mb4 COLLATE utf8mb4_unicode_ci DEFAULT NULL,
  `name` varchar(255) CHARACTER SET utf8mb4 COLLATE utf8mb4_unicode_ci DEFAULT NULL,
  `title_bn` varchar(255) CHARACTER SET utf8mb4 COLLATE utf8mb4_unicode_ci DEFAULT NULL,
  `title_en` varchar(255) CHARACTER SET utf8mb4 COLLATE utf8mb4_unicode_ci DEFAULT NULL,
  `status` tinyint NOT NULL DEFAULT '1',
  `created_by` int DEFAULT NULL,
  `updated_by` int DEFAULT NULL,
  `created_at` timestamp NULL DEFAULT NULL,
  `updated_at` timestamp NULL DEFAULT NULL
) ENGINE=InnoDB DEFAULT CHARSET=utf8mb4 COLLATE=utf8mb4_unicode_ci;

-- --------------------------------------------------------

--
-- Table structure for table `thanas`
--

CREATE TABLE `thanas` (
  `id` mediumint UNSIGNED NOT NULL,
  `division_id` mediumint UNSIGNED DEFAULT NULL,
  `district_id` mediumint UNSIGNED DEFAULT NULL,
  `name` varchar(255) CHARACTER SET utf8mb4 COLLATE utf8mb4_unicode_ci DEFAULT NULL,
  `title_bn` varchar(255) CHARACTER SET utf8mb4 COLLATE utf8mb4_unicode_ci DEFAULT NULL,
  `title_en` varchar(255) CHARACTER SET utf8mb4 COLLATE utf8mb4_unicode_ci DEFAULT NULL,
  `division_bbs_code` char(2) CHARACTER SET utf8mb4 COLLATE utf8mb4_unicode_ci DEFAULT NULL,
  `district_bbs_code` char(3) CHARACTER SET utf8mb4 COLLATE utf8mb4_unicode_ci DEFAULT NULL,
  `bbs_code` char(5) CHARACTER SET utf8mb4 COLLATE utf8mb4_unicode_ci DEFAULT NULL,
  `status` tinyint NOT NULL DEFAULT '1',
  `created_by` int DEFAULT NULL,
  `updated_by` int DEFAULT NULL,
  `created_at` timestamp NULL DEFAULT NULL,
  `updated_at` timestamp NULL DEFAULT NULL
) ENGINE=InnoDB DEFAULT CHARSET=utf8mb4 COLLATE=utf8mb4_unicode_ci;

--
-- Dumping data for table `thanas`
--

INSERT INTO `thanas` (`id`, `division_id`, `district_id`, `name`, `title_bn`, `title_en`, `division_bbs_code`, `district_bbs_code`, `bbs_code`, `status`, `created_by`, `updated_by`, `created_at`, `updated_at`) VALUES
(1, 4, 35, NULL, ' ', 'Bagerhat sadar', NULL, '01', '08', 1, 0, 1, '2023-01-19 08:37:48', '2023-01-19 08:37:48'),
(2, 4, 35, NULL, '', 'Chitalmari', NULL, '01', '14', 1, 0, 0, '2023-01-19 08:37:48', '2023-01-19 08:37:48'),
(3, 4, 35, NULL, '', 'Fakirhat', NULL, '01', '34', 1, 0, 0, '2023-01-19 08:37:48', '2023-01-19 08:37:48'),
(4, 4, 35, NULL, '', 'Kachua', NULL, '01', '38', 1, 0, 0, '2023-01-19 08:37:48', '2023-01-19 08:37:48'),
(5, 4, 35, NULL, '', 'Mollahat', NULL, '01', '56', 1, 0, 0, '2023-01-19 08:37:48', '2023-01-19 08:37:48'),
(6, 4, 35, NULL, '', 'Mongla', NULL, '01', '58', 1, 0, 0, '2023-01-19 08:37:48', '2023-01-19 08:37:48'),
(7, 4, 35, NULL, '', 'Morrelganj', NULL, '01', '60', 1, 0, 0, '2023-01-19 08:37:48', '2023-01-19 08:37:48'),
(8, 4, 35, NULL, '', 'Rampal', NULL, '01', '73', 1, 0, 0, '2023-01-19 08:37:48', '2023-01-19 08:37:48'),
(9, 4, 35, NULL, '', 'Sarankhola', NULL, '01', '77', 1, 0, 0, '2023-01-19 08:37:48', '2023-01-19 08:37:48'),
(10, 2, 7, NULL, '', 'Alikadam', NULL, '03', '04', 1, 0, 0, '2023-01-19 08:37:48', '2023-01-19 08:37:48'),
(11, 2, 7, NULL, ' ', 'Bandarban sadar', NULL, '03', '14', 1, 0, 0, '2023-01-19 08:37:48', '2023-01-19 08:37:48'),
(12, 2, 7, NULL, '', 'Lama', NULL, '03', '51', 1, 0, 0, '2023-01-19 08:37:48', '2023-01-19 08:37:48'),
(13, 2, 7, NULL, '', 'Naikhongchhari', NULL, '03', '73', 1, 0, 0, '2023-01-19 08:37:48', '2023-01-19 08:37:48'),
(14, 2, 7, NULL, '', 'Rowangchhari', NULL, '03', '89', 1, 0, 0, '2023-01-19 08:37:48', '2023-01-19 08:37:48'),
(15, 2, 7, NULL, '', 'Ruma', NULL, '03', '91', 1, 0, 0, '2023-01-19 08:37:48', '2023-01-19 08:37:48'),
(16, 2, 7, NULL, '', 'Thanchi', NULL, '03', '95', 1, 0, 0, '2023-01-19 08:37:48', '2023-01-19 08:37:48'),
(17, 1, 1, NULL, '', 'Amtali', NULL, '04', '09', 1, 0, 0, '2023-01-19 08:37:48', '2023-01-19 08:37:48'),
(18, 1, 1, NULL, '', 'Bamna', NULL, '04', '19', 1, 0, 0, '2023-01-19 08:37:48', '2023-01-19 08:37:48'),
(19, 1, 1, NULL, ' ', 'Barguna sadar', NULL, '04', '28', 1, 0, 0, '2023-01-19 08:37:48', '2023-01-19 08:37:48'),
(20, 1, 1, NULL, '', 'Betagi', NULL, '04', '47', 1, 0, 0, '2023-01-19 08:37:48', '2023-01-19 08:37:48'),
(21, 1, 1, NULL, '', 'Patharghata', NULL, '04', '85', 1, 0, 0, '2023-01-19 08:37:48', '2023-01-19 08:37:48'),
(22, 1, 1, NULL, '', 'Taltali', NULL, '04', '90', 1, 0, 0, '2023-01-19 08:37:48', '2023-01-19 08:37:48'),
(23, 1, 2, NULL, '', 'Agailjhara', NULL, '06', '02', 1, 0, 0, '2023-01-19 08:37:48', '2023-01-19 08:37:48'),
(24, 1, 2, NULL, '', 'Babuganj', NULL, '06', '03', 1, 0, 0, '2023-01-19 08:37:48', '2023-01-19 08:37:48'),
(25, 1, 2, NULL, '', 'Bakerganj', NULL, '06', '07', 1, 0, 0, '2023-01-19 08:37:48', '2023-01-19 08:37:48'),
(26, 1, 2, NULL, ' ', 'Banari para', NULL, '06', '10', 1, 0, 0, '2023-01-19 08:37:48', '2023-01-19 08:37:48'),
(27, 1, 2, NULL, '', 'Gaurnadi', NULL, '06', '32', 1, 0, 0, '2023-01-19 08:37:48', '2023-01-19 08:37:48'),
(28, 1, 2, NULL, '', 'Hizla', NULL, '06', '36', 1, 0, 0, '2023-01-19 08:37:48', '2023-01-19 08:37:48'),
(29, 1, 2, NULL, ' ', 'Barisal sadar (kotwali)', NULL, '06', '51', 1, 0, 0, '2023-01-19 08:37:48', '2023-01-19 08:37:48'),
(30, 1, 2, NULL, '', 'Mehendiganj', NULL, '06', '62', 1, 0, 0, '2023-01-19 08:37:48', '2023-01-19 08:37:48'),
(31, 1, 2, NULL, '', 'Muladi', NULL, '06', '69', 1, 0, 0, '2023-01-19 08:37:48', '2023-01-19 08:37:48'),
(32, 1, 2, NULL, '', 'Wazirpur', NULL, '06', '94', 1, 0, 0, '2023-01-19 08:37:48', '2023-01-19 08:37:48'),
(33, 1, 3, NULL, ' ', 'Bhola sadar', NULL, '09', '18', 1, 0, 0, '2023-01-19 08:37:48', '2023-01-19 08:37:48'),
(34, 1, 3, NULL, '', 'Burhanuddin', NULL, '09', '21', 1, 0, 0, '2023-01-19 08:37:48', '2023-01-19 08:37:48'),
(35, 1, 3, NULL, '', 'Char fasson', NULL, '09', '25', 1, 0, 0, '2023-01-19 08:37:48', '2023-01-19 08:37:48'),
(36, 1, 3, NULL, ' ', 'Daulat khan', NULL, '09', '29', 1, 0, 0, '2023-01-19 08:37:48', '2023-01-19 08:37:48'),
(37, 1, 3, NULL, '', 'Lalmohan', NULL, '09', '54', 1, 0, 0, '2023-01-19 08:37:48', '2023-01-19 08:37:48'),
(38, 1, 3, NULL, '', 'Manpura', NULL, '09', '65', 1, 0, 0, '2023-01-19 08:37:48', '2023-01-19 08:37:48'),
(39, 1, 3, NULL, '', 'Tazumuddin', NULL, '09', '91', 1, 0, 0, '2023-01-19 08:37:48', '2023-01-19 08:37:48'),
(40, 5, 45, NULL, '', 'Adamdighi', NULL, '10', '06', 1, 0, 0, '2023-01-19 08:37:48', '2023-01-19 08:37:48'),
(41, 5, 45, NULL, ' ', 'Bogra sadar', NULL, '10', '20', 1, 0, 0, '2023-01-19 08:37:48', '2023-01-19 08:37:48'),
(42, 5, 45, NULL, '', 'Dhunat', NULL, '10', '27', 1, 0, 0, '2023-01-19 08:37:48', '2023-01-19 08:37:48'),
(43, 5, 45, NULL, '', 'Dhupchanchia', NULL, '10', '33', 1, 0, 0, '2023-01-19 08:37:48', '2023-01-19 08:37:48'),
(44, 5, 45, NULL, '', 'Gabtali', NULL, '10', '40', 1, 0, 0, '2023-01-19 08:37:48', '2023-01-19 08:37:48'),
(45, 5, 45, NULL, '', 'Kahaloo', NULL, '10', '54', 1, 0, 0, '2023-01-19 08:37:48', '2023-01-19 08:37:48'),
(46, 5, 45, NULL, '', 'Nandigram', NULL, '10', '67', 1, 0, 0, '2023-01-19 08:37:48', '2023-01-19 08:37:48'),
(47, 5, 45, NULL, '', 'Sariakandi', NULL, '10', '81', 1, 0, 0, '2023-01-19 08:37:48', '2023-01-19 08:37:48'),
(48, 5, 45, NULL, '', 'Shajahanpur', NULL, '10', '85', 1, 0, 0, '2023-01-19 08:37:48', '2023-01-19 08:37:48'),
(49, 5, 45, NULL, '', 'Sherpur', NULL, '10', '88', 1, 0, 0, '2023-01-19 08:37:48', '2023-01-19 08:37:48'),
(50, 5, 45, NULL, '', 'Shibganj', NULL, '10', '94', 1, 0, 0, '2023-01-19 08:37:48', '2023-01-19 08:37:48'),
(51, 5, 45, NULL, '', 'Sonatola', NULL, '10', '95', 1, 0, 0, '2023-01-19 08:37:48', '2023-01-19 08:37:48'),
(52, 2, 8, NULL, '', 'Akhaura', NULL, '12', '02', 1, 0, 0, '2023-01-19 08:37:48', '2023-01-19 08:37:48'),
(53, 2, 8, NULL, '', 'Banchharampur', NULL, '12', '04', 1, 0, 0, '2023-01-19 08:37:48', '2023-01-19 08:37:48'),
(54, 2, 8, NULL, '', 'Bijoynagar', NULL, '12', '07', 1, 0, 0, '2023-01-19 08:37:48', '2023-01-19 08:37:48'),
(55, 2, 8, NULL, ' ', 'Brahmanbaria sadar', NULL, '12', '13', 1, 0, 0, '2023-01-19 08:37:48', '2023-01-19 08:37:48'),
(56, 2, 8, NULL, '', 'Ashuganj', NULL, '12', '33', 1, 0, 0, '2023-01-19 08:37:48', '2023-01-19 08:37:48'),
(57, 2, 8, NULL, '', 'Kasba', NULL, '12', '63', 1, 0, 0, '2023-01-19 08:37:48', '2023-01-19 08:37:48'),
(58, 2, 8, NULL, '', 'Nabinagar', NULL, '12', '85', 1, 0, 0, '2023-01-19 08:37:48', '2023-01-19 08:37:48'),
(59, 2, 8, NULL, '', 'Nasirnagar', NULL, '12', '90', 1, 0, 0, '2023-01-19 08:37:48', '2023-01-19 08:37:48'),
(60, 2, 8, NULL, '', 'Sarail', NULL, '12', '94', 1, 0, 0, '2023-01-19 08:37:48', '2023-01-19 08:37:48'),
(61, 2, 9, NULL, ' ', 'Chandpur sadar', NULL, '13', '22', 1, 0, 0, '2023-01-19 08:37:48', '2023-01-19 08:37:48'),
(62, 2, 9, NULL, '', 'Faridganj', NULL, '13', '45', 1, 0, 0, '2023-01-19 08:37:48', '2023-01-19 08:37:48'),
(63, 2, 9, NULL, '', 'Haim char', NULL, '13', '47', 1, 0, 0, '2023-01-19 08:37:48', '2023-01-19 08:37:48'),
(64, 2, 9, NULL, '', 'Hajiganj', NULL, '13', '49', 1, 0, 0, '2023-01-19 08:37:48', '2023-01-19 08:37:48'),
(65, 2, 9, NULL, '', 'Kachua', NULL, '13', '58', 1, 0, 0, '2023-01-19 08:37:48', '2023-01-19 08:37:48'),
(66, 2, 9, NULL, ' ', 'Matlab dakshin', NULL, '13', '76', 1, 0, 0, '2023-01-19 08:37:48', '2023-01-19 08:37:48'),
(67, 2, 9, NULL, ' ', 'Matlab uttar', NULL, '13', '79', 1, 0, 0, '2023-01-19 08:37:48', '2023-01-19 08:37:48'),
(68, 2, 9, NULL, '', 'Shahrasti', NULL, '13', '95', 1, 0, 0, '2023-01-19 08:37:48', '2023-01-19 08:37:48'),
(69, 2, 10, NULL, '', 'Anowara', NULL, '15', '04', 1, 0, 0, '2023-01-19 08:37:48', '2023-01-19 08:37:48'),
(70, 2, 10, NULL, ' ', 'Bayejid bostami', NULL, '15', '06', 1, 0, 0, '2023-01-19 08:37:48', '2023-01-19 08:37:48'),
(71, 2, 10, NULL, '', 'Banshkhali', NULL, '15', '08', 1, 0, 0, '2023-01-19 08:37:48', '2023-01-19 08:37:48'),
(72, 2, 10, NULL, '', 'Bakalia', NULL, '15', '10', 1, 0, 0, '2023-01-19 08:37:48', '2023-01-19 08:37:48'),
(73, 2, 10, NULL, '', 'Boalkhali', NULL, '15', '12', 1, 0, 0, '2023-01-19 08:37:48', '2023-01-19 08:37:48'),
(74, 2, 10, NULL, '', 'Chandanaish', NULL, '15', '18', 1, 0, 0, '2023-01-19 08:37:48', '2023-01-19 08:37:48'),
(75, 2, 10, NULL, '', 'Chandgaon', NULL, '15', '19', 1, 0, 0, '2023-01-19 08:37:48', '2023-01-19 08:37:48'),
(76, 2, 10, NULL, ' ', 'Chittagong port', NULL, '15', '20', 1, 0, 0, '2023-01-19 08:37:48', '2023-01-19 08:37:48'),
(77, 2, 10, NULL, '', 'Double mooring', NULL, '15', '28', 1, 0, 0, '2023-01-19 08:37:48', '2023-01-19 08:37:48'),
(78, 2, 10, NULL, ' ( )', 'Karnafuli (police station)', NULL, '15', '39', 1, 0, 0, '2023-01-19 08:37:48', '2023-01-19 08:37:48'),
(79, 2, 10, NULL, '', 'Fatikchhari', NULL, '15', '33', 1, 0, 0, '2023-01-19 08:37:48', '2023-01-19 08:37:48'),
(80, 2, 10, NULL, '', 'Halishahar', NULL, '15', '35', 1, 0, 0, '2023-01-19 08:37:48', '2023-01-19 08:37:48'),
(81, 2, 10, NULL, '', 'Hathazari', NULL, '15', '37', 1, 0, 0, '2023-01-19 08:37:48', '2023-01-19 08:37:48'),
(82, 2, 10, NULL, '', 'Kotwali', NULL, '15', '41', 1, 0, 0, '2023-01-19 08:37:48', '2023-01-19 08:37:48'),
(83, 2, 10, NULL, '', 'Khulshi', NULL, '15', '43', 1, 0, 0, '2023-01-19 08:37:48', '2023-01-19 08:37:48'),
(84, 2, 10, NULL, '', 'Lohagara', NULL, '15', '47', 1, 0, 0, '2023-01-19 08:37:48', '2023-01-19 08:37:48'),
(85, 2, 10, NULL, '', 'Mirsharai', NULL, '15', '53', 1, 0, 0, '2023-01-19 08:37:48', '2023-01-19 08:37:48'),
(86, 2, 10, NULL, '', 'Pahartali', NULL, '15', '55', 1, 0, 0, '2023-01-19 08:37:48', '2023-01-19 08:37:48'),
(87, 2, 10, NULL, '', 'Panchlaish', NULL, '15', '57', 1, 0, 0, '2023-01-19 08:37:48', '2023-01-19 08:37:48'),
(88, 2, 10, NULL, '', 'Patiya', NULL, '15', '61', 1, 0, 0, '2023-01-19 08:37:48', '2023-01-19 08:37:48'),
(89, 2, 10, NULL, '', 'Patenga', NULL, '15', '65', 1, 0, 0, '2023-01-19 08:37:48', '2023-01-19 08:37:48'),
(90, 2, 10, NULL, '', 'Rangunia', NULL, '15', '70', 1, 0, 0, '2023-01-19 08:37:48', '2023-01-19 08:37:48'),
(91, 2, 10, NULL, '', 'Raozan', NULL, '15', '74', 1, 0, 0, '2023-01-19 08:37:48', '2023-01-19 08:37:48'),
(92, 2, 10, NULL, '', 'Sandwip', NULL, '15', '78', 1, 0, 0, '2023-01-19 08:37:48', '2023-01-19 08:37:48'),
(93, 2, 10, NULL, '', 'Satkania', NULL, '15', '82', 1, 0, 0, '2023-01-19 08:37:48', '2023-01-19 08:37:48'),
(94, 2, 10, NULL, '', 'Sitakunda', NULL, '15', '86', 1, 0, 0, '2023-01-19 08:37:48', '2023-01-19 08:37:48'),
(95, 4, 36, NULL, '', 'Alamdanga', NULL, '18', '07', 1, 0, 0, '2023-01-19 08:37:48', '2023-01-19 08:37:48'),
(96, 4, 36, NULL, ' ', 'Chuadanga sadar', NULL, '18', '23', 1, 0, 0, '2023-01-19 08:37:48', '2023-01-19 08:37:48'),
(97, 4, 36, NULL, '', 'Damurhuda', NULL, '18', '31', 1, 0, 0, '2023-01-19 08:37:48', '2023-01-19 08:37:48'),
(98, 4, 36, NULL, ' ', 'Jiban nagar', NULL, '18', '55', 1, 0, 0, '2023-01-19 08:37:48', '2023-01-19 08:37:48'),
(99, 2, 11, NULL, '', 'Barura', NULL, '19', '09', 1, 0, 0, '2023-01-19 08:37:48', '2023-01-19 08:37:48'),
(100, 2, 11, NULL, ' ', 'Brahman para', NULL, '19', '15', 1, 0, 0, '2023-01-19 08:37:48', '2023-01-19 08:37:48'),
(101, 2, 11, NULL, '', 'Burichang', NULL, '19', '18', 1, 0, 0, '2023-01-19 08:37:48', '2023-01-19 08:37:48'),
(102, 2, 11, NULL, '', 'Chandina', NULL, '19', '27', 1, 0, 0, '2023-01-19 08:37:48', '2023-01-19 08:37:48'),
(103, 2, 11, NULL, '', 'Chauddagram', NULL, '19', '31', 1, 0, 0, '2023-01-19 08:37:48', '2023-01-19 08:37:48'),
(104, 2, 11, NULL, '  ', 'Comilla sadar dakshin', NULL, '19', '33', 1, 0, 0, '2023-01-19 08:37:48', '2023-01-19 08:37:48'),
(105, 2, 11, NULL, '', 'Daudkandi', NULL, '19', '36', 1, 0, 0, '2023-01-19 08:37:48', '2023-01-19 08:37:48'),
(106, 2, 11, NULL, '', 'Debidwar', NULL, '19', '40', 1, 0, 0, '2023-01-19 08:37:48', '2023-01-19 08:37:48'),
(107, 2, 11, NULL, '', 'Homna', NULL, '19', '54', 1, 0, 0, '2023-01-19 08:37:48', '2023-01-19 08:37:48'),
(108, 2, 11, NULL, '  ', 'Comilla adarsha sadar', NULL, '19', '67', 1, 0, 0, '2023-01-19 08:37:48', '2023-01-19 08:37:48'),
(109, 2, 11, NULL, '', 'Laksam', NULL, '19', '72', 1, 0, 0, '2023-01-19 08:37:48', '2023-01-19 08:37:48'),
(110, 2, 11, NULL, '', 'Manoharganj', NULL, '19', '74', 1, 0, 0, '2023-01-19 08:37:48', '2023-01-19 08:37:48'),
(111, 2, 11, NULL, '', 'Meghna', NULL, '19', '75', 1, 0, 0, '2023-01-19 08:37:48', '2023-01-19 08:37:48'),
(112, 2, 11, NULL, '', 'Muradnagar', NULL, '19', '81', 1, 0, 0, '2023-01-19 08:37:48', '2023-01-19 08:37:48'),
(113, 2, 11, NULL, '', 'Nangalkot', NULL, '19', '87', 1, 0, 0, '2023-01-19 08:37:48', '2023-01-19 08:37:48'),
(114, 2, 11, NULL, '', 'Titas', NULL, '19', '94', 1, 0, 0, '2023-01-19 08:37:48', '2023-01-19 08:37:48'),
(115, 2, 12, NULL, '', 'Chakaria', NULL, '22', '16', 1, 0, 0, '2023-01-19 08:37:48', '2023-01-19 08:37:48'),
(116, 2, 12, NULL, ' ', 'Coxs bazar sadar', NULL, '22', '24', 1, 0, 0, '2023-01-19 08:37:48', '2023-01-19 08:37:48'),
(117, 2, 12, NULL, '', 'Kutubdia', NULL, '22', '45', 1, 0, 0, '2023-01-19 08:37:48', '2023-01-19 08:37:48'),
(118, 2, 12, NULL, '', 'Maheshkhali', NULL, '22', '49', 1, 0, 0, '2023-01-19 08:37:48', '2023-01-19 08:37:48'),
(119, 2, 12, NULL, '', 'Pekua', NULL, '22', '56', 1, 0, 0, '2023-01-19 08:37:48', '2023-01-19 08:37:48'),
(120, 2, 12, NULL, '', 'Ramu', NULL, '22', '66', 1, 0, 0, '2023-01-19 08:37:48', '2023-01-19 08:37:48'),
(121, 2, 12, NULL, '', 'Teknaf', NULL, '22', '90', 1, 0, 0, '2023-01-19 08:37:48', '2023-01-19 08:37:48'),
(122, 2, 12, NULL, '', 'Ukhia', NULL, '22', '94', 1, 0, 0, '2023-01-19 08:37:48', '2023-01-19 08:37:48'),
(123, 3, 18, NULL, '', 'Adabor', NULL, '26', '02', 1, 0, 0, '2023-01-19 08:37:48', '2023-01-19 08:37:48'),
(124, 3, 18, NULL, '', 'Badda', NULL, '26', '04', 1, 0, 0, '2023-01-19 08:37:48', '2023-01-19 08:37:48'),
(125, 3, 18, NULL, '', 'Bangshal', NULL, '26', '05', 1, 0, 0, '2023-01-19 08:37:48', '2023-01-19 08:37:48'),
(126, 3, 18, NULL, ' ', 'Biman bandar', NULL, '26', '06', 1, 0, 0, '2023-01-19 08:37:48', '2023-01-19 08:37:48'),
(127, 3, 18, NULL, '', 'Banani', NULL, '26', '07', 1, 0, 0, '2023-01-19 08:37:48', '2023-01-19 08:37:48'),
(128, 3, 18, NULL, '', 'Cantonment', NULL, '26', '08', 1, 0, 0, '2023-01-19 08:37:48', '2023-01-19 08:37:48'),
(129, 3, 18, NULL, ' ', 'Chak bazar', NULL, '26', '09', 1, 0, 0, '2023-01-19 08:37:48', '2023-01-19 08:37:48'),
(130, 3, 18, NULL, '', 'Dakshinkhan', NULL, '26', '10', 1, 0, 0, '2023-01-19 08:37:48', '2023-01-19 08:37:48'),
(131, 3, 18, NULL, ' ', 'Darus salam', NULL, '26', '11', 1, 0, 0, '2023-01-19 08:37:48', '2023-01-19 08:37:48'),
(132, 3, 18, NULL, '', 'Demra', NULL, '26', '12', 1, 0, 0, '2023-01-19 08:37:48', '2023-01-19 08:37:48'),
(133, 3, 18, NULL, '', 'Dhanmondi', NULL, '26', '16', 1, 0, 0, '2023-01-19 08:37:48', '2023-01-19 08:37:48'),
(134, 3, 18, NULL, '', 'Hazaribagh', NULL, '26', '28', 1, 0, 0, '2023-01-19 08:37:48', '2023-01-19 08:37:48'),
(135, 3, 18, NULL, '', 'Dhamrai', NULL, '26', '14', 1, 0, 0, '2023-01-19 08:37:48', '2023-01-19 08:37:48'),
(136, 3, 18, NULL, '', 'Dohar', NULL, '26', '18', 1, 0, 0, '2023-01-19 08:37:48', '2023-01-19 08:37:48'),
(137, 3, 18, NULL, '', 'Bhasan tek', NULL, '26', '21', 1, 0, 0, '2023-01-19 08:37:48', '2023-01-19 08:37:48'),
(138, 3, 18, NULL, '', 'Bhatara', NULL, '26', '22', 1, 0, 0, '2023-01-19 08:37:48', '2023-01-19 08:37:48'),
(139, 3, 18, NULL, '', 'Gendaria', NULL, '26', '24', 1, 0, 0, '2023-01-19 08:37:48', '2023-01-19 08:37:48'),
(140, 3, 18, NULL, '', 'Gulshan', NULL, '26', '26', 1, 0, 0, '2023-01-19 08:37:48', '2023-01-19 08:37:48'),
(141, 3, 18, NULL, '', 'Jatrabari', NULL, '26', '29', 1, 0, 0, '2023-01-19 08:37:48', '2023-01-19 08:37:48'),
(142, 3, 18, NULL, '', 'Kafrul', NULL, '26', '30', 1, 0, 0, '2023-01-19 08:37:48', '2023-01-19 08:37:48'),
(143, 3, 18, NULL, '', 'Kadamtali', NULL, '26', '32', 1, 0, 0, '2023-01-19 08:37:48', '2023-01-19 08:37:48'),
(144, 3, 18, NULL, '', 'Kalabagan', NULL, '26', '33', 1, 0, 0, '2023-01-19 08:37:48', '2023-01-19 08:37:48'),
(145, 3, 18, NULL, ' ', 'Kamrangir char', NULL, '26', '34', 1, 0, 0, '2023-01-19 08:37:48', '2023-01-19 08:37:48'),
(146, 3, 18, NULL, '', 'Khilgaon', NULL, '26', '36', 1, 0, 0, '2023-01-19 08:37:48', '2023-01-19 08:37:48'),
(147, 3, 18, NULL, '', 'Khilkhet', NULL, '26', '37', 1, 0, 0, '2023-01-19 08:37:48', '2023-01-19 08:37:48'),
(148, 3, 18, NULL, '', 'Keraniganj', NULL, '26', '38', 1, 0, 0, '2023-01-19 08:37:48', '2023-01-19 08:37:48'),
(149, 3, 18, NULL, '', 'Kotwali', NULL, '26', '40', 1, 0, 0, '2023-01-19 08:37:48', '2023-01-19 08:37:48'),
(150, 3, 18, NULL, '', 'Lalbagh', NULL, '26', '42', 1, 0, 0, '2023-01-19 08:37:48', '2023-01-19 08:37:48'),
(151, 3, 18, NULL, '', 'Mohammadpur', NULL, '26', '50', 1, 0, 0, '2023-01-19 08:37:48', '2023-01-19 08:37:48'),
(152, 3, 18, NULL, '', 'Ramna', NULL, '26', '66', 1, 0, 0, '2023-01-19 08:37:48', '2023-01-19 08:37:48'),
(153, 3, 18, NULL, '', 'Mirpur', NULL, '26', '48', 1, 0, 0, '2023-01-19 08:37:48', '2023-01-19 08:37:48'),
(154, 3, 18, NULL, '', 'Motijheel', NULL, '26', '54', 1, 0, 0, '2023-01-19 08:37:48', '2023-01-19 08:37:48'),
(155, 3, 18, NULL, '', 'Mugda para', NULL, '26', '57', 1, 0, 0, '2023-01-19 08:37:48', '2023-01-19 08:37:48'),
(156, 3, 18, NULL, '', 'Nawabganj', NULL, '26', '62', 1, 0, 0, '2023-01-19 08:37:48', '2023-01-19 08:37:48'),
(157, 3, 18, NULL, ' ', 'New market', NULL, '26', '63', 1, 0, 0, '2023-01-19 08:37:48', '2023-01-19 08:37:48'),
(158, 3, 18, NULL, '', 'Pallabi', NULL, '26', '64', 1, 0, 0, '2023-01-19 08:37:48', '2023-01-19 08:37:48'),
(159, 3, 18, NULL, '', 'Paltan', NULL, '26', '65', 1, 0, 0, '2023-01-19 08:37:48', '2023-01-19 08:37:48'),
(160, 3, 18, NULL, '', 'Rampura', NULL, '26', '67', 1, 0, 0, '2023-01-19 08:37:48', '2023-01-19 08:37:48'),
(161, 3, 18, NULL, '', 'Sabujbagh', NULL, '26', '68', 1, 0, 0, '2023-01-19 08:37:48', '2023-01-19 08:37:48'),
(162, 3, 18, NULL, '', 'Rupnagar', NULL, '26', '70', 1, 0, 0, '2023-01-19 08:37:48', '2023-01-19 08:37:48'),
(163, 3, 18, NULL, '', 'Savar', NULL, '26', '72', 1, 0, 0, '2023-01-19 08:37:48', '2023-01-19 08:37:48'),
(164, 3, 18, NULL, '', 'Shahjahanpur', NULL, '26', '73', 1, 0, 0, '2023-01-19 08:37:48', '2023-01-19 08:37:48'),
(165, 3, 18, NULL, ' ', 'Shah ali', NULL, '26', '74', 1, 0, 0, '2023-01-19 08:37:48', '2023-01-19 08:37:48'),
(166, 3, 18, NULL, '', 'Shahbagh', NULL, '26', '75', 1, 0, 0, '2023-01-19 08:37:48', '2023-01-19 08:37:48'),
(167, 3, 18, NULL, '', 'Shyampur', NULL, '26', '76', 1, 0, 0, '2023-01-19 08:37:48', '2023-01-19 08:37:48'),
(168, 3, 18, NULL, '-- ', 'Sher-e-bangla nagar', NULL, '26', '80', 1, 0, 0, '2023-01-19 08:37:48', '2023-01-19 08:37:48'),
(169, 3, 18, NULL, '', 'Sutrapur', NULL, '26', '88', 1, 0, 0, '2023-01-19 08:37:48', '2023-01-19 08:37:48'),
(170, 3, 18, NULL, '', 'Tejgaon', NULL, '26', '90', 1, 0, 0, '2023-01-19 08:37:48', '2023-01-19 08:37:48'),
(171, 3, 18, NULL, '  ', 'Tejgaon ind. area', NULL, '26', '92', 1, 0, 0, '2023-01-19 08:37:48', '2023-01-19 08:37:48'),
(172, 3, 18, NULL, '', 'Turag', NULL, '26', '93', 1, 0, 0, '2023-01-19 08:37:48', '2023-01-19 08:37:48'),
(173, 3, 18, NULL, '', 'Uttara  paschim', NULL, '26', '94', 1, 0, 0, '2023-01-19 08:37:48', '2023-01-19 08:37:48'),
(174, 3, 18, NULL, '', 'Uttara  purba', NULL, '26', '95', 1, 0, 0, '2023-01-19 08:37:48', '2023-01-19 08:37:48'),
(175, 3, 18, NULL, ' ', 'Uttar khan', NULL, '26', '96', 1, 0, 0, '2023-01-19 08:37:48', '2023-01-19 08:37:48'),
(176, 3, 18, NULL, '', 'Wari', NULL, '26', '98', 1, 0, 0, '2023-01-19 08:37:48', '2023-01-19 08:37:48'),
(177, 6, 53, NULL, '', 'Birampur', NULL, '27', '10', 1, 0, 0, '2023-01-19 08:37:48', '2023-01-19 08:37:48'),
(178, 6, 53, NULL, '', 'Birganj', NULL, '27', '12', 1, 0, 0, '2023-01-19 08:37:48', '2023-01-19 08:37:48'),
(179, 6, 53, NULL, '', 'Biral', NULL, '27', '17', 1, 0, 0, '2023-01-19 08:37:48', '2023-01-19 08:37:48'),
(180, 6, 53, NULL, '', 'Bochaganj', NULL, '27', '21', 1, 0, 0, '2023-01-19 08:37:48', '2023-01-19 08:37:48'),
(181, 6, 53, NULL, '', 'Chirirbandar', NULL, '27', '30', 1, 0, 0, '2023-01-19 08:37:48', '2023-01-19 08:37:48'),
(182, 6, 53, NULL, '', 'Fulbari', NULL, '27', '38', 1, 0, 0, '2023-01-19 08:37:48', '2023-01-19 08:37:48'),
(183, 6, 53, NULL, '', 'Ghoraghat', NULL, '27', '43', 1, 0, 0, '2023-01-19 08:37:48', '2023-01-19 08:37:48'),
(184, 6, 53, NULL, '', 'Hakimpur', NULL, '27', '47', 1, 0, 0, '2023-01-19 08:37:48', '2023-01-19 08:37:48'),
(185, 6, 53, NULL, '', 'Kaharole', NULL, '27', '56', 1, 0, 0, '2023-01-19 08:37:48', '2023-01-19 08:37:48'),
(186, 6, 53, NULL, '', 'Khansama', NULL, '27', '60', 1, 0, 0, '2023-01-19 08:37:48', '2023-01-19 08:37:48'),
(187, 6, 53, NULL, ' ', 'Dinajpur sadar', NULL, '27', '64', 1, 0, 0, '2023-01-19 08:37:48', '2023-01-19 08:37:48'),
(188, 6, 53, NULL, '', 'Nawabganj', NULL, '27', '69', 1, 0, 0, '2023-01-19 08:37:48', '2023-01-19 08:37:48'),
(189, 6, 53, NULL, '', 'Parbatipur', NULL, '27', '77', 1, 0, 0, '2023-01-19 08:37:48', '2023-01-19 08:37:48'),
(190, 3, 19, NULL, '', 'Alfadanga', NULL, '29', '03', 1, 0, 0, '2023-01-19 08:37:48', '2023-01-19 08:37:48'),
(191, 3, 19, NULL, '', 'Bhanga', NULL, '29', '10', 1, 0, 0, '2023-01-19 08:37:48', '2023-01-19 08:37:48'),
(192, 3, 19, NULL, '', 'Boalmari', NULL, '29', '18', 1, 0, 0, '2023-01-19 08:37:48', '2023-01-19 08:37:48'),
(193, 3, 19, NULL, ' ', 'Char bhadrasan', NULL, '29', '21', 1, 0, 0, '2023-01-19 08:37:48', '2023-01-19 08:37:48'),
(194, 3, 19, NULL, ' ', 'Faridpur sadar', NULL, '29', '47', 1, 0, 0, '2023-01-19 08:37:48', '2023-01-19 08:37:48'),
(195, 3, 19, NULL, '', 'Madhukhali', NULL, '29', '56', 1, 0, 0, '2023-01-19 08:37:48', '2023-01-19 08:37:48'),
(196, 3, 19, NULL, '', 'Nagarkanda', NULL, '29', '62', 1, 0, 0, '2023-01-19 08:37:48', '2023-01-19 08:37:48'),
(197, 3, 19, NULL, '', 'Sadarpur', NULL, '29', '84', 1, 0, 0, '2023-01-19 08:37:48', '2023-01-19 08:37:48'),
(198, 3, 19, NULL, '', 'Saltha', NULL, '29', '90', 1, 0, 0, '2023-01-19 08:37:48', '2023-01-19 08:37:48'),
(199, 2, 13, NULL, '', 'Chhagalnaiya', NULL, '30', '14', 1, 0, 0, '2023-01-19 08:37:48', '2023-01-19 08:37:48'),
(200, 2, 13, NULL, '', 'Daganbhuiyan', NULL, '30', '25', 1, 0, 0, '2023-01-19 08:37:48', '2023-01-19 08:37:48'),
(201, 2, 13, NULL, ' ', 'Feni sadar', NULL, '30', '29', 1, 0, 0, '2023-01-19 08:37:48', '2023-01-19 08:37:48'),
(202, 2, 13, NULL, '', 'Fulgazi', NULL, '30', '41', 1, 0, 0, '2023-01-19 08:37:48', '2023-01-19 08:37:48'),
(203, 2, 13, NULL, '', 'Parshuram', NULL, '30', '51', 1, 0, 0, '2023-01-19 08:37:48', '2023-01-19 08:37:48'),
(204, 2, 13, NULL, '', 'Sonagazi', NULL, '30', '94', 1, 0, 0, '2023-01-19 08:37:48', '2023-01-19 08:37:48'),
(205, 6, 54, NULL, '', 'Fulchhari', NULL, '32', '21', 1, 0, 0, '2023-01-19 08:37:48', '2023-01-19 08:37:48'),
(206, 6, 54, NULL, ' ', 'Gaibandha sadar', NULL, '32', '24', 1, 0, 0, '2023-01-19 08:37:48', '2023-01-19 08:37:48'),
(207, 6, 54, NULL, '', 'Gobindaganj', NULL, '32', '30', 1, 0, 0, '2023-01-19 08:37:48', '2023-01-19 08:37:48'),
(208, 6, 54, NULL, '', 'Palashbari', NULL, '32', '67', 1, 0, 0, '2023-01-19 08:37:48', '2023-01-19 08:37:48'),
(209, 6, 54, NULL, '', 'Sadullapur', NULL, '32', '82', 1, 0, 0, '2023-01-19 08:37:48', '2023-01-19 08:37:48'),
(210, 6, 54, NULL, '', 'Saghata', NULL, '32', '88', 1, 0, 0, '2023-01-19 08:37:48', '2023-01-19 08:37:48'),
(211, 6, 54, NULL, '', 'Sundarganj', NULL, '32', '91', 1, 0, 0, '2023-01-19 08:37:48', '2023-01-19 08:37:48'),
(212, 3, 20, NULL, ' ', 'Gazipur sadar', NULL, '33', '30', 1, 0, 0, '2023-01-19 08:37:48', '2023-01-19 08:37:48'),
(213, 3, 20, NULL, '', 'Kaliakair', NULL, '33', '32', 1, 0, 0, '2023-01-19 08:37:48', '2023-01-19 08:37:48'),
(214, 3, 20, NULL, '', 'Kaliganj', NULL, '33', '34', 1, 0, 0, '2023-01-19 08:37:48', '2023-01-19 08:37:48'),
(215, 3, 20, NULL, '', 'Kapasia', NULL, '33', '36', 1, 0, 0, '2023-01-19 08:37:48', '2023-01-19 08:37:48'),
(216, 3, 20, NULL, '', 'Sreepur', NULL, '33', '86', 1, 0, 0, '2023-01-19 08:37:48', '2023-01-19 08:37:48'),
(217, 3, 21, NULL, ' ', 'Gopalganj sadar', NULL, '35', '32', 1, 0, 0, '2023-01-19 08:37:48', '2023-01-19 08:37:48'),
(218, 3, 21, NULL, '', 'Kashiani', NULL, '35', '43', 1, 0, 0, '2023-01-19 08:37:48', '2023-01-19 08:37:48'),
(219, 3, 21, NULL, '', 'Kotalipara', NULL, '35', '51', 1, 0, 0, '2023-01-19 08:37:48', '2023-01-19 08:37:48'),
(220, 3, 21, NULL, '', 'Muksudpur', NULL, '35', '58', 1, 0, 0, '2023-01-19 08:37:48', '2023-01-19 08:37:48'),
(221, 3, 21, NULL, '', 'Tungipara', NULL, '35', '91', 1, 0, 0, '2023-01-19 08:37:48', '2023-01-19 08:37:48'),
(222, 7, 61, NULL, '', 'Ajmiriganj', NULL, '36', '02', 1, 0, 0, '2023-01-19 08:37:48', '2023-01-19 08:37:48'),
(223, 7, 61, NULL, '', 'Bahubal', NULL, '36', '05', 1, 0, 0, '2023-01-19 08:37:48', '2023-01-19 08:37:48'),
(224, 7, 61, NULL, '', 'Baniachong', NULL, '36', '11', 1, 0, 0, '2023-01-19 08:37:48', '2023-01-19 08:37:48'),
(225, 7, 61, NULL, '', 'Chunarughat', NULL, '36', '26', 1, 0, 0, '2023-01-19 08:37:48', '2023-01-19 08:37:48'),
(226, 7, 61, NULL, ' ', 'Habiganj sadar', NULL, '36', '44', 1, 0, 0, '2023-01-19 08:37:48', '2023-01-19 08:37:48'),
(227, 7, 61, NULL, '', 'Lakhai', NULL, '36', '68', 1, 0, 0, '2023-01-19 08:37:48', '2023-01-19 08:37:48'),
(228, 7, 61, NULL, '', 'Madhabpur', NULL, '36', '71', 1, 0, 0, '2023-01-19 08:37:48', '2023-01-19 08:37:48'),
(229, 7, 61, NULL, '', 'Nabiganj', NULL, '36', '77', 1, 0, 0, '2023-01-19 08:37:48', '2023-01-19 08:37:48'),
(230, 5, 46, NULL, '', 'Akkelpur', NULL, '38', '13', 1, 0, 0, '2023-01-19 08:37:48', '2023-01-19 08:37:48'),
(231, 5, 46, NULL, ' ', 'Joypurhat sadar', NULL, '38', '47', 1, 0, 0, '2023-01-19 08:37:48', '2023-01-19 08:37:48'),
(232, 5, 46, NULL, '', 'Kalai', NULL, '38', '58', 1, 0, 0, '2023-01-19 08:37:48', '2023-01-19 08:37:48'),
(233, 5, 46, NULL, '', 'Khetlal', NULL, '38', '61', 1, 0, 0, '2023-01-19 08:37:48', '2023-01-19 08:37:48'),
(234, 5, 46, NULL, '', 'Panchbibi', NULL, '38', '74', 1, 0, 0, '2023-01-19 08:37:48', '2023-01-19 08:37:48'),
(235, 3, 22, NULL, '', 'Bakshiganj', NULL, '39', '07', 1, 0, 0, '2023-01-19 08:37:48', '2023-01-19 08:37:48'),
(236, 3, 22, NULL, '', 'Dewanganj', NULL, '39', '15', 1, 0, 0, '2023-01-19 08:37:48', '2023-01-19 08:37:48'),
(237, 3, 22, NULL, '', 'Islampur', NULL, '39', '29', 1, 0, 0, '2023-01-19 08:37:48', '2023-01-19 08:37:48'),
(238, 3, 22, NULL, ' ', 'Jamalpur sadar', NULL, '39', '36', 1, 0, 0, '2023-01-19 08:37:48', '2023-01-19 08:37:48'),
(239, 3, 22, NULL, '', 'Madarganj', NULL, '39', '58', 1, 0, 0, '2023-01-19 08:37:48', '2023-01-19 08:37:48'),
(240, 3, 22, NULL, '', 'Melandaha', NULL, '39', '61', 1, 0, 0, '2023-01-19 08:37:48', '2023-01-19 08:37:48'),
(241, 3, 22, NULL, '', 'Sarishabari upazila', NULL, '39', '85', 1, 0, 0, '2023-01-19 08:37:48', '2023-01-19 08:37:48'),
(242, 4, 37, NULL, '', 'Abhaynagar', NULL, '41', '04', 1, 0, 0, '2023-01-19 08:37:48', '2023-01-19 08:37:48'),
(243, 4, 37, NULL, '', 'Bagher para', NULL, '41', '09', 1, 0, 0, '2023-01-19 08:37:48', '2023-01-19 08:37:48'),
(244, 4, 37, NULL, '', 'Chaugachha', NULL, '41', '11', 1, 0, 0, '2023-01-19 08:37:48', '2023-01-19 08:37:48'),
(245, 4, 37, NULL, '', 'Jhikargachha', NULL, '41', '23', 1, 0, 0, '2023-01-19 08:37:48', '2023-01-19 08:37:48'),
(246, 4, 37, NULL, '', 'Keshabpur', NULL, '41', '38', 1, 0, 0, '2023-01-19 08:37:48', '2023-01-19 08:37:48'),
(247, 4, 37, NULL, ' ', 'Jessore sadar', NULL, '41', '47', 1, 0, 0, '2023-01-19 08:37:48', '2023-01-19 08:37:48'),
(248, 4, 37, NULL, '', 'Manirampur', NULL, '41', '61', 1, 0, 0, '2023-01-19 08:37:48', '2023-01-19 08:37:48'),
(249, 4, 37, NULL, '', 'Sharsha', NULL, '41', '90', 1, 0, 0, '2023-01-19 08:37:48', '2023-01-19 08:37:48'),
(250, 1, 4, NULL, ' ', 'Jhalokati sadar', NULL, '42', '40', 1, 0, 0, '2023-01-19 08:37:48', '2023-01-19 08:37:48'),
(251, 1, 4, NULL, '', 'Kanthalia', NULL, '42', '43', 1, 0, 0, '2023-01-19 08:37:48', '2023-01-19 08:37:48'),
(252, 1, 4, NULL, '', 'Nalchity', NULL, '42', '73', 1, 0, 0, '2023-01-19 08:37:48', '2023-01-19 08:37:48'),
(253, 1, 4, NULL, '', 'Rajapur', NULL, '42', '84', 1, 0, 0, '2023-01-19 08:37:48', '2023-01-19 08:37:48'),
(254, 4, 38, NULL, '', 'Harinakunda', NULL, '44', '14', 1, 0, 0, '2023-01-19 08:37:48', '2023-01-19 08:37:48'),
(255, 4, 38, NULL, ' ', 'Jhenaidah sadar', NULL, '44', '19', 1, 0, 0, '2023-01-19 08:37:48', '2023-01-19 08:37:48'),
(256, 4, 38, NULL, '', 'Kaliganj', NULL, '44', '33', 1, 0, 0, '2023-01-19 08:37:48', '2023-01-19 08:37:48'),
(257, 4, 38, NULL, '', 'Kotchandpur', NULL, '44', '42', 1, 0, 0, '2023-01-19 08:37:48', '2023-01-19 08:37:48'),
(258, 4, 38, NULL, '', 'Maheshpur', NULL, '44', '71', 1, 0, 0, '2023-01-19 08:37:48', '2023-01-19 08:37:48'),
(259, 4, 38, NULL, '', 'Shailkupa', NULL, '44', '80', 1, 0, 0, '2023-01-19 08:37:48', '2023-01-19 08:37:48'),
(260, 2, 14, NULL, '', 'Dighinala', NULL, '46', '43', 1, 0, 0, '2023-01-19 08:37:48', '2023-01-19 08:37:48'),
(261, 2, 14, NULL, ' ', 'Khagrachhari sadar', NULL, '46', '49', 1, 0, 0, '2023-01-19 08:37:48', '2023-01-19 08:37:48'),
(262, 2, 14, NULL, '', 'Lakshmichhari', NULL, '46', '61', 1, 0, 0, '2023-01-19 08:37:48', '2023-01-19 08:37:48'),
(263, 2, 14, NULL, '', 'Mahalchhari', NULL, '46', '65', 1, 0, 0, '2023-01-19 08:37:48', '2023-01-19 08:37:48'),
(264, 2, 14, NULL, '', 'Manikchhari', NULL, '46', '67', 1, 0, 0, '2023-01-19 08:37:48', '2023-01-19 08:37:48'),
(265, 2, 14, NULL, '', 'Matiranga', NULL, '46', '70', 1, 0, 0, '2023-01-19 08:37:48', '2023-01-19 08:37:48'),
(266, 2, 14, NULL, '', 'Panchhari', NULL, '46', '77', 1, 0, 0, '2023-01-19 08:37:48', '2023-01-19 08:37:48'),
(267, 2, 14, NULL, '', 'Ramgarh', NULL, '46', '80', 1, 0, 0, '2023-01-19 08:37:48', '2023-01-19 08:37:48'),
(268, 4, 39, NULL, '', 'Batiaghata', NULL, '47', '12', 1, 0, 0, '2023-01-19 08:37:48', '2023-01-19 08:37:48'),
(269, 4, 39, NULL, '', 'Dacope', NULL, '47', '17', 1, 0, 0, '2023-01-19 08:37:48', '2023-01-19 08:37:48'),
(270, 4, 39, NULL, '', 'Daulatpur', NULL, '47', '21', 1, 0, 0, '2023-01-19 08:37:48', '2023-01-19 08:37:48'),
(271, 4, 39, NULL, '', 'Dumuria', NULL, '47', '30', 1, 0, 0, '2023-01-19 08:37:48', '2023-01-19 08:37:48'),
(272, 4, 39, NULL, '', 'Dighalia', NULL, '47', '40', 1, 0, 0, '2023-01-19 08:37:48', '2023-01-19 08:37:48'),
(273, 4, 39, NULL, '', 'Khalishpur', NULL, '47', '45', 1, 0, 0, '2023-01-19 08:37:48', '2023-01-19 08:37:48'),
(274, 4, 39, NULL, '  ', 'Khan jahan ali', NULL, '47', '48', 1, 0, 0, '2023-01-19 08:37:48', '2023-01-19 08:37:48'),
(275, 4, 39, NULL, ' ', 'Khulna sadar', NULL, '47', '51', 1, 0, 0, '2023-01-19 08:37:48', '2023-01-19 08:37:48'),
(276, 4, 39, NULL, '', 'Koyra', NULL, '47', '53', 1, 0, 0, '2023-01-19 08:37:48', '2023-01-19 08:37:48'),
(277, 4, 39, NULL, '', 'Paikgachha', NULL, '47', '64', 1, 0, 0, '2023-01-19 08:37:48', '2023-01-19 08:37:48'),
(278, 4, 39, NULL, '', 'Phultala', NULL, '47', '69', 1, 0, 0, '2023-01-19 08:37:48', '2023-01-19 08:37:48'),
(279, 4, 39, NULL, '', 'Rupsa', NULL, '47', '75', 1, 0, 0, '2023-01-19 08:37:48', '2023-01-19 08:37:48'),
(280, 4, 39, NULL, '', 'Sonadanga', NULL, '47', '85', 1, 0, 0, '2023-01-19 08:37:48', '2023-01-19 08:37:48'),
(281, 4, 39, NULL, '', 'Terokhada', NULL, '47', '94', 1, 0, 0, '2023-01-19 08:37:48', '2023-01-19 08:37:48'),
(282, 3, 23, NULL, '', 'Austagram', NULL, '48', '02', 1, 0, 0, '2023-01-19 08:37:48', '2023-01-19 08:37:48'),
(283, 3, 23, NULL, '', 'Bajitpur', NULL, '48', '06', 1, 0, 0, '2023-01-19 08:37:48', '2023-01-19 08:37:48'),
(284, 3, 23, NULL, '', 'Bhairab', NULL, '48', '11', 1, 0, 0, '2023-01-19 08:37:48', '2023-01-19 08:37:48'),
(285, 3, 23, NULL, '', 'Hossainpur', NULL, '48', '27', 1, 0, 0, '2023-01-19 08:37:48', '2023-01-19 08:37:48'),
(286, 3, 23, NULL, '', 'Itna', NULL, '48', '33', 1, 0, 0, '2023-01-19 08:37:48', '2023-01-19 08:37:48'),
(287, 3, 23, NULL, '', 'Karimganj', NULL, '48', '42', 1, 0, 0, '2023-01-19 08:37:48', '2023-01-19 08:37:48'),
(288, 3, 23, NULL, '', 'Katiadi', NULL, '48', '45', 1, 0, 0, '2023-01-19 08:37:48', '2023-01-19 08:37:48'),
(289, 3, 23, NULL, ' ', 'Kishoreganj sadar', NULL, '48', '49', 1, 0, 0, '2023-01-19 08:37:48', '2023-01-19 08:37:48'),
(290, 3, 23, NULL, ' ', 'Kuliar char', NULL, '48', '54', 1, 0, 0, '2023-01-19 08:37:48', '2023-01-19 08:37:48'),
(291, 3, 23, NULL, '', 'Mithamain', NULL, '48', '59', 1, 0, 0, '2023-01-19 08:37:48', '2023-01-19 08:37:48'),
(292, 3, 23, NULL, '', 'Nikli', NULL, '48', '76', 1, 0, 0, '2023-01-19 08:37:48', '2023-01-19 08:37:48'),
(293, 3, 23, NULL, '', 'Pakundia', NULL, '48', '79', 1, 0, 0, '2023-01-19 08:37:48', '2023-01-19 08:37:48'),
(294, 3, 23, NULL, '', 'Tarail', NULL, '48', '92', 1, 0, 0, '2023-01-19 08:37:48', '2023-01-19 08:37:48'),
(295, 6, 55, NULL, '', 'Bhurungamari', NULL, '49', '06', 1, 0, 0, '2023-01-19 08:37:48', '2023-01-19 08:37:48'),
(296, 6, 55, NULL, '', 'Char rajibpur', NULL, '49', '08', 1, 0, 0, '2023-01-19 08:37:48', '2023-01-19 08:37:48'),
(297, 6, 55, NULL, '', 'Chilmari', NULL, '49', '09', 1, 0, 0, '2023-01-19 08:37:48', '2023-01-19 08:37:48'),
(298, 6, 55, NULL, '', 'Phulbari', NULL, '49', '18', 1, 0, 0, '2023-01-19 08:37:48', '2023-01-19 08:37:48'),
(299, 6, 55, NULL, ' ', 'Kurigram sadar', NULL, '49', '52', 1, 0, 0, '2023-01-19 08:37:48', '2023-01-19 08:37:48'),
(300, 6, 55, NULL, '', 'Nageshwari', NULL, '49', '61', 1, 0, 0, '2023-01-19 08:37:48', '2023-01-19 08:37:48'),
(301, 6, 55, NULL, '', 'Rajarhat', NULL, '49', '77', 1, 0, 0, '2023-01-19 08:37:48', '2023-01-19 08:37:48'),
(302, 6, 55, NULL, '', 'Raumari', NULL, '49', '79', 1, 0, 0, '2023-01-19 08:37:48', '2023-01-19 08:37:48'),
(303, 6, 55, NULL, '', 'Ulipur', NULL, '49', '94', 1, 0, 0, '2023-01-19 08:37:48', '2023-01-19 08:37:48'),
(304, 4, 40, NULL, '', 'Bheramara', NULL, '50', '15', 1, 0, 0, '2023-01-19 08:37:48', '2023-01-19 08:37:48'),
(305, 4, 40, NULL, '', 'Daulatpur', NULL, '50', '39', 1, 0, 0, '2023-01-19 08:37:48', '2023-01-19 08:37:48'),
(306, 4, 40, NULL, '', 'Khoksa', NULL, '50', '63', 1, 0, 0, '2023-01-19 08:37:48', '2023-01-19 08:37:48'),
(307, 4, 40, NULL, '', 'Kumarkhali', NULL, '50', '71', 1, 0, 0, '2023-01-19 08:37:48', '2023-01-19 08:37:48'),
(308, 4, 40, NULL, ' ', 'Kushtia sadar', NULL, '50', '79', 1, 0, 0, '2023-01-19 08:37:48', '2023-01-19 08:37:48'),
(309, 4, 40, NULL, '', 'Mirpur', NULL, '50', '94', 1, 0, 0, '2023-01-19 08:37:48', '2023-01-19 08:37:48'),
(310, 2, 15, NULL, '', 'Kamalnagar', NULL, '51', '33', 1, 0, 0, '2023-01-19 08:37:48', '2023-01-19 08:37:48'),
(311, 2, 15, NULL, ' ', 'Lakshmipur sadar', NULL, '51', '43', 1, 0, 0, '2023-01-19 08:37:48', '2023-01-19 08:37:48'),
(312, 2, 15, NULL, '', 'Roypur', NULL, '51', '58', 1, 0, 0, '2023-01-19 08:37:48', '2023-01-19 08:37:48'),
(313, 2, 15, NULL, '', 'Ramganj', NULL, '51', '65', 1, 0, 0, '2023-01-19 08:37:48', '2023-01-19 08:37:48'),
(314, 2, 15, NULL, '', 'Ramgati', NULL, '51', '73', 1, 0, 0, '2023-01-19 08:37:48', '2023-01-19 08:37:48'),
(315, 6, 56, NULL, '', 'Aditmari', NULL, '52', '02', 1, 0, 0, '2023-01-19 08:37:48', '2023-01-19 08:37:48'),
(316, 6, 56, NULL, '', 'Hatibandha', NULL, '52', '33', 1, 0, 0, '2023-01-19 08:37:48', '2023-01-19 08:37:48'),
(317, 6, 56, NULL, '', 'Kaliganj', NULL, '52', '39', 1, 0, 0, '2023-01-19 08:37:48', '2023-01-19 08:37:48'),
(318, 6, 56, NULL, ' ', 'Lalmonirhat sadar', NULL, '52', '55', 1, 0, 0, '2023-01-19 08:37:48', '2023-01-19 08:37:48'),
(319, 6, 56, NULL, '', 'Patgram', NULL, '52', '70', 1, 0, 0, '2023-01-19 08:37:48', '2023-01-19 08:37:48'),
(320, 3, 24, NULL, '', 'Kalkini', NULL, '54', '40', 1, 0, 0, '2023-01-19 08:37:48', '2023-01-19 08:37:48'),
(321, 3, 24, NULL, ' ', 'Madaripur sadar', NULL, '54', '54', 1, 0, 0, '2023-01-19 08:37:48', '2023-01-19 08:37:48'),
(322, 3, 24, NULL, '', 'Rajoir', NULL, '54', '80', 1, 0, 0, '2023-01-19 08:37:48', '2023-01-19 08:37:48'),
(323, 3, 24, NULL, ' ', 'Shibchar', NULL, '54', '87', 1, 0, 0, '2023-01-19 08:37:48', '2023-01-19 08:37:48'),
(324, 4, 41, NULL, ' ', 'Magura sadar', NULL, '55', '57', 1, 0, 0, '2023-01-19 08:37:48', '2023-01-19 08:37:48'),
(325, 4, 41, NULL, '', 'Mohammadpur', NULL, '55', '66', 1, 0, 0, '2023-01-19 08:37:48', '2023-01-19 08:37:48'),
(326, 4, 41, NULL, '', 'Shalikha', NULL, '55', '85', 1, 0, 0, '2023-01-19 08:37:48', '2023-01-19 08:37:48'),
(327, 4, 41, NULL, '', 'Sreepur', NULL, '55', '95', 1, 0, 0, '2023-01-19 08:37:48', '2023-01-19 08:37:48'),
(328, 3, 25, NULL, '', 'Daulatpur', NULL, '56', '10', 1, 0, 0, '2023-01-19 08:37:48', '2023-01-19 08:37:48'),
(329, 3, 25, NULL, '', 'Ghior', NULL, '56', '22', 1, 0, 0, '2023-01-19 08:37:48', '2023-01-19 08:37:48'),
(330, 3, 25, NULL, '', 'Harirampur', NULL, '56', '28', 1, 0, 0, '2023-01-19 08:37:48', '2023-01-19 08:37:48'),
(331, 3, 25, NULL, ' ', 'Manikganj sadar', NULL, '56', '46', 1, 0, 0, '2023-01-19 08:37:48', '2023-01-19 08:37:48'),
(332, 3, 25, NULL, '', 'Saturia', NULL, '56', '70', 1, 0, 0, '2023-01-19 08:37:48', '2023-01-19 08:37:48'),
(333, 3, 25, NULL, '', 'Shibalaya', NULL, '56', '78', 1, 0, 0, '2023-01-19 08:37:48', '2023-01-19 08:37:48'),
(334, 3, 25, NULL, '', 'Singair', NULL, '56', '82', 1, 0, 0, '2023-01-19 08:37:48', '2023-01-19 08:37:48'),
(335, 4, 42, NULL, '', 'Gangni', NULL, '57', '47', 1, 0, 0, '2023-01-19 08:37:48', '2023-01-19 08:37:48'),
(336, 4, 42, NULL, ' ', 'Mujib nagar', NULL, '57', '60', 1, 0, 0, '2023-01-19 08:37:48', '2023-01-19 08:37:48'),
(337, 4, 42, NULL, ' ', 'Meherpur sadar', NULL, '57', '87', 1, 0, 0, '2023-01-19 08:37:48', '2023-01-19 08:37:48'),
(338, 7, 62, NULL, '', 'Barlekha', NULL, '58', '14', 1, 0, 0, '2023-01-19 08:37:48', '2023-01-19 08:37:48'),
(339, 7, 62, NULL, '', 'Juri', NULL, '58', '35', 1, 0, 0, '2023-01-19 08:37:48', '2023-01-19 08:37:48'),
(340, 7, 62, NULL, '', 'Kamalganj', NULL, '58', '56', 1, 0, 0, '2023-01-19 08:37:48', '2023-01-19 08:37:48'),
(341, 7, 62, NULL, '', 'Kulaura', NULL, '58', '65', 1, 0, 0, '2023-01-19 08:37:48', '2023-01-19 08:37:48'),
(342, 7, 62, NULL, ' ', 'Maulvibazar sadar', NULL, '58', '74', 1, 0, 0, '2023-01-19 08:37:48', '2023-01-19 08:37:48'),
(343, 7, 62, NULL, '', 'Rajnagar', NULL, '58', '80', 1, 0, 0, '2023-01-19 08:37:48', '2023-01-19 08:37:48'),
(344, 7, 62, NULL, '', 'Sreemangal', NULL, '58', '83', 1, 0, 0, '2023-01-19 08:37:48', '2023-01-19 08:37:48'),
(345, 3, 26, NULL, '', 'Gazaria', NULL, '59', '24', 1, 0, 0, '2023-01-19 08:37:48', '2023-01-19 08:37:48'),
(346, 3, 26, NULL, '', 'Lohajang', NULL, '59', '44', 1, 0, 0, '2023-01-19 08:37:48', '2023-01-19 08:37:48'),
(347, 3, 26, NULL, ' ', 'Munshiganj sadar', NULL, '59', '56', 1, 0, 0, '2023-01-19 08:37:48', '2023-01-19 08:37:48'),
(348, 3, 26, NULL, '', 'Serajdikhan', NULL, '59', '74', 1, 0, 0, '2023-01-19 08:37:48', '2023-01-19 08:37:48'),
(349, 3, 26, NULL, '', 'Sreenagar', NULL, '59', '84', 1, 0, 0, '2023-01-19 08:37:48', '2023-01-19 08:37:48'),
(350, 3, 26, NULL, '', 'Tongibari', NULL, '59', '94', 1, 0, 0, '2023-01-19 08:37:48', '2023-01-19 08:37:48'),
(351, 3, 27, NULL, '', 'Bhaluka', NULL, '61', '13', 1, 0, 0, '2023-01-19 08:37:48', '2023-01-19 08:37:48'),
(352, 3, 27, NULL, '', 'Dhobaura', NULL, '61', '16', 1, 0, 0, '2023-01-19 08:37:48', '2023-01-19 08:37:48'),
(353, 3, 27, NULL, '', 'Fulbaria', NULL, '61', '20', 1, 0, 0, '2023-01-19 08:37:48', '2023-01-19 08:37:48'),
(354, 3, 27, NULL, '', 'Gaffargaon', NULL, '61', '22', 1, 0, 0, '2023-01-19 08:37:48', '2023-01-19 08:37:48'),
(355, 3, 27, NULL, '', 'Gauripur', NULL, '61', '23', 1, 0, 0, '2023-01-19 08:37:48', '2023-01-19 08:37:48'),
(356, 3, 27, NULL, '', 'Haluaghat', NULL, '61', '24', 1, 0, 0, '2023-01-19 08:37:48', '2023-01-19 08:37:48'),
(357, 3, 27, NULL, '', 'Ishwarganj', NULL, '61', '31', 1, 0, 0, '2023-01-19 08:37:48', '2023-01-19 08:37:48'),
(358, 3, 27, NULL, ' ', 'Mymensingh sadar', NULL, '61', '52', 1, 0, 0, '2023-01-19 08:37:48', '2023-01-19 08:37:48'),
(359, 3, 27, NULL, '', 'Muktagachha', NULL, '61', '65', 1, 0, 0, '2023-01-19 08:37:48', '2023-01-19 08:37:48'),
(360, 3, 27, NULL, '', 'Nandail', NULL, '61', '72', 1, 0, 0, '2023-01-19 08:37:48', '2023-01-19 08:37:48'),
(361, 3, 27, NULL, '', 'Phulpur', NULL, '61', '81', 1, 0, 0, '2023-01-19 08:37:48', '2023-01-19 08:37:48'),
(362, 3, 27, NULL, '', 'Tarakanda', NULL, '61', '88', 1, 0, 0, '2023-01-19 08:37:48', '2023-01-19 08:37:48'),
(363, 3, 27, NULL, '', 'Trishal', NULL, '61', '94', 1, 0, 0, '2023-01-19 08:37:48', '2023-01-19 08:37:48'),
(364, 5, 47, NULL, '', 'Atrai', NULL, '64', '03', 1, 0, 0, '2023-01-19 08:37:48', '2023-01-19 08:37:48'),
(365, 5, 47, NULL, '', 'Badalgachhi', NULL, '64', '06', 1, 0, 0, '2023-01-19 08:37:48', '2023-01-19 08:37:48'),
(366, 5, 47, NULL, '', 'Dhamoirhat', NULL, '64', '28', 1, 0, 0, '2023-01-19 08:37:48', '2023-01-19 08:37:48'),
(367, 5, 47, NULL, '', 'Manda', NULL, '64', '47', 1, 0, 0, '2023-01-19 08:37:48', '2023-01-19 08:37:48'),
(368, 5, 47, NULL, '', 'Mahadebpur', NULL, '64', '50', 1, 0, 0, '2023-01-19 08:37:48', '2023-01-19 08:37:48'),
(369, 5, 47, NULL, ' ', 'Naogaon sadar', NULL, '64', '60', 1, 0, 0, '2023-01-19 08:37:48', '2023-01-19 08:37:48'),
(370, 5, 47, NULL, '', 'Niamatpur', NULL, '64', '69', 1, 0, 0, '2023-01-19 08:37:48', '2023-01-19 08:37:48'),
(371, 5, 47, NULL, '', 'Patnitala', NULL, '64', '75', 1, 0, 0, '2023-01-19 08:37:48', '2023-01-19 08:37:48'),
(372, 5, 47, NULL, '', 'Porsha', NULL, '64', '79', 1, 0, 0, '2023-01-19 08:37:48', '2023-01-19 08:37:48'),
(373, 5, 47, NULL, '', 'Raninagar', NULL, '64', '85', 1, 0, 0, '2023-01-19 08:37:48', '2023-01-19 08:37:48'),
(374, 5, 47, NULL, '', 'Sapahar', NULL, '64', '86', 1, 0, 0, '2023-01-19 08:37:48', '2023-01-19 08:37:48'),
(375, 4, 43, NULL, '', 'Kalia', NULL, '65', '28', 1, 0, 0, '2023-01-19 08:37:48', '2023-01-19 08:37:48'),
(376, 4, 43, NULL, '', 'Lohagara', NULL, '65', '52', 1, 0, 0, '2023-01-19 08:37:48', '2023-01-19 08:37:48'),
(377, 4, 43, NULL, ' ', 'Narail sadar', NULL, '65', '76', 1, 0, 0, '2023-01-19 08:37:48', '2023-01-19 08:37:48'),
(378, 3, 28, NULL, '', 'Araihazar', NULL, '67', '02', 1, 0, 0, '2023-01-19 08:37:48', '2023-01-19 08:37:48'),
(379, 3, 28, NULL, '', 'Sonargaon', NULL, '67', '04', 1, 0, 0, '2023-01-19 08:37:48', '2023-01-19 08:37:48'),
(380, 3, 28, NULL, '', 'Bandar', NULL, '67', '06', 1, 0, 0, '2023-01-19 08:37:48', '2023-01-19 08:37:48'),
(381, 3, 28, NULL, ' ', 'Narayanganj sadar', NULL, '67', '58', 1, 0, 0, '2023-01-19 08:37:48', '2023-01-19 08:37:48'),
(382, 3, 28, NULL, '', 'Rupganj', NULL, '67', '68', 1, 0, 0, '2023-01-19 08:37:48', '2023-01-19 08:37:48'),
(383, 3, 29, NULL, '', 'Belabo', NULL, '68', '07', 1, 0, 0, '2023-01-19 08:37:48', '2023-01-19 08:37:48'),
(384, 3, 29, NULL, '', 'Manohardi', NULL, '68', '52', 1, 0, 0, '2023-01-19 08:37:48', '2023-01-19 08:37:48'),
(385, 3, 29, NULL, ' ', 'Narsingdi sadar', NULL, '68', '60', 1, 0, 0, '2023-01-19 08:37:48', '2023-01-19 08:37:48'),
(386, 3, 29, NULL, '', 'Palash', NULL, '68', '63', 1, 0, 0, '2023-01-19 08:37:48', '2023-01-19 08:37:48'),
(387, 3, 29, NULL, '', 'Roypura', NULL, '68', '64', 1, 0, 0, '2023-01-19 08:37:48', '2023-01-19 08:37:48'),
(388, 3, 29, NULL, '', 'Shibpur', NULL, '68', '76', 1, 0, 0, '2023-01-19 08:37:48', '2023-01-19 08:37:48'),
(389, 5, 48, NULL, '', 'Bagatipara', NULL, '69', '09', 1, 0, 0, '2023-01-19 08:37:48', '2023-01-19 08:37:48'),
(390, 5, 48, NULL, '', 'Baraigram', NULL, '69', '15', 1, 0, 0, '2023-01-19 08:37:48', '2023-01-19 08:37:48'),
(391, 5, 48, NULL, '', 'Gurudaspur', NULL, '69', '41', 1, 0, 0, '2023-01-19 08:37:48', '2023-01-19 08:37:48'),
(392, 5, 48, NULL, '', 'Lalpur', NULL, '69', '44', 1, 0, 0, '2023-01-19 08:37:48', '2023-01-19 08:37:48'),
(393, 5, 48, NULL, '', 'Naldanga', NULL, '69', '55', 1, 0, 0, '2023-01-19 08:37:48', '2023-01-19 08:37:48'),
(394, 5, 48, NULL, ' ', 'Natore sadar', NULL, '69', '63', 1, 0, 0, '2023-01-19 08:37:48', '2023-01-19 08:37:48'),
(395, 5, 48, NULL, '', 'Singra', NULL, '69', '91', 1, 0, 0, '2023-01-19 08:37:48', '2023-01-19 08:37:48'),
(396, 5, 49, NULL, '', 'Bholahat', NULL, '70', '18', 1, 0, 0, '2023-01-19 08:37:48', '2023-01-19 08:37:48'),
(397, 5, 49, NULL, '', 'Gomastapur', NULL, '70', '37', 1, 0, 0, '2023-01-19 08:37:48', '2023-01-19 08:37:48'),
(398, 5, 49, NULL, '', 'Nachole', NULL, '70', '56', 1, 0, 0, '2023-01-19 08:37:48', '2023-01-19 08:37:48'),
(399, 5, 49, NULL, '  ', 'Chapai nababganj sadar', NULL, '70', '66', 1, 0, 0, '2023-01-19 08:37:48', '2023-01-19 08:37:48'),
(400, 5, 49, NULL, '', 'Shibganj', NULL, '70', '88', 1, 0, 0, '2023-01-19 08:37:48', '2023-01-19 08:37:48'),
(401, 3, 30, NULL, '', 'Atpara', NULL, '72', '04', 1, 0, 0, '2023-01-19 08:37:48', '2023-01-19 08:37:48'),
(402, 3, 30, NULL, '', 'Barhatta', NULL, '72', '09', 1, 0, 0, '2023-01-19 08:37:48', '2023-01-19 08:37:48'),
(403, 3, 30, NULL, '', 'Durgapur', NULL, '72', '18', 1, 0, 0, '2023-01-19 08:37:48', '2023-01-19 08:37:48'),
(404, 3, 30, NULL, '', 'Khaliajuri', NULL, '72', '38', 1, 0, 0, '2023-01-19 08:37:48', '2023-01-19 08:37:48'),
(405, 3, 30, NULL, '', 'Kalmakanda', NULL, '72', '40', 1, 0, 0, '2023-01-19 08:37:48', '2023-01-19 08:37:48'),
(406, 3, 30, NULL, '', 'Kendua', NULL, '72', '47', 1, 0, 0, '2023-01-19 08:37:48', '2023-01-19 08:37:48'),
(407, 3, 30, NULL, ' ', 'Madan', NULL, '72', '56', 1, 0, 0, '2023-01-19 08:37:48', '2023-01-19 08:37:48'),
(408, 3, 30, NULL, '', 'Mohanganj', NULL, '72', '63', 1, 0, 0, '2023-01-19 08:37:48', '2023-01-19 08:37:48'),
(409, 3, 30, NULL, ' ', 'Netrokona sadar', NULL, '72', '74', 1, 0, 0, '2023-01-19 08:37:48', '2023-01-19 08:37:48'),
(410, 3, 30, NULL, '', 'Purbadhala', NULL, '72', '83', 1, 0, 0, '2023-01-19 08:37:48', '2023-01-19 08:37:48'),
(411, 6, 57, NULL, '', 'Dimla', NULL, '73', '12', 1, 0, 0, '2023-01-19 08:37:48', '2023-01-19 08:37:48'),
(412, 6, 57, NULL, '', 'Domar upazila', NULL, '73', '15', 1, 0, 0, '2023-01-19 08:37:48', '2023-01-19 08:37:48'),
(413, 6, 57, NULL, '', 'Jaldhaka', NULL, '73', '36', 1, 0, 0, '2023-01-19 08:37:48', '2023-01-19 08:37:48'),
(414, 6, 57, NULL, '', 'Kishoreganj', NULL, '73', '45', 1, 0, 0, '2023-01-19 08:37:48', '2023-01-19 08:37:48'),
(415, 6, 57, NULL, ' ', 'Nilphamari sadar', NULL, '73', '64', 1, 0, 0, '2023-01-19 08:37:48', '2023-01-19 08:37:48'),
(416, 6, 57, NULL, '', 'Saidpur upazila', NULL, '73', '85', 1, 0, 0, '2023-01-19 08:37:48', '2023-01-19 08:37:48'),
(417, 2, 16, NULL, '', 'Begumganj', NULL, '75', '07', 1, 0, 0, '2023-01-19 08:37:48', '2023-01-19 08:37:48'),
(418, 2, 16, NULL, '', 'Chatkhil', NULL, '75', '10', 1, 0, 0, '2023-01-19 08:37:48', '2023-01-19 08:37:48'),
(419, 2, 16, NULL, '', 'Companiganj', NULL, '75', '21', 1, 0, 0, '2023-01-19 08:37:48', '2023-01-19 08:37:48'),
(420, 2, 16, NULL, '', 'Hatiya', NULL, '75', '36', 1, 0, 0, '2023-01-19 08:37:48', '2023-01-19 08:37:48'),
(421, 2, 16, NULL, '', 'Kabirhat', NULL, '75', '47', 1, 0, 0, '2023-01-19 08:37:48', '2023-01-19 08:37:48'),
(422, 2, 16, NULL, '', 'Senbagh', NULL, '75', '80', 1, 0, 0, '2023-01-19 08:37:48', '2023-01-19 08:37:48'),
(423, 2, 16, NULL, '', 'Sonaimuri', NULL, '75', '83', 1, 0, 0, '2023-01-19 08:37:48', '2023-01-19 08:37:48'),
(424, 2, 16, NULL, '', 'Subarnachar', NULL, '75', '85', 1, 0, 0, '2023-01-19 08:37:48', '2023-01-19 08:37:48'),
(425, 2, 16, NULL, ' ', 'Noakhali sadar', NULL, '75', '87', 1, 0, 0, '2023-01-19 08:37:48', '2023-01-19 08:37:48'),
(426, 5, 50, NULL, '', 'Atgharia', NULL, '76', '05', 1, 0, 0, '2023-01-19 08:37:48', '2023-01-19 08:37:48'),
(427, 5, 50, NULL, '', 'Bera', NULL, '76', '16', 1, 0, 0, '2023-01-19 08:37:48', '2023-01-19 08:37:48'),
(428, 5, 50, NULL, '', 'Bhangura', NULL, '76', '19', 1, 0, 0, '2023-01-19 08:37:48', '2023-01-19 08:37:48'),
(429, 5, 50, NULL, '', 'Chatmohar', NULL, '76', '22', 1, 0, 0, '2023-01-19 08:37:48', '2023-01-19 08:37:48');
INSERT INTO `thanas` (`id`, `division_id`, `district_id`, `name`, `title_bn`, `title_en`, `division_bbs_code`, `district_bbs_code`, `bbs_code`, `status`, `created_by`, `updated_by`, `created_at`, `updated_at`) VALUES
(430, 5, 50, NULL, '', 'Faridpur', NULL, '76', '33', 1, 0, 0, '2023-01-19 08:37:48', '2023-01-19 08:37:48'),
(431, 5, 50, NULL, '', 'Ishwardi', NULL, '76', '39', 1, 0, 0, '2023-01-19 08:37:48', '2023-01-19 08:37:48'),
(432, 5, 50, NULL, ' ', 'Pabna sadar', NULL, '76', '55', 1, 0, 0, '2023-01-19 08:37:48', '2023-01-19 08:37:48'),
(433, 5, 50, NULL, '', 'Santhia', NULL, '76', '72', 1, 0, 0, '2023-01-19 08:37:48', '2023-01-19 08:37:48'),
(434, 5, 50, NULL, '', 'Sujanagar', NULL, '76', '83', 1, 0, 0, '2023-01-19 08:37:48', '2023-01-19 08:37:48'),
(435, 6, 58, NULL, '', 'Atwari', NULL, '77', '04', 1, 0, 0, '2023-01-19 08:37:48', '2023-01-19 08:37:48'),
(436, 6, 58, NULL, '', 'Boda', NULL, '77', '25', 1, 0, 0, '2023-01-19 08:37:48', '2023-01-19 08:37:48'),
(437, 6, 58, NULL, '', 'Debiganj', NULL, '77', '34', 1, 0, 0, '2023-01-19 08:37:48', '2023-01-19 08:37:48'),
(438, 6, 58, NULL, ' ', 'Panchagarh sadar', NULL, '77', '73', 1, 0, 0, '2023-01-19 08:37:48', '2023-01-19 08:37:48'),
(439, 6, 58, NULL, '', 'Tentulia', NULL, '77', '90', 1, 0, 0, '2023-01-19 08:37:48', '2023-01-19 08:37:48'),
(440, 1, 5, NULL, '', 'Bauphal', NULL, '78', '38', 1, 0, 0, '2023-01-19 08:37:48', '2023-01-19 08:37:48'),
(441, 1, 5, NULL, '', 'Dashmina', NULL, '78', '52', 1, 0, 0, '2023-01-19 08:37:48', '2023-01-19 08:37:48'),
(442, 1, 5, NULL, '', 'Dumki', NULL, '78', '55', 1, 0, 0, '2023-01-19 08:37:48', '2023-01-19 08:37:48'),
(443, 1, 5, NULL, '', 'Galachipa', NULL, '78', '57', 1, 0, 0, '2023-01-19 08:37:48', '2023-01-19 08:37:48'),
(444, 1, 5, NULL, '', 'Kalapara', NULL, '78', '66', 1, 0, 0, '2023-01-19 08:37:48', '2023-01-19 08:37:48'),
(445, 1, 5, NULL, '', 'Mirzaganj', NULL, '78', '76', 1, 0, 0, '2023-01-19 08:37:48', '2023-01-19 08:37:48'),
(446, 1, 5, NULL, ' ', 'Patuakhali sadar', NULL, '78', '95', 1, 0, 0, '2023-01-19 08:37:48', '2023-01-19 08:37:48'),
(447, 1, 5, NULL, '', 'Rangabali', NULL, '78', '97', 1, 0, 0, '2023-01-19 08:37:48', '2023-01-19 08:37:48'),
(448, 1, 6, NULL, '', 'Bhandaria', NULL, '79', '14', 1, 0, 0, '2023-01-19 08:37:48', '2023-01-19 08:37:48'),
(449, 1, 6, NULL, '', 'Kawkhali', NULL, '79', '47', 1, 0, 0, '2023-01-19 08:37:48', '2023-01-19 08:37:48'),
(450, 1, 6, NULL, '', 'Mathbaria', NULL, '79', '58', 1, 0, 0, '2023-01-19 08:37:48', '2023-01-19 08:37:48'),
(451, 1, 6, NULL, '', 'Nazirpur', NULL, '79', '76', 1, 0, 0, '2023-01-19 08:37:48', '2023-01-19 08:37:48'),
(452, 1, 6, NULL, ' ', 'Pirojpur sadar', NULL, '79', '80', 1, 0, 0, '2023-01-19 08:37:48', '2023-01-19 08:37:48'),
(453, 1, 6, NULL, '()', 'Nesarabad (swarupkati)', NULL, '79', '87', 1, 0, 0, '2023-01-19 08:37:48', '2023-01-19 08:37:48'),
(454, 1, 6, NULL, '', 'Zianagar', NULL, '79', '90', 1, 0, 0, '2023-01-19 08:37:48', '2023-01-19 08:37:48'),
(455, 5, 51, NULL, '', 'Bagha', NULL, '81', '10', 1, 0, 0, '2023-01-19 08:37:48', '2023-01-19 08:37:48'),
(456, 5, 51, NULL, '', 'Baghmara', NULL, '81', '12', 1, 0, 0, '2023-01-19 08:37:48', '2023-01-19 08:37:48'),
(457, 5, 51, NULL, '', 'Boalia', NULL, '81', '22', 1, 0, 0, '2023-01-19 08:37:48', '2023-01-19 08:37:48'),
(458, 5, 51, NULL, '', 'Charghat', NULL, '81', '25', 1, 0, 0, '2023-01-19 08:37:48', '2023-01-19 08:37:48'),
(459, 5, 51, NULL, '', 'Durgapur', NULL, '81', '31', 1, 0, 0, '2023-01-19 08:37:48', '2023-01-19 08:37:48'),
(460, 5, 51, NULL, '', 'Godagari', NULL, '81', '34', 1, 0, 0, '2023-01-19 08:37:48', '2023-01-19 08:37:48'),
(461, 5, 51, NULL, '', 'Matihar', NULL, '81', '40', 1, 0, 0, '2023-01-19 08:37:48', '2023-01-19 08:37:48'),
(462, 5, 51, NULL, '', 'Mohanpur', NULL, '81', '53', 1, 0, 0, '2023-01-19 08:37:48', '2023-01-19 08:37:48'),
(463, 5, 51, NULL, '', 'Paba', NULL, '81', '72', 1, 0, 0, '2023-01-19 08:37:48', '2023-01-19 08:37:48'),
(464, 5, 51, NULL, '', 'Puthia', NULL, '81', '82', 1, 0, 0, '2023-01-19 08:37:48', '2023-01-19 08:37:48'),
(465, 5, 51, NULL, '', 'Rajpara', NULL, '81', '85', 1, 0, 0, '2023-01-19 08:37:48', '2023-01-19 08:37:48'),
(466, 5, 51, NULL, ' ', 'Shah makhdum', NULL, '81', '90', 1, 0, 0, '2023-01-19 08:37:48', '2023-01-19 08:37:48'),
(467, 5, 51, NULL, '', 'Tanore', NULL, '81', '94', 1, 0, 0, '2023-01-19 08:37:48', '2023-01-19 08:37:48'),
(468, 3, 31, NULL, '', 'Baliakandi', NULL, '82', '07', 1, 0, 0, '2023-01-19 08:37:48', '2023-01-19 08:37:48'),
(469, 3, 31, NULL, '', 'Goalanda', NULL, '82', '29', 1, 0, 0, '2023-01-19 08:37:48', '2023-01-19 08:37:48'),
(470, 3, 31, NULL, '', 'Kalukhali', NULL, '82', '47', 1, 0, 0, '2023-01-19 08:37:48', '2023-01-19 08:37:48'),
(471, 3, 31, NULL, '', 'Pangsha', NULL, '82', '73', 1, 0, 0, '2023-01-19 08:37:48', '2023-01-19 08:37:48'),
(472, 3, 31, NULL, ' ', 'Rajbari sadar', NULL, '82', '76', 1, 0, 0, '2023-01-19 08:37:48', '2023-01-19 08:37:48'),
(473, 2, 17, NULL, '', 'Baghaichhari', NULL, '84', '07', 1, 0, 0, '2023-01-19 08:37:48', '2023-01-19 08:37:48'),
(474, 2, 17, NULL, '', 'Barkal upazila', NULL, '84', '21', 1, 0, 0, '2023-01-19 08:37:48', '2023-01-19 08:37:48'),
(475, 2, 17, NULL, '', 'Kawkhali (betbunia)', NULL, '84', '25', 1, 0, 0, '2023-01-19 08:37:48', '2023-01-19 08:37:48'),
(476, 2, 17, NULL, '', 'Belai chhari  upazi', NULL, '84', '29', 1, 0, 0, '2023-01-19 08:37:48', '2023-01-19 08:37:48'),
(477, 2, 17, NULL, '', 'Kaptai  upazila', NULL, '84', '36', 1, 0, 0, '2023-01-19 08:37:48', '2023-01-19 08:37:48'),
(478, 2, 17, NULL, '', 'Jurai chhari upazil', NULL, '84', '47', 1, 0, 0, '2023-01-19 08:37:48', '2023-01-19 08:37:48'),
(479, 2, 17, NULL, '', 'Langadu  upazila', NULL, '84', '58', 1, 0, 0, '2023-01-19 08:37:48', '2023-01-19 08:37:48'),
(480, 2, 17, NULL, '', 'Naniarchar  upazila', NULL, '84', '75', 1, 0, 0, '2023-01-19 08:37:48', '2023-01-19 08:37:48'),
(481, 2, 17, NULL, '', 'Rajasthali  upazila', NULL, '84', '78', 1, 0, 0, '2023-01-19 08:37:48', '2023-01-19 08:37:48'),
(482, 2, 17, NULL, ' ', 'Rangamati sadar  up', NULL, '84', '87', 1, 0, 0, '2023-01-19 08:37:48', '2023-01-19 08:37:48'),
(483, 6, 59, NULL, '', 'Badarganj', NULL, '85', '03', 1, 0, 0, '2023-01-19 08:37:48', '2023-01-19 08:37:48'),
(484, 6, 59, NULL, '', 'Gangachara', NULL, '85', '27', 1, 0, 0, '2023-01-19 08:37:48', '2023-01-19 08:37:48'),
(485, 6, 59, NULL, '', 'Kaunia', NULL, '85', '42', 1, 0, 0, '2023-01-19 08:37:48', '2023-01-19 08:37:48'),
(486, 6, 59, NULL, ' ', 'Rangpur sadar', NULL, '85', '49', 1, 0, 0, '2023-01-19 08:37:48', '2023-01-19 08:37:48'),
(487, 6, 59, NULL, '', 'Mitha pukur', NULL, '85', '58', 1, 0, 0, '2023-01-19 08:37:48', '2023-01-19 08:37:48'),
(488, 6, 59, NULL, '', 'Pirgachha', NULL, '85', '73', 1, 0, 0, '2023-01-19 08:37:48', '2023-01-19 08:37:48'),
(489, 6, 59, NULL, '', 'Pirganj', NULL, '85', '76', 1, 0, 0, '2023-01-19 08:37:48', '2023-01-19 08:37:48'),
(490, 6, 59, NULL, '', 'Taraganj', NULL, '85', '92', 1, 0, 0, '2023-01-19 08:37:48', '2023-01-19 08:37:48'),
(491, 3, 32, NULL, '', 'Bhedarganj', NULL, '86', '14', 1, 0, 0, '2023-01-19 08:37:48', '2023-01-19 08:37:48'),
(492, 3, 32, NULL, '', 'Damudya', NULL, '86', '25', 1, 0, 0, '2023-01-19 08:37:48', '2023-01-19 08:37:48'),
(493, 3, 32, NULL, '', 'Gosairhat', NULL, '86', '36', 1, 0, 0, '2023-01-19 08:37:48', '2023-01-19 08:37:48'),
(494, 3, 32, NULL, '', 'Naria', NULL, '86', '65', 1, 0, 0, '2023-01-19 08:37:48', '2023-01-19 08:37:48'),
(495, 3, 32, NULL, ' ', 'Shariatpur sadar', NULL, '86', '69', 1, 0, 0, '2023-01-19 08:37:48', '2023-01-19 08:37:48'),
(496, 3, 32, NULL, '', 'Zanjira', NULL, '86', '94', 1, 0, 0, '2023-01-19 08:37:48', '2023-01-19 08:37:48'),
(497, 4, 44, NULL, '', 'Assasuni', NULL, '87', '04', 1, 0, 0, '2023-01-19 08:37:48', '2023-01-19 08:37:48'),
(498, 4, 44, NULL, '', 'Debhata', NULL, '87', '25', 1, 0, 0, '2023-01-19 08:37:48', '2023-01-19 08:37:48'),
(499, 4, 44, NULL, '', 'Kalaroa', NULL, '87', '43', 1, 0, 0, '2023-01-19 08:37:48', '2023-01-19 08:37:48'),
(500, 4, 44, NULL, '', 'Kaliganj', NULL, '87', '47', 1, 0, 0, '2023-01-19 08:37:48', '2023-01-19 08:37:48'),
(501, 4, 44, NULL, ' ', 'Satkhira sadar', NULL, '87', '82', 1, 0, 0, '2023-01-19 08:37:48', '2023-01-19 08:37:48'),
(502, 4, 44, NULL, '', 'Shyamnagar', NULL, '87', '86', 1, 0, 0, '2023-01-19 08:37:48', '2023-01-19 08:37:48'),
(503, 4, 44, NULL, '', 'Tala', NULL, '87', '90', 1, 0, 0, '2023-01-19 08:37:48', '2023-01-19 08:37:48'),
(504, 5, 52, NULL, '', 'Belkuchi', NULL, '88', '11', 1, 0, 0, '2023-01-19 08:37:48', '2023-01-19 08:37:48'),
(505, 5, 52, NULL, '', 'Chauhali', NULL, '88', '27', 1, 0, 0, '2023-01-19 08:37:48', '2023-01-19 08:37:48'),
(506, 5, 52, NULL, '', 'Kamarkhanda', NULL, '88', '44', 1, 0, 0, '2023-01-19 08:37:48', '2023-01-19 08:37:48'),
(507, 5, 52, NULL, '', 'Kazipur', NULL, '88', '50', 1, 0, 0, '2023-01-19 08:37:48', '2023-01-19 08:37:48'),
(508, 5, 52, NULL, '', 'Royganj', NULL, '88', '61', 1, 0, 0, '2023-01-19 08:37:48', '2023-01-19 08:37:48'),
(509, 5, 52, NULL, '', 'Shahjadpur', NULL, '88', '67', 1, 0, 0, '2023-01-19 08:37:48', '2023-01-19 08:37:48'),
(510, 5, 52, NULL, ' ', 'Sirajganj sadar', NULL, '88', '78', 1, 0, 0, '2023-01-19 08:37:48', '2023-01-19 08:37:48'),
(511, 5, 52, NULL, '', 'Tarash', NULL, '88', '89', 1, 0, 0, '2023-01-19 08:37:48', '2023-01-19 08:37:48'),
(512, 5, 52, NULL, ' ', 'Ullah para', NULL, '88', '94', 1, 0, 0, '2023-01-19 08:37:48', '2023-01-19 08:37:48'),
(513, 3, 33, NULL, '', 'Jhenaigati', NULL, '89', '37', 1, 0, 0, '2023-01-19 08:37:48', '2023-01-19 08:37:48'),
(514, 3, 33, NULL, '', 'Nakla', NULL, '89', '67', 1, 0, 0, '2023-01-19 08:37:48', '2023-01-19 08:37:48'),
(515, 3, 33, NULL, '', 'Nalitabari', NULL, '89', '70', 1, 0, 0, '2023-01-19 08:37:48', '2023-01-19 08:37:48'),
(516, 3, 33, NULL, ' ', 'Sherpur sadar', NULL, '89', '88', 1, 0, 0, '2023-01-19 08:37:48', '2023-01-19 08:37:48'),
(517, 3, 33, NULL, '', 'Sreebardi', NULL, '89', '90', 1, 0, 0, '2023-01-19 08:37:48', '2023-01-19 08:37:48'),
(518, 7, 63, NULL, '', 'Bishwambarpur', NULL, '90', '18', 1, 0, 0, '2023-01-19 08:37:48', '2023-01-19 08:37:48'),
(519, 7, 63, NULL, '', 'Chhatak', NULL, '90', '23', 1, 0, 0, '2023-01-19 08:37:48', '2023-01-19 08:37:48'),
(520, 7, 63, NULL, ' ', 'Dakshin sunamganj', NULL, '90', '27', 1, 0, 0, '2023-01-19 08:37:48', '2023-01-19 08:37:48'),
(521, 7, 63, NULL, '', 'Derai', NULL, '90', '29', 1, 0, 0, '2023-01-19 08:37:48', '2023-01-19 08:37:48'),
(522, 7, 63, NULL, '', 'Dharampasha', NULL, '90', '32', 1, 0, 0, '2023-01-19 08:37:48', '2023-01-19 08:37:48'),
(523, 7, 63, NULL, '', 'Dowarabazar', NULL, '90', '33', 1, 0, 0, '2023-01-19 08:37:48', '2023-01-19 08:37:48'),
(524, 7, 63, NULL, '', 'Jagannathpur', NULL, '90', '47', 1, 0, 0, '2023-01-19 08:37:48', '2023-01-19 08:37:48'),
(525, 7, 63, NULL, '', 'Jamalganj', NULL, '90', '50', 1, 0, 0, '2023-01-19 08:37:48', '2023-01-19 08:37:48'),
(526, 7, 63, NULL, '', 'Sulla', NULL, '90', '86', 1, 0, 0, '2023-01-19 08:37:48', '2023-01-19 08:37:48'),
(527, 7, 63, NULL, ' ', 'Sunamganj sadar', NULL, '90', '89', 1, 0, 0, '2023-01-19 08:37:48', '2023-01-19 08:37:48'),
(528, 7, 63, NULL, '', 'Tahirpur', NULL, '90', '92', 1, 0, 0, '2023-01-19 08:37:48', '2023-01-19 08:37:48'),
(529, 7, 64, NULL, '', 'Balaganj', NULL, '91', '08', 1, 0, 0, '2023-01-19 08:37:48', '2023-01-19 08:37:48'),
(530, 7, 64, NULL, ' ', 'Beani bazar', NULL, '91', '17', 1, 0, 0, '2023-01-19 08:37:48', '2023-01-19 08:37:48'),
(531, 7, 64, NULL, '', 'Bishwanath', NULL, '91', '20', 1, 0, 0, '2023-01-19 08:37:48', '2023-01-19 08:37:48'),
(532, 7, 64, NULL, '', 'Companiganj', NULL, '91', '27', 1, 0, 0, '2023-01-19 08:37:48', '2023-01-19 08:37:48'),
(533, 7, 64, NULL, ' ', 'Dakshin surma', NULL, '91', '31', 1, 0, 0, '2023-01-19 08:37:48', '2023-01-19 08:37:48'),
(534, 7, 64, NULL, '', 'Fenchuganj', NULL, '91', '35', 1, 0, 0, '2023-01-19 08:37:48', '2023-01-19 08:37:48'),
(535, 7, 64, NULL, '', 'Golapganj', NULL, '91', '38', 1, 0, 0, '2023-01-19 08:37:48', '2023-01-19 08:37:48'),
(536, 7, 64, NULL, '', 'Gowainghat', NULL, '91', '41', 1, 0, 0, '2023-01-19 08:37:48', '2023-01-19 08:37:48'),
(537, 7, 64, NULL, '', 'Jaintiapur', NULL, '91', '53', 1, 0, 0, '2023-01-19 08:37:48', '2023-01-19 08:37:48'),
(538, 7, 64, NULL, '', 'Kanaighat', NULL, '91', '59', 1, 0, 0, '2023-01-19 08:37:48', '2023-01-19 08:37:48'),
(539, 7, 64, NULL, ' ', 'Sylhet sadar', NULL, '91', '62', 1, 0, 0, '2023-01-19 08:37:48', '2023-01-19 08:37:48'),
(540, 7, 64, NULL, '', 'Zakiganj', NULL, '91', '94', 1, 0, 0, '2023-01-19 08:37:48', '2023-01-19 08:37:48'),
(541, 3, 34, NULL, '', 'Basail', NULL, '93', '09', 1, 0, 0, '2023-01-19 08:37:48', '2023-01-19 08:37:48'),
(542, 3, 34, NULL, '', 'Bhuapur', NULL, '93', '19', 1, 0, 0, '2023-01-19 08:37:48', '2023-01-19 08:37:48'),
(543, 3, 34, NULL, '', 'Delduar', NULL, '93', '23', 1, 0, 0, '2023-01-19 08:37:48', '2023-01-19 08:37:48'),
(544, 3, 34, NULL, '', 'Dhanbari', NULL, '93', '25', 1, 0, 0, '2023-01-19 08:37:48', '2023-01-19 08:37:48'),
(545, 3, 34, NULL, '', 'Ghatail', NULL, '93', '28', 1, 0, 0, '2023-01-19 08:37:48', '2023-01-19 08:37:48'),
(546, 3, 34, NULL, '', 'Gopalpur', NULL, '93', '38', 1, 0, 0, '2023-01-19 08:37:48', '2023-01-19 08:37:48'),
(547, 3, 34, NULL, '', 'Kalihati', NULL, '93', '47', 1, 0, 0, '2023-01-19 08:37:48', '2023-01-19 08:37:48'),
(548, 3, 34, NULL, '', 'Madhupur', NULL, '93', '57', 1, 0, 0, '2023-01-19 08:37:48', '2023-01-19 08:37:48'),
(549, 3, 34, NULL, '', 'Mirzapur', NULL, '93', '66', 1, 0, 0, '2023-01-19 08:37:48', '2023-01-19 08:37:48'),
(550, 3, 34, NULL, '', 'Nagarpur', NULL, '93', '76', 1, 0, 0, '2023-01-19 08:37:48', '2023-01-19 08:37:48'),
(551, 3, 34, NULL, '', 'Sakhipur', NULL, '93', '85', 1, 0, 0, '2023-01-19 08:37:48', '2023-01-19 08:37:48'),
(552, 3, 34, NULL, ' ', 'Tangail sadar', NULL, '93', '95', 1, 0, 0, '2023-01-19 08:37:48', '2023-01-19 08:37:48'),
(553, 6, 60, NULL, '', 'Baliadangi', NULL, '94', '08', 1, 0, 0, '2023-01-19 08:37:48', '2023-01-19 08:37:48'),
(554, 6, 60, NULL, '', 'Haripur', NULL, '94', '51', 1, 0, 0, '2023-01-19 08:37:48', '2023-01-19 08:37:48'),
(555, 6, 60, NULL, '', 'Pirganj', NULL, '94', '82', 1, 0, 0, '2023-01-19 08:37:48', '2023-01-19 08:37:48'),
(556, 6, 60, NULL, '', 'Ranisankail', NULL, '94', '86', 1, 0, 0, '2023-01-19 08:37:48', '2023-01-19 08:37:48'),
(557, 6, 60, NULL, ' ', 'Thakurgaon sadar', NULL, '94', '94', 1, 0, 0, '2023-01-19 08:37:48', '2023-01-19 08:37:48'),
(558, 5, 52, NULL, '', 'Kazipur', NULL, NULL, '2345', 1, 0, 0, '2023-01-19 08:37:48', '2023-01-19 08:37:48'),
(562, 3, 18, NULL, '', 'Hatirjheel', '30', '26', '00', 1, 1, 1, '2023-01-19 08:37:48', '2023-01-19 08:37:48');

-- --------------------------------------------------------

--
-- Table structure for table `upazilas`
--

CREATE TABLE `upazilas` (
  `id` mediumint UNSIGNED NOT NULL,
  `division_id` mediumint UNSIGNED DEFAULT NULL,
  `district_id` mediumint UNSIGNED DEFAULT NULL,
  `name` varchar(255) CHARACTER SET utf8mb4 COLLATE utf8mb4_unicode_ci DEFAULT NULL,
  `title_bn` varchar(255) CHARACTER SET utf8mb4 COLLATE utf8mb4_unicode_ci DEFAULT NULL,
  `title_en` varchar(255) CHARACTER SET utf8mb4 COLLATE utf8mb4_unicode_ci DEFAULT NULL,
  `division_bbs_code` char(2) CHARACTER SET utf8mb4 COLLATE utf8mb4_unicode_ci DEFAULT NULL,
  `district_bbs_code` char(3) CHARACTER SET utf8mb4 COLLATE utf8mb4_unicode_ci DEFAULT NULL,
  `bbs_code` char(5) CHARACTER SET utf8mb4 COLLATE utf8mb4_unicode_ci DEFAULT NULL,
  `status` tinyint NOT NULL DEFAULT '1',
  `created_by` int DEFAULT NULL,
  `updated_by` int DEFAULT NULL,
  `created_at` timestamp NULL DEFAULT NULL,
  `updated_at` timestamp NULL DEFAULT NULL
) ENGINE=InnoDB DEFAULT CHARSET=utf8mb4 COLLATE=utf8mb4_unicode_ci;

--
-- Dumping data for table `upazilas`
--

INSERT INTO `upazilas` (`id`, `division_id`, `district_id`, `name`, `title_bn`, `title_en`, `division_bbs_code`, `district_bbs_code`, `bbs_code`, `status`, `created_by`, `updated_by`, `created_at`, `updated_at`) VALUES
(1, 1, 1, NULL, ' ', 'Amtali', '', '', '09', 1, 1, 1, '2023-01-19 08:37:48', '2023-01-19 08:37:48'),
(2, 1, 1, NULL, ' ', 'Bamna', '', '', '19', 1, 1, 1, '2023-01-19 08:37:48', '2023-01-19 08:37:48'),
(3, 1, 1, NULL, '  ', 'Barguna sadar', '', '', '28', 1, 1, 1, '2023-01-19 08:37:48', '2023-01-19 08:37:48'),
(4, 1, 1, NULL, ' ', 'Betagi', '', '', '47', 1, 1, 1, '2023-01-19 08:37:48', '2023-01-19 08:37:48'),
(5, 1, 1, NULL, ' ', 'Patharghata', '', '', '85', 1, 1, 1, '2023-01-19 08:37:48', '2023-01-19 08:37:48'),
(6, 1, 1, NULL, ' ', 'Taltali', '', '', '90', 1, 1, 1, '2023-01-19 08:37:48', '2023-01-19 08:37:48'),
(7, 1, 2, NULL, '', 'Agailjhara', '', '', '2', 1, 1, 1, '2023-01-19 08:37:48', '2023-01-19 08:37:48'),
(8, 1, 2, NULL, ' ', 'Babuganj', '', '', '3', 1, 1, 1, '2023-01-19 08:37:48', '2023-01-19 08:37:48'),
(9, 1, 2, NULL, '', 'Bakerganj', '', '', '7', 1, 1, 1, '2023-01-19 08:37:48', '2023-01-19 08:37:48'),
(10, 1, 2, NULL, ' ', 'Banari para', '', '', '10', 1, 1, 1, '2023-01-19 08:37:48', '2023-01-19 08:37:48'),
(11, 1, 2, NULL, ' ', 'Gaurnadi', '', '', '32', 1, 1, 1, '2023-01-19 08:37:48', '2023-01-19 08:37:48'),
(12, 1, 2, NULL, ' ', 'Hizla', '', '', '36', 1, 1, 1, '2023-01-19 08:37:48', '2023-01-19 08:37:48'),
(13, 1, 2, NULL, '  ()', 'Barisal sadar (kotwali)', '', '', '51', 1, 1, 1, '2023-01-19 08:37:48', '2023-01-19 08:37:48'),
(14, 1, 2, NULL, ' ', 'Mehendiganj', '', '', '62', 1, 1, 1, '2023-01-19 08:37:48', '2023-01-19 08:37:48'),
(15, 1, 2, NULL, '  ', 'Muladi', '', '', '69', 1, 1, 1, '2023-01-19 08:37:48', '2023-01-19 08:37:48'),
(16, 1, 2, NULL, '  ', 'Wazirpur', '', '', '94', 1, 1, 1, '2023-01-19 08:37:48', '2023-01-19 08:37:48'),
(17, 1, 3, NULL, ' ', 'Bhola sadar', '', '', '18', 1, 1, 1, '2023-01-19 08:37:48', '2023-01-19 08:37:48'),
(18, 1, 3, NULL, ' ', 'Burhanuddin', '', '', '21', 1, 1, 1, '2023-01-19 08:37:48', '2023-01-19 08:37:48'),
(19, 1, 3, NULL, '', 'Daulat khan', '', '', '29', 1, 1, 1, '2023-01-19 08:37:48', '2023-01-19 08:37:48'),
(20, 1, 3, NULL, ' ', 'Lalmohan', '', '', '54', 1, 1, 1, '2023-01-19 08:37:48', '2023-01-19 08:37:48'),
(21, 1, 3, NULL, ' ', 'Manpura', '', '', '65', 1, 1, 1, '2023-01-19 08:37:48', '2023-01-19 08:37:48'),
(22, 1, 3, NULL, ' ', 'Tazumuddin', '', '', '91', 1, 1, 1, '2023-01-19 08:37:48', '2023-01-19 08:37:48'),
(23, 1, 4, NULL, ' ', 'Jhalokati sadar', '', '', '40', 1, 1, 1, '2023-01-19 08:37:48', '2023-01-19 08:37:48'),
(24, 1, 4, NULL, ' ', 'Nalchity', '', '', '73', 1, 1, 1, '2023-01-19 08:37:48', '2023-01-19 08:37:48'),
(25, 1, 4, NULL, '', 'Kathalia', '', '', '43', 1, 1, 1, '2023-01-19 08:37:48', '2023-01-19 08:37:48'),
(26, 1, 5, NULL, ' ', 'Bauphal', '', '', '38', 1, 1, 1, '2023-01-19 08:37:48', '2023-01-19 08:37:48'),
(27, 1, 5, NULL, ' ', 'Dashmina', '', '', '52', 1, 1, 1, '2023-01-19 08:37:48', '2023-01-19 08:37:48'),
(28, 1, 5, NULL, ' ', 'Dumki', '', '', '55', 1, 1, 1, '2023-01-19 08:37:48', '2023-01-19 08:37:48'),
(29, 1, 5, NULL, ' ', 'Kalapara', '', '', '66', 1, 1, 1, '2023-01-19 08:37:48', '2023-01-19 08:37:48'),
(30, 1, 5, NULL, '', 'Mirzaganj', '', '', '76', 1, 1, 1, '2023-01-19 08:37:48', '2023-01-19 08:37:48'),
(31, 1, 5, NULL, '  ', 'Patuakhali sadar', '', '', '95', 1, 1, 1, '2023-01-19 08:37:48', '2023-01-19 08:37:48'),
(32, 1, 5, NULL, ' ', 'Rangabali', '', '', '97', 1, 1, 1, '2023-01-19 08:37:48', '2023-01-19 08:37:48'),
(33, 1, 6, NULL, ' ', 'Bhandaria', '', '', '14', 1, 1, 1, '2023-01-19 08:37:48', '2023-01-19 08:37:48'),
(34, 1, 6, NULL, ' ', 'Kawkhali', '', '', '47', 1, 1, 1, '2023-01-19 08:37:48', '2023-01-19 08:37:48'),
(35, 1, 6, NULL, ' ', 'Mathbaria', '', '', '58', 1, 1, 1, '2023-01-19 08:37:48', '2023-01-19 08:37:48'),
(36, 1, 6, NULL, ' ', 'Nazirpur', '', '', '76', 1, 1, 1, '2023-01-19 08:37:48', '2023-01-19 08:37:48'),
(37, 1, 6, NULL, '  ', 'Pirojpur sadar', '', '', '80', 1, 1, 1, '2023-01-19 08:37:48', '2023-01-19 08:37:48'),
(38, 1, 6, NULL, ' ( ) ', 'Nesarabad (swarupkati)', '', '', '87', 1, 1, 1, '2023-01-19 08:37:48', '2023-01-19 08:37:48'),
(39, 1, 6, NULL, ' ', 'Zianagar', '', '', '90', 1, 1, 1, '2023-01-19 08:37:48', '2023-01-19 08:37:48'),
(40, 2, 7, NULL, ' ', 'Alikadam', '', '', '4', 1, 1, 1, '2023-01-19 08:37:48', '2023-01-19 08:37:48'),
(41, 2, 7, NULL, ' ', 'Bandarban sadar', '', '', '14', 1, 1, 1, '2023-01-19 08:37:48', '2023-01-19 08:37:48'),
(42, 2, 7, NULL, '', 'Lama', '', '', '51', 1, 1, 1, '2023-01-19 08:37:48', '2023-01-19 08:37:48'),
(43, 2, 7, NULL, '', 'Naikhongchhari', '', '', '73', 1, 1, 1, '2023-01-19 08:37:48', '2023-01-19 08:37:48'),
(44, 2, 7, NULL, '', 'Rowangchhari', '', '', '89', 1, 1, 1, '2023-01-19 08:37:48', '2023-01-19 08:37:48'),
(45, 2, 7, NULL, ' ', 'Ruma', '', '', '91', 1, 1, 1, '2023-01-19 08:37:48', '2023-01-19 08:37:48'),
(46, 2, 7, NULL, '', 'Thanchi', '', '', '95', 1, 1, 1, '2023-01-19 08:37:48', '2023-01-19 08:37:48'),
(47, 2, 8, NULL, '', 'Akhaura', '', '', '2', 1, 1, 1, '2023-01-19 08:37:48', '2023-01-19 08:37:48'),
(48, 2, 8, NULL, ' ', 'Banchharampur', '', '', '4', 1, 1, 1, '2023-01-19 08:37:48', '2023-01-19 08:37:48'),
(49, 2, 8, NULL, '', 'Bijoynagar', '', '', '7', 1, 1, 1, '2023-01-19 08:37:48', '2023-01-19 08:37:48'),
(50, 2, 8, NULL, ' ', 'Brahmanbaria sadar', '', '', '13', 1, 1, 1, '2023-01-19 08:37:48', '2023-01-19 08:37:48'),
(51, 2, 8, NULL, '', 'Ashuganj', '', '', '33', 1, 1, 1, '2023-01-19 08:37:48', '2023-01-19 08:37:48'),
(52, 2, 8, NULL, '', 'Kasba', '', '', '63', 1, 1, 1, '2023-01-19 08:37:48', '2023-01-19 08:37:48'),
(53, 2, 8, NULL, '', 'Nabinagar', '', '', '85', 1, 1, 1, '2023-01-19 08:37:48', '2023-01-19 08:37:48'),
(54, 2, 8, NULL, '', 'Nasirnagar', '', '', '90', 1, 1, 1, '2023-01-19 08:37:48', '2023-01-19 08:37:48'),
(55, 2, 8, NULL, '', 'Sarail', '', '', '94', 1, 1, 1, '2023-01-19 08:37:48', '2023-01-19 08:37:48'),
(56, 2, 9, NULL, ' ', 'Chandpur sadar', '', '', '22', 1, 1, 1, '2023-01-19 08:37:48', '2023-01-19 08:37:48'),
(57, 2, 9, NULL, '', 'Faridganj', '', '', '45', 1, 1, 1, '2023-01-19 08:37:48', '2023-01-19 08:37:48'),
(58, 2, 9, NULL, '', 'Haim char', '', '', '47', 1, 1, 1, '2023-01-19 08:37:48', '2023-01-19 08:37:48'),
(59, 2, 9, NULL, '', 'Hajiganj', '', '', '49', 1, 1, 1, '2023-01-19 08:37:48', '2023-01-19 08:37:48'),
(60, 2, 9, NULL, '', 'Kachua', '', '', '58', 1, 1, 1, '2023-01-19 08:37:48', '2023-01-19 08:37:48'),
(61, 2, 9, NULL, ' ', 'Matlab dakshin', '', '', '76', 1, 1, 1, '2023-01-19 08:37:48', '2023-01-19 08:37:48'),
(62, 2, 9, NULL, ' ', 'Matlab uttar', '', '', '79', 1, 1, 1, '2023-01-19 08:37:48', '2023-01-19 08:37:48'),
(63, 2, 9, NULL, '', 'Shahrasti', '', '', '95', 1, 1, 1, '2023-01-19 08:37:48', '2023-01-19 08:37:48'),
(64, 2, 10, NULL, '', 'Anowara', '', '', '04', 1, 1, 1, '2023-01-19 08:37:48', '2023-01-19 08:37:48'),
(65, 2, 10, NULL, '', 'Banshkhali', '', '', '08', 1, 1, 1, '2023-01-19 08:37:48', '2023-01-19 08:37:48'),
(66, 2, 10, NULL, '', 'Boalkhali', '', '', '12', 1, 1, 1, '2023-01-19 08:37:48', '2023-01-19 08:37:48'),
(67, 2, 10, NULL, '', 'Chandanaish', '', '', '18', 1, 1, 1, '2023-01-19 08:37:48', '2023-01-19 08:37:48'),
(68, 2, 10, NULL, '', 'Fatikchhari', '', '', '33', 1, 1, 1, '2023-01-19 08:37:48', '2023-01-19 08:37:48'),
(69, 2, 10, NULL, '', 'Hathazari', '', '', '37', 1, 1, 1, '2023-01-19 08:37:48', '2023-01-19 08:37:48'),
(70, 2, 10, NULL, '', 'Lohagara', '', '', '47', 1, 1, 1, '2023-01-19 08:37:48', '2023-01-19 08:37:48'),
(71, 2, 10, NULL, '', 'Mirsharai', '', '', '53', 1, 1, 1, '2023-01-19 08:37:48', '2023-01-19 08:37:48'),
(72, 2, 10, NULL, '', 'Patiya', '', '', '61', 1, 1, 1, '2023-01-19 08:37:48', '2023-01-19 08:37:48'),
(73, 2, 10, NULL, '', 'Rangunia', '', '', '70', 1, 1, 1, '2023-01-19 08:37:48', '2023-01-19 08:37:48'),
(74, 2, 10, NULL, '', 'Raozan', '', '', '74', 1, 1, 1, '2023-01-19 08:37:48', '2023-01-19 08:37:48'),
(75, 2, 10, NULL, '', 'Sandwip', '', '', '78', 1, 1, 1, '2023-01-19 08:37:48', '2023-01-19 08:37:48'),
(76, 2, 10, NULL, '', 'Satkania', '', '', '82', 1, 1, 1, '2023-01-19 08:37:48', '2023-01-19 08:37:48'),
(77, 2, 10, NULL, '', 'Sitakunda', '', '', '86', 1, 1, 1, '2023-01-19 08:37:48', '2023-01-19 08:37:48'),
(78, 2, 11, NULL, '', 'Barura', '', '', '9', 1, 1, 1, '2023-01-19 08:37:48', '2023-01-19 08:37:48'),
(79, 2, 11, NULL, '', 'Brahman para', '', '', '15', 1, 1, 1, '2023-01-19 08:37:48', '2023-01-19 08:37:48'),
(80, 2, 11, NULL, '', 'Burichang', '', '', '18', 1, 1, 1, '2023-01-19 08:37:48', '2023-01-19 08:37:48'),
(81, 2, 11, NULL, '', 'Chandina', '', '', '27', 1, 1, 1, '2023-01-19 08:37:48', '2023-01-19 08:37:48'),
(82, 2, 11, NULL, '', 'Chauddagram', '', '', '31', 1, 1, 1, '2023-01-19 08:37:48', '2023-01-19 08:37:48'),
(83, 2, 11, NULL, '  ', 'Comilla sadar dakshin', '', '', '33', 1, 1, 1, '2023-01-19 08:37:48', '2023-01-19 08:37:48'),
(84, 2, 11, NULL, '', 'Daudkandi', '', '', '36', 1, 1, 1, '2023-01-19 08:37:48', '2023-01-19 08:37:48'),
(85, 2, 11, NULL, '', 'Debidwar', '', '', '40', 1, 1, 1, '2023-01-19 08:37:48', '2023-01-19 08:37:48'),
(86, 2, 11, NULL, ' ', 'Homna', '', '', '54', 1, 1, 1, '2023-01-19 08:37:48', '2023-01-19 08:37:48'),
(87, 2, 11, NULL, ' ', 'Comilla adarsha sadar', '', '', '67', 1, 1, 1, '2023-01-19 08:37:48', '2023-01-19 08:37:48'),
(88, 2, 11, NULL, '', 'Laksam', '', '', '72', 1, 1, 1, '2023-01-19 08:37:48', '2023-01-19 08:37:48'),
(89, 2, 11, NULL, '', 'Manoharganj', '', '', '74', 1, 1, 1, '2023-01-19 08:37:48', '2023-01-19 08:37:48'),
(90, 2, 11, NULL, '', 'Meghna', '', '', '75', 1, 1, 1, '2023-01-19 08:37:48', '2023-01-19 08:37:48'),
(91, 2, 11, NULL, '', 'Muradnagar', '', '', '81', 1, 1, 1, '2023-01-19 08:37:48', '2023-01-19 08:37:48'),
(92, 2, 11, NULL, '', 'Nangalkot', '', '', '87', 1, 1, 1, '2023-01-19 08:37:48', '2023-01-19 08:37:48'),
(93, 2, 11, NULL, '', 'Titas', '', '', '94', 1, 1, 1, '2023-01-19 08:37:48', '2023-01-19 08:37:48'),
(94, 2, 12, NULL, '', 'Chakaria', '', '', '16', 1, 1, 1, '2023-01-19 08:37:48', '2023-01-19 08:37:48'),
(95, 2, 12, NULL, ' ', 'Coxs bazar sadar', '', '', '24', 1, 1, 1, '2023-01-19 08:37:48', '2023-01-19 08:37:48'),
(96, 2, 12, NULL, '', 'Kutubdia', '', '', '45', 1, 1, 1, '2023-01-19 08:37:48', '2023-01-19 08:37:48'),
(97, 2, 12, NULL, '', 'Maheshkhali', '', '', '49', 1, 1, 1, '2023-01-19 08:37:48', '2023-01-19 08:37:48'),
(98, 2, 12, NULL, '', 'Pekua', '', '', '56', 1, 1, 1, '2023-01-19 08:37:48', '2023-01-19 08:37:48'),
(99, 2, 12, NULL, '', 'Ramu', '', '', '66', 1, 1, 1, '2023-01-19 08:37:48', '2023-01-19 08:37:48'),
(100, 2, 12, NULL, '', 'Teknaf', '', '', '90', 1, 1, 1, '2023-01-19 08:37:48', '2023-01-19 08:37:48'),
(101, 2, 12, NULL, '', 'Ukhia', '', '', '94', 1, 1, 1, '2023-01-19 08:37:48', '2023-01-19 08:37:48'),
(102, 2, 13, NULL, '', 'Chhagalnaiya', '', '', '14', 1, 1, 1, '2023-01-19 08:37:48', '2023-01-19 08:37:48'),
(103, 2, 13, NULL, '', 'Daganbhuiyan', '', '', '25', 1, 1, 1, '2023-01-19 08:37:48', '2023-01-19 08:37:48'),
(104, 2, 13, NULL, ' ', 'Feni sadar', '', '', '29', 1, 1, 1, '2023-01-19 08:37:48', '2023-01-19 08:37:48'),
(105, 2, 13, NULL, '', 'Fulgazi', '', '', '41', 1, 1, 1, '2023-01-19 08:37:48', '2023-01-19 08:37:48'),
(106, 2, 13, NULL, '', 'Parshuram', '', '', '51', 1, 1, 1, '2023-01-19 08:37:48', '2023-01-19 08:37:48'),
(107, 2, 13, NULL, '', 'Sonagazi', '', '', '94', 1, 1, 1, '2023-01-19 08:37:48', '2023-01-19 08:37:48'),
(108, 2, 14, NULL, '', 'Dighinala', '', '', '43', 1, 1, 1, '2023-01-19 08:37:48', '2023-01-19 08:37:48'),
(109, 2, 14, NULL, '', 'Manikchhari', '', '', '67', 1, 1, 1, '2023-01-19 08:37:48', '2023-01-19 08:37:48'),
(110, 2, 14, NULL, ' ', 'Khagrachhari sadar', '', '', '49', 1, 1, 1, '2023-01-19 08:37:48', '2023-01-19 08:37:48'),
(111, 2, 14, NULL, '', 'Lakshmichhari', '', '', '61', 1, 1, 1, '2023-01-19 08:37:48', '2023-01-19 08:37:48'),
(112, 2, 14, NULL, '', 'Mahalchhari', '', '', '65', 1, 1, 1, '2023-01-19 08:37:48', '2023-01-19 08:37:48'),
(113, 2, 14, NULL, '', 'Matiranga', '', '', '70', 1, 1, 1, '2023-01-19 08:37:48', '2023-01-19 08:37:48'),
(114, 2, 14, NULL, '', 'Panchhari', '', '', '77', 1, 1, 1, '2023-01-19 08:37:48', '2023-01-19 08:37:48'),
(115, 2, 14, NULL, '', 'Ramgarh', '', '', '80', 1, 1, 1, '2023-01-19 08:37:48', '2023-01-19 08:37:48'),
(116, 2, 15, NULL, '', 'Kamalnagar', '', '', '33', 1, 1, 1, '2023-01-19 08:37:48', '2023-01-19 08:37:48'),
(117, 2, 15, NULL, ' ', 'Lakshmipur sadar', '', '', '43', 1, 1, 1, '2023-01-19 08:37:48', '2023-01-19 08:37:48'),
(118, 2, 15, NULL, '', 'Roypur', '', '', '58', 1, 1, 1, '2023-01-19 08:37:48', '2023-01-19 08:37:48'),
(119, 2, 15, NULL, '', 'Ramganj', '', '', '65', 1, 1, 1, '2023-01-19 08:37:48', '2023-01-19 08:37:48'),
(120, 2, 15, NULL, ' ', 'Ramgati', '', '', '73', 1, 1, 1, '2023-01-19 08:37:48', '2023-01-19 08:37:48'),
(121, 2, 16, NULL, '', 'Begumganj', '', '', '7', 1, 1, 1, '2023-01-19 08:37:48', '2023-01-19 08:37:48'),
(122, 2, 16, NULL, '', 'Chatkhil', '', '', '10', 1, 1, 1, '2023-01-19 08:37:48', '2023-01-19 08:37:48'),
(123, 2, 16, NULL, '', 'Companiganj', '', '', '21', 1, 1, 1, '2023-01-19 08:37:48', '2023-01-19 08:37:48'),
(124, 2, 16, NULL, '', 'Hatiya', '', '', '36', 1, 1, 1, '2023-01-19 08:37:48', '2023-01-19 08:37:48'),
(125, 2, 16, NULL, '', 'Senbagh', '', '', '80', 1, 1, 1, '2023-01-19 08:37:48', '2023-01-19 08:37:48'),
(126, 2, 16, NULL, '', 'Sonaimuri', '', '', '83', 1, 1, 1, '2023-01-19 08:37:48', '2023-01-19 08:37:48'),
(127, 2, 16, NULL, '', 'Subarnachar', '', '', '85', 1, 1, 1, '2023-01-19 08:37:48', '2023-01-19 08:37:48'),
(128, 2, 16, NULL, ' ', 'Noakhali ', '', '', '87', 1, 1, 1, '2023-01-19 08:37:48', '2023-01-19 08:37:48'),
(129, 2, 17, NULL, '', 'Baghaichhari', '', '', '7', 1, 1, 1, '2023-01-19 08:37:48', '2023-01-19 08:37:48'),
(130, 2, 17, NULL, '', 'Barkal ', '', '', '21', 1, 1, 1, '2023-01-19 08:37:48', '2023-01-19 08:37:48'),
(131, 2, 17, NULL, '', 'Kawkhali (betbunia)', '', '', '25', 1, 1, 1, '2023-01-19 08:37:48', '2023-01-19 08:37:48'),
(132, 2, 17, NULL, ' ', 'Kaptai  ', '', '', '36', 1, 1, 1, '2023-01-19 08:37:48', '2023-01-19 08:37:48'),
(133, 2, 17, NULL, '', 'Jurai chhari', '', '', '47', 1, 1, 1, '2023-01-19 08:37:48', '2023-01-19 08:37:48'),
(134, 2, 17, NULL, ' ', 'Langadu  ', '', '', '58', 1, 1, 1, '2023-01-19 08:37:48', '2023-01-19 08:37:48'),
(135, 2, 17, NULL, ' ', 'Naniarchar  ', '', '', '75', 1, 1, 1, '2023-01-19 08:37:48', '2023-01-19 08:37:48'),
(136, 2, 17, NULL, ' ', 'Rangamati sadar', '', '', '87', 1, 1, 1, '2023-01-19 08:37:48', '2023-01-19 08:37:48'),
(137, 2, 17, NULL, '', 'Rajostholi ', '', '', '78', 1, 1, 1, '2023-01-19 08:37:48', '2023-01-19 08:37:48'),
(138, 2, 17, NULL, '', 'Bilaychhari', '', '', '29', 1, 1, 1, '2023-01-19 08:37:48', '2023-01-19 08:37:48'),
(139, 3, 18, NULL, '  ', 'Tejgaon unnon circle', '', '', '', 1, 1, 1, '2023-01-19 08:37:48', '2023-01-19 08:37:48'),
(140, 3, 18, NULL, '', 'Badda', '', '', '4', 1, 1, 1, '2023-01-19 08:37:48', '2023-01-19 08:37:48'),
(141, 3, 18, NULL, '', 'Bangshal', '', '', '5', 1, 1, 1, '2023-01-19 08:37:48', '2023-01-19 08:37:48'),
(142, 3, 18, NULL, ' ', 'Biman bandar', '', '', '6', 1, 1, 1, '2023-01-19 08:37:48', '2023-01-19 08:37:48'),
(143, 3, 18, NULL, '', 'Banani', '', '', '7', 1, 1, 1, '2023-01-19 08:37:48', '2023-01-19 08:37:48'),
(144, 3, 18, NULL, '', 'Cantonment', '', '', '8', 1, 1, 1, '2023-01-19 08:37:48', '2023-01-19 08:37:48'),
(145, 3, 18, NULL, '', 'Chak bazar', '', '', '9', 1, 1, 1, '2023-01-19 08:37:48', '2023-01-19 08:37:48'),
(146, 3, 18, NULL, '', 'Dakshinkhan', '', '', '10', 1, 1, 1, '2023-01-19 08:37:48', '2023-01-19 08:37:48'),
(147, 3, 18, NULL, ' ', 'Darus salam', '', '', '11', 1, 1, 1, '2023-01-19 08:37:48', '2023-01-19 08:37:48'),
(148, 3, 18, NULL, '', 'Demra', '', '', '12', 1, 1, 1, '2023-01-19 08:37:48', '2023-01-19 08:37:48'),
(149, 3, 18, NULL, '', 'Dhamrai', '', '', '14', 1, 1, 1, '2023-01-19 08:37:48', '2023-01-19 08:37:48'),
(150, 3, 18, NULL, '', 'Dohar', '', '', '18', 1, 1, 1, '2023-01-19 08:37:48', '2023-01-19 08:37:48'),
(151, 3, 18, NULL, '', 'Keraniganj', '', '', '38', 1, 1, 1, '2023-01-19 08:37:48', '2023-01-19 08:37:48'),
(152, 3, 18, NULL, '', 'Nawabganj', '', '', '62', 1, 1, 1, '2023-01-19 08:37:48', '2023-01-19 08:37:48'),
(153, 3, 18, NULL, '', 'Savar', '', '', '72', 1, 1, 1, '2023-01-19 08:37:48', '2023-01-19 08:37:48'),
(154, 3, 19, NULL, '', 'Alfadanga', '', '', '3', 1, 1, 1, '2023-01-19 08:37:48', '2023-01-19 08:37:48'),
(155, 3, 19, NULL, '', 'Bhanga', '', '', '10', 1, 1, 1, '2023-01-19 08:37:48', '2023-01-19 08:37:48'),
(156, 3, 19, NULL, '', 'Boalmari', '', '', '18', 1, 1, 1, '2023-01-19 08:37:48', '2023-01-19 08:37:48'),
(157, 3, 19, NULL, '', 'Char bhadrasan', '', '', '21', 1, 1, 1, '2023-01-19 08:37:48', '2023-01-19 08:37:48'),
(158, 3, 19, NULL, ' ', 'Faridpur sadar', '', '', '47', 1, 1, 1, '2023-01-19 08:37:48', '2023-01-19 08:37:48'),
(159, 3, 19, NULL, '', 'Madhukhali', '', '', '56', 1, 1, 1, '2023-01-19 08:37:48', '2023-01-19 08:37:48'),
(160, 3, 19, NULL, '', 'Nagarkanda', '', '', '62', 1, 1, 1, '2023-01-19 08:37:48', '2023-01-19 08:37:48'),
(161, 3, 19, NULL, '', 'Sadarpur', '', '', '84', 1, 1, 1, '2023-01-19 08:37:48', '2023-01-19 08:37:48'),
(162, 3, 19, NULL, '', 'Saltha', '', '', '90', 1, 1, 1, '2023-01-19 08:37:48', '2023-01-19 08:37:48'),
(163, 3, 20, NULL, ' ', 'Gazipur sadar', '', '', '30', 1, 1, 1, '2023-01-19 08:37:48', '2023-01-19 08:37:48'),
(164, 3, 20, NULL, '', 'Kaliakair', '', '', '32', 1, 1, 1, '2023-01-19 08:37:48', '2023-01-19 08:37:48'),
(165, 3, 20, NULL, '', 'Kaliganj', '', '', '34', 1, 1, 1, '2023-01-19 08:37:48', '2023-01-19 08:37:48'),
(166, 3, 20, NULL, '', 'Kapasia', '', '', '36', 1, 1, 1, '2023-01-19 08:37:48', '2023-01-19 08:37:48'),
(167, 3, 20, NULL, '', 'Sreepur', '', '', '86', 1, 1, 1, '2023-01-19 08:37:48', '2023-01-19 08:37:48'),
(168, 3, 21, NULL, ' ', 'Gopalganj sadar', '', '', '32', 1, 1, 1, '2023-01-19 08:37:48', '2023-01-19 08:37:48'),
(169, 3, 21, NULL, '', 'Kashiani', '', '', '43', 1, 1, 1, '2023-01-19 08:37:48', '2023-01-19 08:37:48'),
(170, 3, 21, NULL, '', 'Kotalipara', '', '', '51', 1, 1, 1, '2023-01-19 08:37:48', '2023-01-19 08:37:48'),
(171, 3, 21, NULL, '', 'Muksudpur', '', '', '58', 1, 1, 1, '2023-01-19 08:37:48', '2023-01-19 08:37:48'),
(172, 3, 21, NULL, '', 'Tungipara', '', '', '91', 1, 1, 1, '2023-01-19 08:37:48', '2023-01-19 08:37:48'),
(173, 3, 22, NULL, '', 'Bakshiganj', '', '', '7', 1, 1, 1, '2023-01-19 08:37:48', '2023-01-19 08:37:48'),
(174, 3, 22, NULL, '', 'Dewanganj', '', '', '15', 1, 1, 1, '2023-01-19 08:37:48', '2023-01-19 08:37:48'),
(175, 3, 22, NULL, '', 'Islampur', '', '', '29', 1, 1, 1, '2023-01-19 08:37:48', '2023-01-19 08:37:48'),
(176, 3, 22, NULL, ' ', 'Jamalpur sadar', '', '', '36', 1, 1, 1, '2023-01-19 08:37:48', '2023-01-19 08:37:48'),
(177, 3, 22, NULL, '', 'Madarganj', '', '', '58', 1, 1, 1, '2023-01-19 08:37:48', '2023-01-19 08:37:48'),
(178, 3, 22, NULL, '', 'Melandaha', '', '', '61', 1, 1, 1, '2023-01-19 08:37:48', '2023-01-19 08:37:48'),
(179, 3, 22, NULL, '', 'Sarishabari upazila', '', '', '85', 1, 1, 1, '2023-01-19 08:37:48', '2023-01-19 08:37:48'),
(180, 3, 23, NULL, '', 'Austagram', '', '', '2', 1, 1, 1, '2023-01-19 08:37:48', '2023-01-19 08:37:48'),
(181, 3, 23, NULL, '', 'Bajitpur', '', '', '6', 1, 1, 1, '2023-01-19 08:37:48', '2023-01-19 08:37:48'),
(182, 3, 23, NULL, '', 'Bhairab', '', '', '11', 1, 1, 1, '2023-01-19 08:37:48', '2023-01-19 08:37:48'),
(183, 3, 23, NULL, '', 'Hossainpur', '', '', '27', 1, 1, 1, '2023-01-19 08:37:48', '2023-01-19 08:37:48'),
(184, 3, 23, NULL, '', 'Itna', '', '', '33', 1, 1, 1, '2023-01-19 08:37:48', '2023-01-19 08:37:48'),
(185, 3, 23, NULL, '', 'Karimganj', '', '', '42', 1, 1, 1, '2023-01-19 08:37:48', '2023-01-19 08:37:48'),
(186, 3, 23, NULL, '', 'Katiadi', '', '', '45', 1, 1, 1, '2023-01-19 08:37:48', '2023-01-19 08:37:48'),
(187, 3, 23, NULL, ' ', 'Kishoreganj sadar', '', '', '49', 1, 1, 1, '2023-01-19 08:37:48', '2023-01-19 08:37:48'),
(188, 3, 23, NULL, '', 'Kuliar char', '', '', '54', 1, 1, 1, '2023-01-19 08:37:48', '2023-01-19 08:37:48'),
(189, 3, 23, NULL, '', 'Mithamain', '', '', '59', 1, 1, 1, '2023-01-19 08:37:48', '2023-01-19 08:37:48'),
(190, 3, 23, NULL, '', 'Nikli', '', '', '76', 1, 1, 1, '2023-01-19 08:37:48', '2023-01-19 08:37:48'),
(191, 3, 23, NULL, '', 'Pakundia', '', '', '79', 1, 1, 1, '2023-01-19 08:37:48', '2023-01-19 08:37:48'),
(192, 3, 23, NULL, '', 'Tarail', '', '', '92', 1, 1, 1, '2023-01-19 08:37:48', '2023-01-19 08:37:48'),
(193, 3, 24, NULL, '', 'Kalkini', '', '', '40', 1, 1, 1, '2023-01-19 08:37:48', '2023-01-19 08:37:48'),
(194, 3, 24, NULL, ' ', 'Madaripur sadar', '', '', '54', 1, 1, 1, '2023-01-19 08:37:48', '2023-01-19 08:37:48'),
(195, 3, 24, NULL, '', 'Rajoir', '', '', '80', 1, 1, 1, '2023-01-19 08:37:48', '2023-01-19 08:37:48'),
(196, 3, 24, NULL, '', 'Shibchar', '', '', '87', 1, 1, 1, '2023-01-19 08:37:48', '2023-01-19 08:37:48'),
(197, 3, 25, NULL, '', 'Daulatpur', '', '', '10', 1, 1, 1, '2023-01-19 08:37:48', '2023-01-19 08:37:48'),
(198, 3, 25, NULL, '', 'Ghior', '', '', '22', 1, 1, 1, '2023-01-19 08:37:48', '2023-01-19 08:37:48'),
(199, 3, 25, NULL, '', 'Harirampur', '', '', '28', 1, 1, 1, '2023-01-19 08:37:48', '2023-01-19 08:37:48'),
(200, 3, 25, NULL, ' ', 'Manikganj sadar', '', '', '46', 1, 1, 1, '2023-01-19 08:37:48', '2023-01-19 08:37:48'),
(201, 3, 25, NULL, '', 'Saturia', '', '', '70', 1, 1, 1, '2023-01-19 08:37:48', '2023-01-19 08:37:48'),
(202, 3, 25, NULL, '', 'Shibalaya', '', '', '78', 1, 1, 1, '2023-01-19 08:37:48', '2023-01-19 08:37:48'),
(203, 3, 25, NULL, '', 'Singair', '', '', '82', 1, 1, 1, '2023-01-19 08:37:48', '2023-01-19 08:37:48'),
(204, 3, 26, NULL, '', 'Gazaria', '', '', '24', 1, 1, 1, '2023-01-19 08:37:48', '2023-01-19 08:37:48'),
(205, 3, 26, NULL, '', 'Lohajang', '', '', '44', 1, 1, 1, '2023-01-19 08:37:48', '2023-01-19 08:37:48'),
(206, 3, 26, NULL, ' ', 'Munshiganj sadar', '', '', '56', 1, 1, 1, '2023-01-19 08:37:48', '2023-01-19 08:37:48'),
(207, 3, 26, NULL, '', 'Serajdikhan', '', '', '74', 1, 1, 1, '2023-01-19 08:37:48', '2023-01-19 08:37:48'),
(208, 3, 26, NULL, '', 'Sreenagar', '', '', '84', 1, 1, 1, '2023-01-19 08:37:48', '2023-01-19 08:37:48'),
(209, 3, 26, NULL, '', 'Tongibari', '', '', '94', 1, 1, 1, '2023-01-19 08:37:48', '2023-01-19 08:37:48'),
(210, 3, 27, NULL, '', 'Bhaluka', '', '', '13', 1, 1, 1, '2023-01-19 08:37:48', '2023-01-19 08:37:48'),
(211, 3, 27, NULL, '', 'Dhobaura', '', '', '16', 1, 1, 1, '2023-01-19 08:37:48', '2023-01-19 08:37:48'),
(212, 3, 27, NULL, '', 'Fulbaria', '', '', '20', 1, 1, 1, '2023-01-19 08:37:48', '2023-01-19 08:37:48'),
(213, 3, 27, NULL, '', 'Gaffargaon', '', '', '22', 1, 1, 1, '2023-01-19 08:37:48', '2023-01-19 08:37:48'),
(214, 3, 27, NULL, '', 'Gauripur', '', '', '23', 1, 1, 1, '2023-01-19 08:37:48', '2023-01-19 08:37:48'),
(215, 3, 27, NULL, '', 'Haluaghat', '', '', '24', 1, 1, 1, '2023-01-19 08:37:48', '2023-01-19 08:37:48'),
(216, 3, 27, NULL, '', 'Ishwarganj', '', '', '31', 1, 1, 1, '2023-01-19 08:37:48', '2023-01-19 08:37:48'),
(217, 3, 27, NULL, ' ', 'Mymensingh sadar', '', '', '52', 1, 1, 1, '2023-01-19 08:37:48', '2023-01-19 08:37:48'),
(218, 3, 27, NULL, '', 'Muktagachha', '', '', '65', 1, 1, 1, '2023-01-19 08:37:48', '2023-01-19 08:37:48'),
(219, 3, 27, NULL, '', 'Nandail', '', '', '72', 1, 1, 1, '2023-01-19 08:37:48', '2023-01-19 08:37:48'),
(220, 3, 27, NULL, '', 'Phulpur', '', '', '81', 1, 1, 1, '2023-01-19 08:37:48', '2023-01-19 08:37:48'),
(221, 3, 27, NULL, '', 'Tarakanda', '', '', '88', 1, 1, 1, '2023-01-19 08:37:48', '2023-01-19 08:37:48'),
(222, 3, 27, NULL, '', 'Trishal', '', '', '94', 1, 1, 1, '2023-01-19 08:37:48', '2023-01-19 08:37:48'),
(223, 3, 28, NULL, '', 'Araihazar', '', '', '2', 1, 1, 1, '2023-01-19 08:37:48', '2023-01-19 08:37:48'),
(224, 3, 28, NULL, '', 'Sonargaon', '', '', '4', 1, 1, 1, '2023-01-19 08:37:48', '2023-01-19 08:37:48'),
(225, 3, 28, NULL, ' ', 'Narayanganj sadar', '', '', '58', 1, 1, 1, '2023-01-19 08:37:48', '2023-01-19 08:37:48'),
(226, 3, 28, NULL, '', 'Rupganj', '', '', '68', 1, 1, 1, '2023-01-19 08:37:48', '2023-01-19 08:37:48'),
(227, 3, 29, NULL, '', 'Belabo', '', '', '7', 1, 1, 1, '2023-01-19 08:37:48', '2023-01-19 08:37:48'),
(228, 3, 29, NULL, '', 'Manohardi', '', '', '52', 1, 1, 1, '2023-01-19 08:37:48', '2023-01-19 08:37:48'),
(229, 3, 29, NULL, ' ', 'Narsingdi ', '', '', '60', 1, 1, 1, '2023-01-19 08:37:48', '2023-01-19 08:37:48'),
(230, 3, 29, NULL, '', 'Palash', '', '', '63', 1, 1, 1, '2023-01-19 08:37:48', '2023-01-19 08:37:48'),
(231, 3, 29, NULL, '', 'Roypura', '', '', '64', 1, 1, 1, '2023-01-19 08:37:48', '2023-01-19 08:37:48'),
(232, 3, 29, NULL, '', 'Shibpur', '', '', '76', 1, 1, 1, '2023-01-19 08:37:48', '2023-01-19 08:37:48'),
(233, 3, 30, NULL, '', 'Atpara', '', '', '04', 1, 1, 1, '2023-01-19 08:37:48', '2023-01-19 08:37:48'),
(234, 3, 30, NULL, '', 'Barhatta', '', '', '9', 1, 1, 1, '2023-01-19 08:37:48', '2023-01-19 08:37:48'),
(235, 3, 30, NULL, '', 'Durgapur', '', '', '18', 1, 1, 1, '2023-01-19 08:37:48', '2023-01-19 08:37:48'),
(236, 3, 30, NULL, '', 'Khaliajuri', '', '', '38', 1, 1, 1, '2023-01-19 08:37:48', '2023-01-19 08:37:48'),
(237, 3, 30, NULL, '', 'Kalmakanda', '', '', '40', 1, 1, 1, '2023-01-19 08:37:48', '2023-01-19 08:37:48'),
(238, 3, 30, NULL, '', 'Kendua', '', '', '47', 1, 1, 1, '2023-01-19 08:37:48', '2023-01-19 08:37:48'),
(239, 3, 30, NULL, '', 'Madan', '', '', '56', 1, 1, 1, '2023-01-19 08:37:48', '2023-01-19 08:37:48'),
(240, 3, 30, NULL, '', 'Mohanganj', '', '', '63', 1, 1, 1, '2023-01-19 08:37:48', '2023-01-19 08:37:48'),
(241, 3, 30, NULL, ' ', 'Netrokona headquarters', '', '', '74', 1, 1, 1, '2023-01-19 08:37:48', '2023-01-19 08:37:48'),
(242, 3, 31, NULL, '', 'Baliakandi', '', '', '7', 1, 1, 1, '2023-01-19 08:37:48', '2023-01-19 08:37:48'),
(243, 3, 31, NULL, '', 'Goalanda', '', '', '29', 1, 1, 1, '2023-01-19 08:37:48', '2023-01-19 08:37:48'),
(244, 3, 31, NULL, '', 'Kalukhali', '', '', '47', 1, 1, 1, '2023-01-19 08:37:48', '2023-01-19 08:37:48'),
(245, 3, 31, NULL, '', 'Pangsha', '', '', '73', 1, 1, 1, '2023-01-19 08:37:48', '2023-01-19 08:37:48'),
(246, 3, 31, NULL, ' ', 'Rajbari sadar', '', '', '76', 1, 1, 1, '2023-01-19 08:37:48', '2023-01-19 08:37:48'),
(247, 3, 32, NULL, '', 'Bhedarganj', '', '', '14', 1, 1, 1, '2023-01-19 08:37:48', '2023-01-19 08:37:48'),
(248, 3, 32, NULL, '', 'Damudya', '', '', '25', 1, 1, 1, '2023-01-19 08:37:48', '2023-01-19 08:37:48'),
(249, 3, 32, NULL, '', 'Gosairhat', '', '', '36', 1, 1, 1, '2023-01-19 08:37:48', '2023-01-19 08:37:48'),
(250, 3, 32, NULL, '', 'Naria', '', '', '65', 1, 1, 1, '2023-01-19 08:37:48', '2023-01-19 08:37:48'),
(251, 3, 32, NULL, ' ', 'Shariatpur sadar', '', '', '69', 1, 1, 1, '2023-01-19 08:37:48', '2023-01-19 08:37:48'),
(252, 3, 32, NULL, '', 'Zanjira', '', '', '94', 1, 1, 1, '2023-01-19 08:37:48', '2023-01-19 08:37:48'),
(253, 3, 33, NULL, '', 'Jhenaigati', '', '', '37', 1, 1, 1, '2023-01-19 08:37:48', '2023-01-19 08:37:48'),
(254, 3, 33, NULL, '', 'Nakla', '', '', '67', 1, 1, 1, '2023-01-19 08:37:48', '2023-01-19 08:37:48'),
(255, 3, 33, NULL, '', 'Nalitabari', '', '', '70', 1, 1, 1, '2023-01-19 08:37:48', '2023-01-19 08:37:48'),
(256, 3, 33, NULL, ' ', 'Sherpur sadar', '', '', '88', 1, 1, 1, '2023-01-19 08:37:48', '2023-01-19 08:37:48'),
(257, 3, 33, NULL, '', 'Sreebardi', '', '', '90', 1, 1, 1, '2023-01-19 08:37:48', '2023-01-19 08:37:48'),
(258, 3, 34, NULL, '', 'Basail', '', '', '9', 1, 1, 1, '2023-01-19 08:37:48', '2023-01-19 08:37:48'),
(259, 3, 34, NULL, '', 'Bhuapur', '', '', '19', 1, 1, 1, '2023-01-19 08:37:48', '2023-01-19 08:37:48'),
(260, 3, 34, NULL, '', 'Delduar', '', '', '23', 1, 1, 1, '2023-01-19 08:37:48', '2023-01-19 08:37:48'),
(261, 3, 34, NULL, '', 'Dhanbari', '', '', '25', 1, 1, 1, '2023-01-19 08:37:48', '2023-01-19 08:37:48'),
(262, 3, 34, NULL, '', 'Ghatail', '', '', '28', 1, 1, 1, '2023-01-19 08:37:48', '2023-01-19 08:37:48'),
(263, 3, 34, NULL, '', 'Gopalpur', '', '', '38', 1, 1, 1, '2023-01-19 08:37:48', '2023-01-19 08:37:48'),
(264, 3, 34, NULL, '', 'Kalihati', '', '', '47', 1, 1, 1, '2023-01-19 08:37:48', '2023-01-19 08:37:48'),
(265, 3, 34, NULL, '', 'Madhupur', '', '', '57', 1, 1, 1, '2023-01-19 08:37:48', '2023-01-19 08:37:48'),
(266, 3, 34, NULL, '', 'Mirzapur', '', '', '66', 1, 1, 1, '2023-01-19 08:37:48', '2023-01-19 08:37:48'),
(267, 3, 34, NULL, '', 'Nagarpur', '', '', '76', 1, 1, 1, '2023-01-19 08:37:48', '2023-01-19 08:37:48'),
(268, 3, 34, NULL, '', 'Sakhipur', '', '', '85', 1, 1, 1, '2023-01-19 08:37:48', '2023-01-19 08:37:48'),
(269, 3, 34, NULL, ' ', 'Tangail sadar', '', '', '95', 1, 1, 1, '2023-01-19 08:37:48', '2023-01-19 08:37:48'),
(271, 4, 35, NULL, ' ', 'Chitalmari', '', '', '14', 1, 1, 1, '2023-01-19 08:37:48', '2023-01-19 08:37:48'),
(272, 4, 35, NULL, ' ', 'Fakirhat', '', '', '34', 1, 1, 1, '2023-01-19 08:37:48', '2023-01-19 08:37:48'),
(273, 4, 35, NULL, ' ', 'Kachua', '', '', '38', 1, 1, 1, '2023-01-19 08:37:48', '2023-01-19 08:37:48'),
(274, 4, 35, NULL, ' ', 'Mollahat', '', '', '56', 1, 1, 1, '2023-01-19 08:37:48', '2023-01-19 08:37:48'),
(275, 4, 35, NULL, ' ', 'Mongla', '', '', '58', 1, 1, 1, '2023-01-19 08:37:48', '2023-01-19 08:37:48'),
(276, 4, 35, NULL, ' ', 'Morrelganj', '', '', '60', 1, 1, 1, '2023-01-19 08:37:48', '2023-01-19 08:37:48'),
(277, 4, 35, NULL, ' ', 'Rampal', '', '', '73', 1, 1, 1, '2023-01-19 08:37:48', '2023-01-19 08:37:48'),
(278, 4, 35, NULL, '', 'Sarankhola', '', '', '', 1, 1, 1, '2023-01-19 08:37:48', '2023-01-19 08:37:48'),
(279, 4, 36, NULL, ' ', 'Alamdanga', '', '', '7', 1, 1, 1, '2023-01-19 08:37:48', '2023-01-19 08:37:48'),
(280, 4, 36, NULL, '  ', 'Chuadanga sadar', '', '', '23', 1, 1, 1, '2023-01-19 08:37:48', '2023-01-19 08:37:48'),
(281, 4, 36, NULL, ' ', 'Damurhuda', '', '', '31', 1, 1, 1, '2023-01-19 08:37:48', '2023-01-19 08:37:48'),
(282, 4, 36, NULL, ' ', 'Jiban nagar', '', '', '55', 1, 1, 1, '2023-01-19 08:37:48', '2023-01-19 08:37:48'),
(283, 4, 37, NULL, ' ', 'Abhaynagar', '', '', '4', 1, 1, 1, '2023-01-19 08:37:48', '2023-01-19 08:37:48'),
(284, 4, 37, NULL, ' ', 'Bagher para', '', '', '9', 1, 1, 1, '2023-01-19 08:37:48', '2023-01-19 08:37:48'),
(285, 4, 37, NULL, '', 'Chaugachha', '', '', '11', 1, 1, 1, '2023-01-19 08:37:48', '2023-01-19 08:37:48'),
(286, 4, 37, NULL, ' ', 'Jhikargachha', '', '', '23', 1, 1, 1, '2023-01-19 08:37:48', '2023-01-19 08:37:48'),
(287, 4, 37, NULL, ' ', 'Keshabpur', '', '', '38', 1, 1, 1, '2023-01-19 08:37:48', '2023-01-19 08:37:48'),
(288, 4, 37, NULL, '  ', 'Jashore sadar', '', '', '47', 1, 1, 1, '2023-01-19 08:37:48', '2023-01-19 08:37:48'),
(289, 4, 37, NULL, '', 'Manirampur', '', '', '61', 1, 1, 1, '2023-01-19 08:37:48', '2023-01-19 08:37:48'),
(290, 4, 37, NULL, ' ', 'Sharsha', '', '', '90', 1, 1, 1, '2023-01-19 08:37:48', '2023-01-19 08:37:48'),
(291, 4, 38, NULL, ' ', 'Harinakunda', '', '', '14', 1, 1, 1, '2023-01-19 08:37:48', '2023-01-19 08:37:48'),
(292, 4, 38, NULL, ' ', 'Jhenaidah sadar', '', '', '19', 1, 1, 1, '2023-01-19 08:37:48', '2023-01-19 08:37:48'),
(293, 4, 38, NULL, ' ', 'Kaliganj', '', '', '33', 1, 1, 1, '2023-01-19 08:37:48', '2023-01-19 08:37:48'),
(294, 4, 38, NULL, ' ', 'Kotchandpur', '', '', '42', 1, 1, 1, '2023-01-19 08:37:48', '2023-01-19 08:37:48'),
(295, 4, 38, NULL, ' ', 'Maheshpur', '', '', '71', 1, 1, 1, '2023-01-19 08:37:48', '2023-01-19 08:37:48'),
(296, 4, 38, NULL, ' ', 'Shailkupa', '', '', '80', 1, 1, 1, '2023-01-19 08:37:48', '2023-01-19 08:37:48'),
(297, 4, 39, NULL, ' ', 'Batiaghata', '', '', '12', 1, 1, 1, '2023-01-19 08:37:48', '2023-01-19 08:37:48'),
(298, 4, 39, NULL, ' ', 'Dacope', '', '', '17', 1, 1, 1, '2023-01-19 08:37:48', '2023-01-19 08:37:48'),
(299, 4, 39, NULL, ' ', 'Dumuria', '', '', '30', 1, 1, 1, '2023-01-19 08:37:48', '2023-01-19 08:37:48'),
(300, 4, 39, NULL, ' ', 'Koyra', '', '', '53', 1, 1, 1, '2023-01-19 08:37:48', '2023-01-19 08:37:48'),
(301, 4, 39, NULL, ' ', 'Paikgachha', '', '', '64', 1, 1, 1, '2023-01-19 08:37:48', '2023-01-19 08:37:48'),
(302, 4, 39, NULL, ' ', 'Phultala', '', '', '69', 1, 1, 1, '2023-01-19 08:37:48', '2023-01-19 08:37:48'),
(303, 4, 39, NULL, ' ', 'Rupsa', '', '', '75', 1, 1, 1, '2023-01-19 08:37:48', '2023-01-19 08:37:48'),
(304, 4, 39, NULL, ' ', 'Terokhada', '', '', '94', 1, 1, 1, '2023-01-19 08:37:48', '2023-01-19 08:37:48'),
(305, 4, 39, NULL, '', 'Dhegholia', '', '', '40', 1, 1, 1, '2023-01-19 08:37:48', '2023-01-19 08:37:48'),
(306, 4, 40, NULL, ' ', 'Bheramara', '', '', '15', 1, 1, 1, '2023-01-19 08:37:48', '2023-01-19 08:37:48'),
(307, 4, 40, NULL, ' ', 'Daulatpur', '', '', '39', 1, 1, 1, '2023-01-19 08:37:48', '2023-01-19 08:37:48'),
(308, 4, 40, NULL, '', 'Khoksa', '', '', '63', 1, 1, 1, '2023-01-19 08:37:48', '2023-01-19 08:37:48'),
(309, 4, 40, NULL, ' ', 'Kumarkhali', '', '', '71', 1, 1, 1, '2023-01-19 08:37:48', '2023-01-19 08:37:48'),
(310, 4, 40, NULL, '  ', 'Kushtia sadar', '', '', '79', 1, 1, 1, '2023-01-19 08:37:48', '2023-01-19 08:37:48'),
(311, 4, 40, NULL, ' ', 'Mirpur', '', '', '94', 1, 1, 1, '2023-01-19 08:37:48', '2023-01-19 08:37:48'),
(312, 4, 41, NULL, '  ', 'Magura sadar', '', '', '57', 1, 1, 1, '2023-01-19 08:37:48', '2023-01-19 08:37:48'),
(313, 4, 41, NULL, ' ', 'Mohammadpur', '', '', '66', 1, 1, 1, '2023-01-19 08:37:48', '2023-01-19 08:37:48'),
(314, 4, 41, NULL, ' ', 'Shalikha', '', '', '85', 1, 1, 1, '2023-01-19 08:37:48', '2023-01-19 08:37:48'),
(315, 4, 41, NULL, ' ', 'Sreepur', '', '', '95', 1, 1, 1, '2023-01-19 08:37:48', '2023-01-19 08:37:48'),
(316, 4, 42, NULL, ' ', 'Gangni', '', '', '47', 1, 1, 1, '2023-01-19 08:37:48', '2023-01-19 08:37:48'),
(317, 4, 42, NULL, ' ', 'Mujib nagar', '', '', '60', 1, 1, 1, '2023-01-19 08:37:48', '2023-01-19 08:37:48'),
(318, 4, 42, NULL, ' ', 'Meherpur sadar', '', '', '87', 1, 1, 1, '2023-01-19 08:37:48', '2023-01-19 08:37:48'),
(319, 4, 43, NULL, '', 'Kalia', '', '', '28', 1, 1, 1, '2023-01-19 08:37:48', '2023-01-19 08:37:48'),
(320, 4, 43, NULL, '', 'Lohagara', '', '', '52', 1, 1, 1, '2023-01-19 08:37:48', '2023-01-19 08:37:48'),
(321, 4, 43, NULL, '  ', 'Narail sadar', '', '', '76', 1, 1, 1, '2023-01-19 08:37:48', '2023-01-19 08:37:48'),
(322, 4, 44, NULL, ' ', 'Assasuni', '', '', '4', 1, 1, 1, '2023-01-19 08:37:48', '2023-01-19 08:37:48'),
(323, 4, 44, NULL, ' ', 'Debhata', '', '', '25', 1, 1, 1, '2023-01-19 08:37:48', '2023-01-19 08:37:48'),
(324, 4, 44, NULL, ' ', 'Kalaroa', '', '', '43', 1, 1, 1, '2023-01-19 08:37:48', '2023-01-19 08:37:48'),
(325, 4, 44, NULL, ' ', 'Kaliganj', '', '', '47', 1, 1, 1, '2023-01-19 08:37:48', '2023-01-19 08:37:48'),
(326, 4, 44, NULL, ' ', 'Satkhira sadar', '', '', '82', 1, 1, 1, '2023-01-19 08:37:48', '2023-01-19 08:37:48'),
(327, 4, 44, NULL, ' ', 'Shyamnagar', '', '', '86', 1, 1, 1, '2023-01-19 08:37:48', '2023-01-19 08:37:48'),
(328, 4, 44, NULL, ' ', 'Tala', '', '', '90', 1, 1, 1, '2023-01-19 08:37:48', '2023-01-19 08:37:48'),
(329, 5, 45, NULL, '', 'Adamdighi', '', '', '06', 1, 1, 1, '2023-01-19 08:37:48', '2023-01-19 08:37:48'),
(330, 5, 45, NULL, '  ', 'Bogra sadar', '', '', '20', 1, 1, 1, '2023-01-19 08:37:48', '2023-01-19 08:37:48'),
(331, 5, 45, NULL, '', 'Dhunat', '', '', '27', 1, 1, 1, '2023-01-19 08:37:48', '2023-01-19 08:37:48'),
(332, 5, 45, NULL, '', 'Dhupchanchia', '', '', '33', 1, 1, 1, '2023-01-19 08:37:48', '2023-01-19 08:37:48'),
(333, 5, 45, NULL, '', 'Gabtali', '', '', '40', 1, 1, 1, '2023-01-19 08:37:48', '2023-01-19 08:37:48'),
(334, 5, 45, NULL, '', 'Kahaloo', '', '', '54', 1, 1, 1, '2023-01-19 08:37:48', '2023-01-19 08:37:48'),
(335, 5, 45, NULL, '', 'Nandigram', '', '', '67', 1, 1, 1, '2023-01-19 08:37:48', '2023-01-19 08:37:48'),
(336, 5, 45, NULL, '', 'Sariakandi', '', '', '81', 1, 1, 1, '2023-01-19 08:37:48', '2023-01-19 08:37:48'),
(337, 5, 45, NULL, '', 'Shajahanpur', '', '', '85', 1, 1, 1, '2023-01-19 08:37:48', '2023-01-19 08:37:48'),
(338, 5, 45, NULL, '', 'Sherpur', '', '', '88', 1, 1, 1, '2023-01-19 08:37:48', '2023-01-19 08:37:48'),
(339, 5, 45, NULL, '', 'Shibganj', '', '', '94', 1, 1, 1, '2023-01-19 08:37:48', '2023-01-19 08:37:48'),
(340, 5, 45, NULL, ' ', 'Sonatola', '', '', '95', 1, 1, 1, '2023-01-19 08:37:48', '2023-01-19 08:37:48'),
(341, 5, 46, NULL, ' ', 'Akkelpur', '', '', '13', 1, 1, 1, '2023-01-19 08:37:48', '2023-01-19 08:37:48'),
(342, 5, 46, NULL, '  ', 'Joypurhat sadar', '', '', '47', 1, 1, 1, '2023-01-19 08:37:48', '2023-01-19 08:37:48'),
(343, 5, 46, NULL, '', 'Kalai', '', '', '58', 1, 1, 1, '2023-01-19 08:37:48', '2023-01-19 08:37:48'),
(344, 5, 47, NULL, '', 'Atrai', '', '', '03', 1, 1, 1, '2023-01-19 08:37:48', '2023-01-19 08:37:48'),
(345, 5, 47, NULL, '', 'Dhamoirhat', '', '', '28', 1, 1, 1, '2023-01-19 08:37:48', '2023-01-19 08:37:48'),
(346, 5, 47, NULL, '', 'Manda', '', '', '47', 1, 1, 1, '2023-01-19 08:37:48', '2023-01-19 08:37:48'),
(347, 5, 47, NULL, '', 'Mahadebpur', '', '', '50', 1, 1, 1, '2023-01-19 08:37:48', '2023-01-19 08:37:48'),
(348, 5, 47, NULL, ' ', 'Naogaon sadar', '', '', '60', 1, 1, 1, '2023-01-19 08:37:48', '2023-01-19 08:37:48'),
(349, 5, 47, NULL, '', 'Niamatpur', '', '', '69', 1, 1, 1, '2023-01-19 08:37:48', '2023-01-19 08:37:48'),
(350, 5, 47, NULL, '', 'Patnitala', '', '', '75', 1, 1, 1, '2023-01-19 08:37:48', '2023-01-19 08:37:48'),
(351, 5, 47, NULL, '', 'Raninagar', '', '', '85', 1, 1, 1, '2023-01-19 08:37:48', '2023-01-19 08:37:48'),
(352, 5, 47, NULL, '', 'Sapahar', '', '', '86', 1, 1, 1, '2023-01-19 08:37:48', '2023-01-19 08:37:48'),
(353, 5, 47, NULL, '', 'Bodolgachi', '', '', '', 1, 1, 1, '2023-01-19 08:37:48', '2023-01-19 08:37:48'),
(354, 5, 47, NULL, '', 'Porsha', '', '', '', 1, 1, 1, '2023-01-19 08:37:48', '2023-01-19 08:37:48'),
(355, 5, 48, NULL, '', 'Bagatipara', '', '', '09', 1, 1, 1, '2023-01-19 08:37:48', '2023-01-19 08:37:48'),
(356, 5, 48, NULL, '', 'Baraigram', '', '', '15', 1, 1, 1, '2023-01-19 08:37:48', '2023-01-19 08:37:48'),
(357, 5, 48, NULL, '', 'Gurudaspur', '', '', '41', 1, 1, 1, '2023-01-19 08:37:48', '2023-01-19 08:37:48'),
(358, 5, 48, NULL, '', 'Lalpur', '', '', '', 1, 1, 1, '2023-01-19 08:37:48', '2023-01-19 08:37:48'),
(359, 5, 48, NULL, ' ', 'Natore sadar', '', '', '63', 1, 1, 1, '2023-01-19 08:37:48', '2023-01-19 08:37:48'),
(360, 5, 48, NULL, ' ', 'Singra', '', '640', '6450', 1, 1, 1, '2023-01-19 08:37:48', '2023-01-19 08:37:48'),
(361, 5, 49, NULL, '', 'Bholahat', '', '', '18', 1, 1, 1, '2023-01-19 08:37:48', '2023-01-19 08:37:48'),
(362, 5, 49, NULL, '', 'Gomastapur', '', '', '37', 1, 1, 1, '2023-01-19 08:37:48', '2023-01-19 08:37:48'),
(363, 5, 49, NULL, '', 'Nachole', '', '', '56', 1, 1, 1, '2023-01-19 08:37:48', '2023-01-19 08:37:48'),
(364, 5, 49, NULL, '  ', 'Chapai nababganj sadar', '', '', '66', 1, 1, 1, '2023-01-19 08:37:48', '2023-01-19 08:37:48'),
(365, 5, 49, NULL, ' ', 'Shibganj', '', '', '88', 1, 1, 1, '2023-01-19 08:37:48', '2023-01-19 08:37:48'),
(366, 5, 50, NULL, '', 'Atgharia', '', '', '05', 1, 1, 1, '2023-01-19 08:37:48', '2023-01-19 08:37:48'),
(367, 5, 50, NULL, '', 'Bera', '', '', '16', 1, 1, 1, '2023-01-19 08:37:48', '2023-01-19 08:37:48'),
(368, 5, 50, NULL, '', 'Bhangura', '', '', '19', 1, 1, 1, '2023-01-19 08:37:48', '2023-01-19 08:37:48'),
(369, 5, 50, NULL, ' ', 'Chatmohar', '', '', '22', 1, 1, 1, '2023-01-19 08:37:48', '2023-01-19 08:37:48'),
(370, 5, 50, NULL, '', 'Faridpur', '', '', '33', 1, 1, 1, '2023-01-19 08:37:48', '2023-01-19 08:37:48'),
(371, 5, 50, NULL, ' ', 'Ishwardi', '', '', '39', 1, 1, 1, '2023-01-19 08:37:48', '2023-01-19 08:37:48'),
(372, 5, 50, NULL, ' ', 'Pabna sadar', '', '', '55', 1, 1, 1, '2023-01-19 08:37:48', '2023-01-19 08:37:48'),
(373, 5, 50, NULL, '', 'Santhia', '', '', '72', 1, 1, 1, '2023-01-19 08:37:48', '2023-01-19 08:37:48'),
(374, 5, 50, NULL, '', 'Sujanagar', '', '', '83', 1, 1, 1, '2023-01-19 08:37:48', '2023-01-19 08:37:48'),
(375, 5, 51, NULL, '', 'Bagha', '', '', '10', 1, 1, 1, '2023-01-19 08:37:48', '2023-01-19 08:37:48'),
(376, 5, 51, NULL, '', 'Baghmara', '', '', '12', 1, 1, 1, '2023-01-19 08:37:48', '2023-01-19 08:37:48'),
(377, 5, 51, NULL, ' ', 'Charghat', '', '', '25', 1, 1, 1, '2023-01-19 08:37:48', '2023-01-19 08:37:48'),
(378, 5, 51, NULL, ' ', 'Durgapur', '', '', '31', 1, 1, 1, '2023-01-19 08:37:48', '2023-01-19 08:37:48'),
(379, 5, 51, NULL, ' ', 'Godagari', '', '', '34', 1, 1, 1, '2023-01-19 08:37:48', '2023-01-19 08:37:48'),
(380, 5, 51, NULL, '', 'Mohanpur', '', '', '53', 1, 1, 1, '2023-01-19 08:37:48', '2023-01-19 08:37:48'),
(381, 5, 51, NULL, '', 'Paba', '', '', '72', 1, 1, 1, '2023-01-19 08:37:48', '2023-01-19 08:37:48'),
(382, 5, 51, NULL, '', 'Puthia', '', '', '82', 1, 1, 1, '2023-01-19 08:37:48', '2023-01-19 08:37:48'),
(383, 5, 51, NULL, '', 'Tanore', '', '', '94', 1, 1, 1, '2023-01-19 08:37:48', '2023-01-19 08:37:48'),
(384, 5, 52, NULL, ' ', 'Belkuchi', '', '', '11', 1, 1, 1, '2023-01-19 08:37:48', '2023-01-19 08:37:48'),
(385, 5, 52, NULL, '', 'Chauhali', '', '', '27', 1, 1, 1, '2023-01-19 08:37:48', '2023-01-19 08:37:48'),
(386, 5, 52, NULL, '', 'Kamarkhanda', '', '', '44', 1, 1, 1, '2023-01-19 08:37:48', '2023-01-19 08:37:48'),
(387, 5, 52, NULL, '', 'Kazipur', '', '', '50', 1, 1, 1, '2023-01-19 08:37:48', '2023-01-19 08:37:48'),
(388, 5, 52, NULL, '', 'Royganj', '', '', '61', 1, 1, 1, '2023-01-19 08:37:48', '2023-01-19 08:37:48'),
(389, 5, 52, NULL, '', 'Shahjadpur', '', '', '67', 1, 1, 1, '2023-01-19 08:37:48', '2023-01-19 08:37:48'),
(390, 5, 52, NULL, ' ', 'Sirajganj sadar', '', '', '78', 1, 1, 1, '2023-01-19 08:37:48', '2023-01-19 08:37:48'),
(391, 5, 52, NULL, '', 'Tarash', '', '', '89', 1, 1, 1, '2023-01-19 08:37:48', '2023-01-19 08:37:48'),
(392, 5, 52, NULL, ' ', 'Ullah para', '', '', '94', 1, 1, 1, '2023-01-19 08:37:48', '2023-01-19 08:37:48'),
(393, 6, 53, NULL, ' ', 'Birampur', '', '', '10', 1, 1, 1, '2023-01-19 08:37:48', '2023-01-19 08:37:48'),
(394, 6, 53, NULL, '', 'Birganj', '', '', '12', 1, 1, 1, '2023-01-19 08:37:48', '2023-01-19 08:37:48'),
(395, 6, 53, NULL, '', 'Biral', '', '', '17', 1, 1, 1, '2023-01-19 08:37:48', '2023-01-19 08:37:48'),
(396, 6, 53, NULL, '', 'Bochaganj', '', '', '21', 1, 1, 1, '2023-01-19 08:37:48', '2023-01-19 08:37:48'),
(397, 6, 53, NULL, '', 'Chirirbandar', '', '', '30', 1, 1, 1, '2023-01-19 08:37:48', '2023-01-19 08:37:48'),
(398, 6, 53, NULL, '', 'Fulbari', '', '', '38', 1, 1, 1, '2023-01-19 08:37:48', '2023-01-19 08:37:48'),
(399, 6, 53, NULL, '', 'Ghoraghat', '', '', '43', 1, 1, 1, '2023-01-19 08:37:48', '2023-01-19 08:37:48'),
(400, 6, 53, NULL, '', 'Hakimpur', '', '', '47', 1, 1, 1, '2023-01-19 08:37:48', '2023-01-19 08:37:48'),
(401, 6, 53, NULL, '', 'Kaharole', '', '', '56', 1, 1, 1, '2023-01-19 08:37:48', '2023-01-19 08:37:48'),
(402, 6, 53, NULL, '', 'Khansama', '', '', '60', 1, 1, 1, '2023-01-19 08:37:48', '2023-01-19 08:37:48'),
(403, 6, 53, NULL, '', 'Nawabganj', '', '', '69', 1, 1, 1, '2023-01-19 08:37:48', '2023-01-19 08:37:48'),
(404, 6, 53, NULL, '', 'Parbatipur', '', '', '77', 1, 1, 1, '2023-01-19 08:37:48', '2023-01-19 08:37:48'),
(405, 6, 53, NULL, ' ', 'Dinajpur sadar', '', '', '64', 1, 1, 1, '2023-01-19 08:37:48', '2023-01-19 08:37:48'),
(406, 6, 54, NULL, '', 'Fulchhari', '', '', '21', 1, 1, 1, '2023-01-19 08:37:48', '2023-01-19 08:37:48'),
(407, 6, 54, NULL, ' ', 'Gaibandha sadar', '', '', '24', 1, 1, 1, '2023-01-19 08:37:48', '2023-01-19 08:37:48'),
(408, 6, 54, NULL, '', 'Gobindaganj', '', '', '30', 1, 1, 1, '2023-01-19 08:37:48', '2023-01-19 08:37:48'),
(409, 6, 54, NULL, '', 'Palashbari', '', '', '67', 1, 1, 1, '2023-01-19 08:37:48', '2023-01-19 08:37:48'),
(410, 6, 54, NULL, '', 'Sadullapur', '', '', '82', 1, 1, 1, '2023-01-19 08:37:48', '2023-01-19 08:37:48'),
(411, 6, 54, NULL, '', 'Saghata', '', '', '88', 1, 1, 1, '2023-01-19 08:37:48', '2023-01-19 08:37:48'),
(412, 6, 54, NULL, '', 'Sundarganj', '', '', '91', 1, 1, 1, '2023-01-19 08:37:48', '2023-01-19 08:37:48'),
(413, 6, 55, NULL, '', 'Bhurungamari', '', '', '6', 1, 1, 1, '2023-01-19 08:37:48', '2023-01-19 08:37:48'),
(414, 6, 55, NULL, ' ', 'Char rajibpur', '', '', '8', 1, 1, 1, '2023-01-19 08:37:48', '2023-01-19 08:37:48'),
(415, 6, 55, NULL, ' ', 'Chilmari', '', '', '9', 1, 1, 1, '2023-01-19 08:37:48', '2023-01-19 08:37:48'),
(416, 6, 55, NULL, '', 'Phulbari', '', '', '18', 1, 1, 1, '2023-01-19 08:37:48', '2023-01-19 08:37:48'),
(417, 6, 55, NULL, ' ', 'Kurigram sadar', '', '', '52', 1, 1, 1, '2023-01-19 08:37:48', '2023-01-19 08:37:48'),
(418, 6, 55, NULL, '', 'Nageshwari', '', '', '61', 1, 1, 1, '2023-01-19 08:37:48', '2023-01-19 08:37:48'),
(419, 6, 55, NULL, '', 'Rajarhat', '', '', '77', 1, 1, 1, '2023-01-19 08:37:48', '2023-01-19 08:37:48'),
(420, 6, 55, NULL, '', 'Raumari', '', '', '79', 1, 1, 1, '2023-01-19 08:37:48', '2023-01-19 08:37:48'),
(421, 6, 55, NULL, '', 'Ulipur', '', '', '94', 1, 1, 1, '2023-01-19 08:37:48', '2023-01-19 08:37:48'),
(422, 6, 56, NULL, '', 'Aditmari', '', '', '2', 1, 1, 1, '2023-01-19 08:37:48', '2023-01-19 08:37:48'),
(423, 6, 56, NULL, '', 'Hatibandha', '', '', '33', 1, 1, 1, '2023-01-19 08:37:48', '2023-01-19 08:37:48'),
(424, 6, 56, NULL, '', 'Kaliganj', '', '', '39', 1, 1, 1, '2023-01-19 08:37:48', '2023-01-19 08:37:48'),
(425, 6, 56, NULL, ' ', 'Lalmonirhat sadar', '', '', '55', 1, 1, 1, '2023-01-19 08:37:48', '2023-01-19 08:37:48'),
(426, 6, 56, NULL, '', 'Patgram', '', '', '70', 1, 1, 1, '2023-01-19 08:37:48', '2023-01-19 08:37:48'),
(427, 6, 57, NULL, ' ', 'Domar upazila', '', '', '15', 1, 1, 1, '2023-01-19 08:37:48', '2023-01-19 08:37:48'),
(428, 6, 57, NULL, '', 'Jaldhaka', '', '', '36', 1, 1, 1, '2023-01-19 08:37:48', '2023-01-19 08:37:48'),
(429, 6, 57, NULL, '', 'Kishoreganj', '', '', '45', 1, 1, 1, '2023-01-19 08:37:48', '2023-01-19 08:37:48'),
(430, 6, 57, NULL, ' ', 'Nilphamari sadar', '', '', '64', 1, 1, 1, '2023-01-19 08:37:48', '2023-01-19 08:37:48'),
(431, 6, 57, NULL, ' ', 'Saidpur upazila', '', '', '85', 1, 1, 1, '2023-01-19 08:37:48', '2023-01-19 08:37:48'),
(432, 6, 57, NULL, '', 'Dimla', '', '', '12', 1, 1, 1, '2023-01-19 08:37:48', '2023-01-19 08:37:48'),
(433, 6, 58, NULL, '', 'Atwari', '', '', '4', 1, 1, 1, '2023-01-19 08:37:48', '2023-01-19 08:37:48'),
(434, 6, 58, NULL, '', 'Boda', '', '', '25', 1, 1, 1, '2023-01-19 08:37:48', '2023-01-19 08:37:48'),
(435, 6, 58, NULL, '', 'Debiganj', '', '', '34', 1, 1, 1, '2023-01-19 08:37:48', '2023-01-19 08:37:48'),
(436, 6, 58, NULL, ' ', 'Panchagarh sadar', '', '', '73', 1, 1, 1, '2023-01-19 08:37:48', '2023-01-19 08:37:48'),
(437, 6, 58, NULL, '', 'Tentulia', '', '', '90', 1, 1, 1, '2023-01-19 08:37:48', '2023-01-19 08:37:48'),
(438, 6, 59, NULL, '', 'Badarganj', '', '', '3', 1, 1, 1, '2023-01-19 08:37:48', '2023-01-19 08:37:48'),
(439, 6, 59, NULL, '', 'Kaunia', '', '', '42', 1, 1, 1, '2023-01-19 08:37:48', '2023-01-19 08:37:48'),
(440, 6, 59, NULL, ' ', 'Rangpur sadar', '', '', '49', 1, 1, 1, '2023-01-19 08:37:48', '2023-01-19 08:37:48'),
(441, 6, 59, NULL, '', 'Mitha pukur', '', '', '58', 1, 1, 1, '2023-01-19 08:37:48', '2023-01-19 08:37:48'),
(442, 6, 59, NULL, '', 'Pirgachha', '', '', '73', 1, 1, 1, '2023-01-19 08:37:48', '2023-01-19 08:37:48'),
(443, 6, 59, NULL, ' ', 'Pirganj', '', '', '76', 1, 1, 1, '2023-01-19 08:37:48', '2023-01-19 08:37:48'),
(444, 6, 59, NULL, '', 'Taraganj', '', '', '92', 1, 1, 1, '2023-01-19 08:37:48', '2023-01-19 08:37:48');
INSERT INTO `upazilas` (`id`, `division_id`, `district_id`, `name`, `title_bn`, `title_en`, `division_bbs_code`, `district_bbs_code`, `bbs_code`, `status`, `created_by`, `updated_by`, `created_at`, `updated_at`) VALUES
(445, 6, 59, NULL, '', 'Gangahora', '', '', '27', 1, 1, 1, '2023-01-19 08:37:48', '2023-01-19 08:37:48'),
(446, 6, 60, NULL, '', 'Baliadangi', '', '', '8', 1, 1, 1, '2023-01-19 08:37:48', '2023-01-19 08:37:48'),
(447, 6, 60, NULL, '', 'Haripur', '', '', '51', 1, 1, 1, '2023-01-19 08:37:48', '2023-01-19 08:37:48'),
(448, 6, 60, NULL, '', 'Pirganj', '', '', '82', 1, 1, 1, '2023-01-19 08:37:48', '2023-01-19 08:37:48'),
(449, 6, 60, NULL, '', 'Ranisankail', '', '', '86', 1, 1, 1, '2023-01-19 08:37:48', '2023-01-19 08:37:48'),
(450, 6, 60, NULL, ' ', 'Thakurgaon sadar', '', '', '94', 1, 1, 1, '2023-01-19 08:37:48', '2023-01-19 08:37:48'),
(451, 7, 61, NULL, '', 'Ajmiriganj', '', '', '44', 1, 1, 1, '2023-01-19 08:37:48', '2023-01-19 08:37:48'),
(452, 7, 61, NULL, ' ', 'Bahubal', '', '', '5', 1, 1, 1, '2023-01-19 08:37:48', '2023-01-19 08:37:48'),
(453, 7, 61, NULL, ' ', 'Baniachong', '', '', '11', 1, 1, 1, '2023-01-19 08:37:48', '2023-01-19 08:37:48'),
(454, 7, 61, NULL, ' ', 'Chunarughat', '', '', '26', 1, 1, 1, '2023-01-19 08:37:48', '2023-01-19 08:37:48'),
(455, 7, 61, NULL, '  ', 'Habiganj sadar', '', '', '44', 1, 1, 1, '2023-01-19 08:37:48', '2023-01-19 08:37:48'),
(456, 7, 61, NULL, ' ', 'Lakhai', '', '', '68', 1, 1, 1, '2023-01-19 08:37:48', '2023-01-19 08:37:48'),
(457, 7, 61, NULL, ' ', 'Madhabpur', '', '', '71', 1, 1, 1, '2023-01-19 08:37:48', '2023-01-19 08:37:48'),
(458, 7, 61, NULL, ' ', 'Nabiganj', '', '', '77', 1, 1, 1, '2023-01-19 08:37:48', '2023-01-19 08:37:48'),
(459, 7, 62, NULL, ' ', 'Barlekha', '', '', '14', 1, 1, 1, '2023-01-19 08:37:48', '2023-01-19 08:37:48'),
(460, 7, 62, NULL, ' ', 'Juri', '', '', '35', 1, 1, 1, '2023-01-19 08:37:48', '2023-01-19 08:37:48'),
(461, 7, 62, NULL, ' ', 'Kamalganj', '', '', '56', 1, 1, 1, '2023-01-19 08:37:48', '2023-01-19 08:37:48'),
(462, 7, 62, NULL, ' ', 'Kulaura', '', '', '65', 1, 1, 1, '2023-01-19 08:37:48', '2023-01-19 08:37:48'),
(463, 7, 62, NULL, '  ', 'Maulvibazar sadar', '', '', '74', 1, 1, 1, '2023-01-19 08:37:48', '2023-01-19 08:37:48'),
(464, 7, 62, NULL, ' ', 'Rajnagar', '', '', '80', 1, 1, 1, '2023-01-19 08:37:48', '2023-01-19 08:37:48'),
(465, 7, 62, NULL, '', 'Sreemangal', '', '', '83', 1, 1, 1, '2023-01-19 08:37:48', '2023-01-19 08:37:48'),
(466, 7, 63, NULL, ' ', 'Bishwambarpur', '', '', '18', 1, 1, 1, '2023-01-19 08:37:48', '2023-01-19 08:37:48'),
(467, 7, 63, NULL, ' ', 'Chhatak', '', '', '23', 1, 1, 1, '2023-01-19 08:37:48', '2023-01-19 08:37:48'),
(468, 7, 63, NULL, ' ', 'Derai', '', '', '29', 1, 1, 1, '2023-01-19 08:37:48', '2023-01-19 08:37:48'),
(469, 7, 63, NULL, ' ', 'Dharampasha', '', '', '32', 1, 1, 1, '2023-01-19 08:37:48', '2023-01-19 08:37:48'),
(470, 7, 63, NULL, ' ', 'Dowarabazar', '', '', '33', 1, 1, 1, '2023-01-19 08:37:48', '2023-01-19 08:37:48'),
(471, 7, 63, NULL, ' ', 'Jagannathpur', '', '', '47', 1, 1, 1, '2023-01-19 08:37:48', '2023-01-19 08:37:48'),
(472, 7, 63, NULL, ' ', 'Jamalganj', '', '', '50', 1, 1, 1, '2023-01-19 08:37:48', '2023-01-19 08:37:48'),
(473, 7, 63, NULL, ' ', 'Sulla', '', '', '86', 1, 1, 1, '2023-01-19 08:37:48', '2023-01-19 08:37:48'),
(474, 7, 63, NULL, '  ', 'Sunamganj sadar', '', '', '89', 1, 1, 1, '2023-01-19 08:37:48', '2023-01-19 08:37:48'),
(475, 7, 63, NULL, ' ', 'Tahirpur', '', '', '92', 1, 1, 1, '2023-01-19 08:37:48', '2023-01-19 08:37:48'),
(476, 7, 63, NULL, '  ', 'Dakshin  sunamganj', '', '', '', 1, 1, 1, '2023-01-19 08:37:48', '2023-01-19 08:37:48'),
(477, 7, 64, NULL, ' ', 'Balaganj', '', '', '8', 1, 1, 1, '2023-01-19 08:37:48', '2023-01-19 08:37:48'),
(478, 7, 64, NULL, ' ', 'Beani bazar', '', '', '17', 1, 1, 1, '2023-01-19 08:37:48', '2023-01-19 08:37:48'),
(479, 7, 64, NULL, ' ', 'Bishwanath', '', '', '20', 1, 1, 1, '2023-01-19 08:37:48', '2023-01-19 08:37:48'),
(480, 7, 64, NULL, ' ', 'Companiganj', '', '', '27', 1, 1, 1, '2023-01-19 08:37:48', '2023-01-19 08:37:48'),
(481, 7, 64, NULL, '  ', 'Dakshin surma', '', '', '31', 1, 1, 1, '2023-01-19 08:37:48', '2023-01-19 08:37:48'),
(482, 7, 64, NULL, ' ', 'Fenchuganj', '', '', '35', 1, 1, 1, '2023-01-19 08:37:48', '2023-01-19 08:37:48'),
(483, 7, 64, NULL, ' ', 'Golapganj', '', '', '38', 1, 1, 1, '2023-01-19 08:37:48', '2023-01-19 08:37:48'),
(484, 7, 64, NULL, ' ', 'Gowainghat', '', '', '41', 1, 1, 1, '2023-01-19 08:37:48', '2023-01-19 08:37:48'),
(485, 7, 64, NULL, ' ', 'Jaintiapur', '', '', '53', 1, 1, 1, '2023-01-19 08:37:48', '2023-01-19 08:37:48'),
(486, 7, 64, NULL, ' ', 'Kanaighat', '', '', '59', 1, 1, 1, '2023-01-19 08:37:48', '2023-01-19 08:37:48'),
(487, 7, 64, NULL, '  ', 'Sylhet sadar', '', '', '62', 1, 1, 1, '2023-01-19 08:37:48', '2023-01-19 08:37:48'),
(488, 7, 64, NULL, ' ', 'Zakiganj', '', '', '94', 1, 1, 1, '2023-01-19 08:37:48', '2023-01-19 08:37:48'),
(489, 4, 35, NULL, ' ', 'Bagerhat sadar', NULL, NULL, '08', 1, 0, 0, '2023-01-19 08:37:48', '2023-01-19 08:37:48'),
(490, 2, 14, NULL, '', 'Guimara', '20', '46', '66', 1, 0, 0, '2023-01-19 08:37:48', '2023-01-19 08:37:48'),
(491, 1, 3, NULL, '', 'Charfassion', '10', '9', '24', 1, 0, 0, '2023-01-19 08:37:48', '2023-01-19 08:37:48'),
(492, 7, 64, NULL, '', 'Osmaninagar', '70', '91', '20', 1, 0, 0, '2023-01-19 08:37:48', '2023-01-19 08:37:48'),
(493, 5, 46, NULL, '', 'Khetlal', '50', '38', '61', 1, 0, 0, '2023-01-19 08:37:48', '2023-01-19 08:37:48'),
(494, 5, 46, NULL, '', 'Panchbibi', '50', '38', '74', 1, 0, 0, '2023-01-19 08:37:48', '2023-01-19 08:37:48'),
(495, 5, 48, NULL, ' ', 'Naldanga ', '50', '69', '7350', 1, 0, 0, '2023-01-19 08:37:48', '2023-01-19 08:37:48'),
(496, 2, 16, NULL, '', 'Kabirhat', '20', '75', '47', 1, 1, 1, '2023-01-19 08:37:48', '2023-01-19 08:37:48'),
(497, 1, 5, NULL, '', 'Galachipa', '10', '78', '57', 1, 1, 1, '2023-01-19 08:37:48', '2023-01-19 08:37:48'),
(498, 3, 30, NULL, '', 'Purbadhala', '', '', '83', 1, 1, 1, '2023-01-19 08:37:48', '2023-01-19 08:37:48');

-- --------------------------------------------------------

--
-- Table structure for table `users`
--

CREATE TABLE `users` (
  `id` int UNSIGNED NOT NULL,
  `code` varchar(255) CHARACTER SET utf8mb4 COLLATE utf8mb4_unicode_ci DEFAULT '1000001',
  `association_id` mediumint UNSIGNED DEFAULT NULL,
  `area_id` mediumint UNSIGNED DEFAULT NULL,
  `division_id` mediumint UNSIGNED DEFAULT NULL,
  `district_id` mediumint UNSIGNED DEFAULT NULL,
  `upazila_id` mediumint UNSIGNED DEFAULT NULL,
  `thana_id` mediumint UNSIGNED DEFAULT NULL,
  `branch_id` bigint UNSIGNED DEFAULT NULL,
  `branch_unit_id` bigint UNSIGNED DEFAULT NULL,
  `name` varchar(255) CHARACTER SET utf8mb4 COLLATE utf8mb4_unicode_ci DEFAULT NULL,
  `title_bn` varchar(255) CHARACTER SET utf8mb4 COLLATE utf8mb4_unicode_ci DEFAULT NULL,
  `title_en` varchar(255) CHARACTER SET utf8mb4 COLLATE utf8mb4_unicode_ci DEFAULT NULL,
  `contact` varchar(16) CHARACTER SET utf8mb4 COLLATE utf8mb4_unicode_ci DEFAULT NULL,
  `branch_contact` varchar(16) CHARACTER SET utf8mb4 COLLATE utf8mb4_unicode_ci DEFAULT NULL,
  `username` varchar(255) CHARACTER SET utf8mb4 COLLATE utf8mb4_unicode_ci DEFAULT NULL,
  `email` varchar(255) CHARACTER SET utf8mb4 COLLATE utf8mb4_unicode_ci DEFAULT NULL,
  `email_verified_at` timestamp NULL DEFAULT NULL,
  `password` varchar(255) CHARACTER SET utf8mb4 COLLATE utf8mb4_unicode_ci DEFAULT '$2y$10$TsRPdMW1CAjTSEP/QF.5aea4JjTbl4t1O8NMOF1sIFgU5EDcan8sK',
  `thumb` varchar(128) CHARACTER SET utf8mb4 COLLATE utf8mb4_unicode_ci DEFAULT NULL,
  `nid` varchar(18) CHARACTER SET utf8mb4 COLLATE utf8mb4_unicode_ci DEFAULT NULL,
  `credit` double(10,2) DEFAULT '0.00',
  `debit` double(10,2) DEFAULT '0.00',
  `total` double(10,2) DEFAULT '0.00',
  `father_bn` varchar(255) CHARACTER SET utf8mb4 COLLATE utf8mb4_unicode_ci DEFAULT NULL,
  `father_en` varchar(255) CHARACTER SET utf8mb4 COLLATE utf8mb4_unicode_ci DEFAULT NULL,
  `address_bn` varchar(255) CHARACTER SET utf8mb4 COLLATE utf8mb4_unicode_ci DEFAULT NULL,
  `address_en` varchar(255) CHARACTER SET utf8mb4 COLLATE utf8mb4_unicode_ci DEFAULT NULL,
  `unit_detail_bn` varchar(255) CHARACTER SET utf8mb4 COLLATE utf8mb4_unicode_ci DEFAULT NULL,
  `unit_detail_en` varchar(255) CHARACTER SET utf8mb4 COLLATE utf8mb4_unicode_ci DEFAULT NULL,
  `bayat_date` datetime DEFAULT NULL,
  `caliph_id` int UNSIGNED DEFAULT NULL,
  `vice_president_id` int UNSIGNED DEFAULT NULL,
  `president_id` int UNSIGNED DEFAULT NULL,
  `conditions` longtext CHARACTER SET utf8mb4 COLLATE utf8mb4_bin,
  `colors` longtext CHARACTER SET utf8mb4 COLLATE utf8mb4_bin,
  `user_code` varchar(255) CHARACTER SET utf8mb4 COLLATE utf8mb4_unicode_ci DEFAULT NULL,
  `unit_code` varchar(255) CHARACTER SET utf8mb4 COLLATE utf8mb4_unicode_ci DEFAULT NULL,
  `you_unit_code` varchar(255) CHARACTER SET utf8mb4 COLLATE utf8mb4_unicode_ci DEFAULT NULL,
  `remember_token` varchar(100) CHARACTER SET utf8mb4 COLLATE utf8mb4_unicode_ci DEFAULT NULL,
  `default` tinyint NOT NULL DEFAULT '0',
  `walking` tinyint NOT NULL DEFAULT '0',
  `status` tinyint NOT NULL DEFAULT '1',
  `created_by` int DEFAULT NULL,
  `updated_by` int DEFAULT NULL,
  `created_at` timestamp NULL DEFAULT NULL,
  `updated_at` timestamp NULL DEFAULT NULL
) ENGINE=InnoDB DEFAULT CHARSET=utf8mb4 COLLATE=utf8mb4_0900_ai_ci;

--
-- Dumping data for table `users`
--

INSERT INTO `users` (`id`, `code`, `association_id`, `area_id`, `division_id`, `district_id`, `upazila_id`, `thana_id`, `branch_id`, `branch_unit_id`, `name`, `title_bn`, `title_en`, `contact`, `branch_contact`, `username`, `email`, `email_verified_at`, `password`, `thumb`, `nid`, `credit`, `debit`, `total`, `father_bn`, `father_en`, `address_bn`, `address_en`, `unit_detail_bn`, `unit_detail_en`, `bayat_date`, `caliph_id`, `vice_president_id`, `president_id`, `conditions`, `colors`, `user_code`, `unit_code`, `you_unit_code`, `remember_token`, `default`, `walking`, `status`, `created_by`, `updated_by`, `created_at`, `updated_at`) VALUES
(1, 'M-004-000001', NULL, NULL, 9, 22, 173, 235, 4, 4, NULL, '  ', 'Mahmud Anamul Kabir', '01714008505', NULL, '01714008505', '01714008505@mas.com', '2023-02-19 12:41:14', '$2y$10$AK3FbtZw.Y8CST4YYPN3euvStlfiNIjWObxp8Mo02ZECN4jzSamL6', 'user/2023/February/thumb-1-1676810474430.jpeg', '3910783397091', 0.00, 0.00, 0.00, ' ', 'Asraf Ali', '', 'Airmari', NULL, NULL, '2021-09-21 00:00:00', 11, 18, 14, NULL, NULL, NULL, NULL, NULL, 'BLiNaCfJbe', 0, 0, 1, 1, 1, '2023-02-19 12:41:15', '2023-02-19 13:30:55');

-- --------------------------------------------------------

--
-- Table structure for table `user_types`
--

CREATE TABLE `user_types` (
  `id` int UNSIGNED NOT NULL,
  `code` varchar(255) CHARACTER SET utf8mb4 COLLATE utf8mb4_unicode_ci DEFAULT NULL,
  `name` varchar(191) CHARACTER SET utf8mb4 COLLATE utf8mb4_unicode_ci DEFAULT NULL,
  `title_bn` varchar(255) CHARACTER SET utf8mb4 COLLATE utf8mb4_unicode_ci DEFAULT NULL,
  `title_en` varchar(255) CHARACTER SET utf8mb4 COLLATE utf8mb4_unicode_ci DEFAULT NULL,
  `parent_id` int UNSIGNED DEFAULT NULL,
  `default_role` smallint UNSIGNED DEFAULT NULL,
  `last` tinyint(1) NOT NULL DEFAULT '1',
  `sort` smallint DEFAULT '1',
  `status` tinyint NOT NULL DEFAULT '1',
  `created_by` int DEFAULT NULL,
  `updated_by` int DEFAULT NULL,
  `created_at` timestamp NULL DEFAULT NULL,
  `updated_at` timestamp NULL DEFAULT NULL
) ENGINE=InnoDB DEFAULT CHARSET=utf8mb4 COLLATE=utf8mb4_unicode_ci;

--
-- Dumping data for table `user_types`
--

INSERT INTO `user_types` (`id`, `code`, `name`, `title_bn`, `title_en`, `parent_id`, `default_role`, `last`, `sort`, `status`, `created_by`, `updated_by`, `created_at`, `updated_at`) VALUES
(1, '1', 'Master Admin', ' ', 'Master Admin', NULL, 1, 1, 1, 1, NULL, NULL, '2023-01-20 15:27:18', '2023-01-20 15:27:18'),
(2, '2', 'System Admin', ' ', 'System Admin', NULL, 2, 1, 2, 1, NULL, NULL, '2023-01-20 15:27:18', '2023-01-20 15:27:18'),
(3, '3', 'Admin', '', 'Admin', NULL, 3, 1, 3, 1, NULL, NULL, '2023-01-20 15:27:18', '2023-01-20 15:27:18'),
(4, '4', 'Head Of Association', ' ', 'Head Of Association', NULL, 4, 1, 4, 1, NULL, NULL, '2023-01-20 15:27:18', '2023-01-20 15:27:18'),
(5, '5', 'President', ' ', 'Area President', NULL, 5, 1, 5, 1, NULL, 1, '2023-01-20 15:27:18', '2023-02-13 09:45:38'),
(6, '6', 'Vice President', '', 'President', NULL, 6, 1, 6, 1, NULL, 1, '2023-01-20 15:27:18', '2023-02-13 09:45:51'),
(7, '7', 'Caliph', '', 'Caliph', NULL, 7, 1, 7, 1, NULL, NULL, '2023-01-20 15:27:18', '2023-01-20 15:27:18'),
(8, '8', 'Operator', '', 'Operator', NULL, 8, 1, 8, 1, NULL, NULL, '2023-01-20 15:27:18', '2023-01-20 15:27:18');

--
-- Indexes for dumped tables
--

--
-- Indexes for table `activity_log`
--
ALTER TABLE `activity_log`
  ADD PRIMARY KEY (`id`),
  ADD KEY `subject` (`subject_type`,`subject_id`),
  ADD KEY `causer` (`causer_type`,`causer_id`),
  ADD KEY `activity_log_log_name_index` (`log_name`);

--
-- Indexes for table `admins`
--
ALTER TABLE `admins`
  ADD PRIMARY KEY (`id`),
  ADD UNIQUE KEY `admins_username_unique` (`username`),
  ADD UNIQUE KEY `admins_email_unique` (`email`),
  ADD UNIQUE KEY `admins_code_unique` (`code`),
  ADD KEY `admins_fk_role_id` (`role_id`),
  ADD KEY `admins_fk_user_type_id` (`user_type_id`),
  ADD KEY `admins_fk_association_id` (`association_id`),
  ADD KEY `admins_fk_area_id` (`area_id`),
  ADD KEY `admins_fk_division_id` (`division_id`),
  ADD KEY `admins_fk_district_id` (`district_id`),
  ADD KEY `admins_fk_upazila_id` (`upazila_id`),
  ADD KEY `admins_fk_branch_id` (`branch_id`),
  ADD KEY `admins_fk_branch_unit_id` (`branch_unit_id`);

--
-- Indexes for table `areas`
--
ALTER TABLE `areas`
  ADD PRIMARY KEY (`id`),
  ADD UNIQUE KEY `areas_code_unique` (`code`),
  ADD KEY `areas_fk_association_id` (`association_id`);

--
-- Indexes for table `associations`
--
ALTER TABLE `associations`
  ADD PRIMARY KEY (`id`),
  ADD UNIQUE KEY `associations_code_unique` (`code`);

--
-- Indexes for table `branches`
--
ALTER TABLE `branches`
  ADD PRIMARY KEY (`id`),
  ADD KEY `branches_fk_office_type_id` (`office_type_id`),
  ADD KEY `branches_fk_association_id` (`association_id`),
  ADD KEY `branches_fk_area_id` (`area_id`),
  ADD KEY `branches_fk_division_id` (`division_id`),
  ADD KEY `branches_fk_district_id` (`district_id`),
  ADD KEY `branches_fk_upazila_id` (`upazila_id`);

--
-- Indexes for table `branch_units`
--
ALTER TABLE `branch_units`
  ADD PRIMARY KEY (`id`),
  ADD UNIQUE KEY `branch_units_code_unique` (`code`),
  ADD KEY `branch_units_fk_association_id` (`association_id`),
  ADD KEY `branch_units_fk_area_id` (`area_id`),
  ADD KEY `branch_units_fk_division_id` (`division_id`),
  ADD KEY `branch_units_fk_district_id` (`district_id`),
  ADD KEY `branch_units_fk_upazila_id` (`upazila_id`),
  ADD KEY `branch_units_fk_branch_id` (`branch_id`);

--
-- Indexes for table `colors`
--
ALTER TABLE `colors`
  ADD PRIMARY KEY (`id`),
  ADD UNIQUE KEY `colors_code_unique` (`code`);

--
-- Indexes for table `conditions`
--
ALTER TABLE `conditions`
  ADD PRIMARY KEY (`id`),
  ADD UNIQUE KEY `conditions_code_unique` (`code`);

--
-- Indexes for table `districts`
--
ALTER TABLE `districts`
  ADD PRIMARY KEY (`id`),
  ADD KEY `districts_fk_division_id` (`division_id`);

--
-- Indexes for table `divisions`
--
ALTER TABLE `divisions`
  ADD PRIMARY KEY (`id`);

--
-- Indexes for table `failed_jobs`
--
ALTER TABLE `failed_jobs`
  ADD PRIMARY KEY (`id`),
  ADD UNIQUE KEY `failed_jobs_uuid_unique` (`uuid`);

--
-- Indexes for table `langs`
--
ALTER TABLE `langs`
  ADD PRIMARY KEY (`id`);

--
-- Indexes for table `migrations`
--
ALTER TABLE `migrations`
  ADD PRIMARY KEY (`id`);

--
-- Indexes for table `office_types`
--
ALTER TABLE `office_types`
  ADD PRIMARY KEY (`id`),
  ADD UNIQUE KEY `office_types_code_unique` (`code`);

--
-- Indexes for table `password_resets`
--
ALTER TABLE `password_resets`
  ADD KEY `password_resets_email_index` (`email`);

--
-- Indexes for table `permissions`
--
ALTER TABLE `permissions`
  ADD PRIMARY KEY (`id`);

--
-- Indexes for table `personal_access_tokens`
--
ALTER TABLE `personal_access_tokens`
  ADD PRIMARY KEY (`id`),
  ADD UNIQUE KEY `personal_access_tokens_token_unique` (`token`),
  ADD KEY `personal_access_tokens_tokenable_type_tokenable_id_index` (`tokenable_type`,`tokenable_id`);

--
-- Indexes for table `roles`
--
ALTER TABLE `roles`
  ADD PRIMARY KEY (`id`),
  ADD UNIQUE KEY `roles_code_unique` (`code`);

--
-- Indexes for table `roles_permissions`
--
ALTER TABLE `roles_permissions`
  ADD KEY `roles_permissions_fk_role_id` (`role_id`);

--
-- Indexes for table `site_settings`
--
ALTER TABLE `site_settings`
  ADD PRIMARY KEY (`id`);

--
-- Indexes for table `sizes`
--
ALTER TABLE `sizes`
  ADD PRIMARY KEY (`id`),
  ADD UNIQUE KEY `sizes_code_unique` (`code`);

--
-- Indexes for table `thanas`
--
ALTER TABLE `thanas`
  ADD PRIMARY KEY (`id`),
  ADD KEY `thanas_fk_division_id` (`division_id`),
  ADD KEY `thanas_fk_district_id` (`district_id`);

--
-- Indexes for table `upazilas`
--
ALTER TABLE `upazilas`
  ADD PRIMARY KEY (`id`),
  ADD KEY `upazilas_fk_division_id` (`division_id`),
  ADD KEY `upazilas_fk_district_id` (`district_id`);

--
-- Indexes for table `users`
--
ALTER TABLE `users`
  ADD PRIMARY KEY (`id`),
  ADD UNIQUE KEY `code` (`code`),
  ADD KEY `users_fk_association_id` (`association_id`),
  ADD KEY `users_fk_area_id` (`area_id`),
  ADD KEY `users_fk_division_id` (`division_id`),
  ADD KEY `users_fk_district_id` (`district_id`),
  ADD KEY `users_fk_upazila_id` (`upazila_id`),
  ADD KEY `users_fk_thana_id` (`thana_id`),
  ADD KEY `users_fk_branch_id` (`branch_id`),
  ADD KEY `users_fk_branch_unit_id` (`branch_unit_id`);

--
-- Indexes for table `user_types`
--
ALTER TABLE `user_types`
  ADD PRIMARY KEY (`id`),
  ADD UNIQUE KEY `user_types_code_unique` (`code`),
  ADD KEY `user_types_parent_id_foreign` (`parent_id`);

--
-- AUTO_INCREMENT for dumped tables
--

--
-- AUTO_INCREMENT for table `activity_log`
--
ALTER TABLE `activity_log`
  MODIFY `id` bigint UNSIGNED NOT NULL AUTO_INCREMENT, AUTO_INCREMENT=97;

--
-- AUTO_INCREMENT for table `admins`
--
ALTER TABLE `admins`
  MODIFY `id` int UNSIGNED NOT NULL AUTO_INCREMENT, AUTO_INCREMENT=95;

--
-- AUTO_INCREMENT for table `areas`
--
ALTER TABLE `areas`
  MODIFY `id` mediumint UNSIGNED NOT NULL AUTO_INCREMENT, AUTO_INCREMENT=8;

--
-- AUTO_INCREMENT for table `associations`
--
ALTER TABLE `associations`
  MODIFY `id` mediumint UNSIGNED NOT NULL AUTO_INCREMENT, AUTO_INCREMENT=3;

--
-- AUTO_INCREMENT for table `branches`
--
ALTER TABLE `branches`
  MODIFY `id` bigint UNSIGNED NOT NULL AUTO_INCREMENT, AUTO_INCREMENT=81;

--
-- AUTO_INCREMENT for table `branch_units`
--
ALTER TABLE `branch_units`
  MODIFY `id` bigint UNSIGNED NOT NULL AUTO_INCREMENT, AUTO_INCREMENT=132;

--
-- AUTO_INCREMENT for table `colors`
--
ALTER TABLE `colors`
  MODIFY `id` mediumint UNSIGNED NOT NULL AUTO_INCREMENT, AUTO_INCREMENT=5;

--
-- AUTO_INCREMENT for table `conditions`
--
ALTER TABLE `conditions`
  MODIFY `id` mediumint UNSIGNED NOT NULL AUTO_INCREMENT, AUTO_INCREMENT=10;

--
-- AUTO_INCREMENT for table `districts`
--
ALTER TABLE `districts`
  MODIFY `id` mediumint UNSIGNED NOT NULL AUTO_INCREMENT, AUTO_INCREMENT=65;

--
-- AUTO_INCREMENT for table `divisions`
--
ALTER TABLE `divisions`
  MODIFY `id` mediumint UNSIGNED NOT NULL AUTO_INCREMENT, AUTO_INCREMENT=10;

--
-- AUTO_INCREMENT for table `failed_jobs`
--
ALTER TABLE `failed_jobs`
  MODIFY `id` bigint UNSIGNED NOT NULL AUTO_INCREMENT;

--
-- AUTO_INCREMENT for table `langs`
--
ALTER TABLE `langs`
  MODIFY `id` bigint UNSIGNED NOT NULL AUTO_INCREMENT;

--
-- AUTO_INCREMENT for table `migrations`
--
ALTER TABLE `migrations`
  MODIFY `id` int UNSIGNED NOT NULL AUTO_INCREMENT, AUTO_INCREMENT=30;

--
-- AUTO_INCREMENT for table `office_types`
--
ALTER TABLE `office_types`
  MODIFY `id` mediumint UNSIGNED NOT NULL AUTO_INCREMENT, AUTO_INCREMENT=3;

--
-- AUTO_INCREMENT for table `permissions`
--
ALTER TABLE `permissions`
  MODIFY `id` int UNSIGNED NOT NULL AUTO_INCREMENT, AUTO_INCREMENT=75;

--
-- AUTO_INCREMENT for table `personal_access_tokens`
--
ALTER TABLE `personal_access_tokens`
  MODIFY `id` bigint UNSIGNED NOT NULL AUTO_INCREMENT;

--
-- AUTO_INCREMENT for table `roles`
--
ALTER TABLE `roles`
  MODIFY `id` int UNSIGNED NOT NULL AUTO_INCREMENT, AUTO_INCREMENT=9;

--
-- AUTO_INCREMENT for table `site_settings`
--
ALTER TABLE `site_settings`
  MODIFY `id` int UNSIGNED NOT NULL AUTO_INCREMENT, AUTO_INCREMENT=2;

--
-- AUTO_INCREMENT for table `sizes`
--
ALTER TABLE `sizes`
  MODIFY `id` mediumint UNSIGNED NOT NULL AUTO_INCREMENT;

--
-- AUTO_INCREMENT for table `thanas`
--
ALTER TABLE `thanas`
  MODIFY `id` mediumint UNSIGNED NOT NULL AUTO_INCREMENT, AUTO_INCREMENT=563;

--
-- AUTO_INCREMENT for table `upazilas`
--
ALTER TABLE `upazilas`
  MODIFY `id` mediumint UNSIGNED NOT NULL AUTO_INCREMENT, AUTO_INCREMENT=499;

--
-- AUTO_INCREMENT for table `users`
--
ALTER TABLE `users`
  MODIFY `id` int UNSIGNED NOT NULL AUTO_INCREMENT, AUTO_INCREMENT=2;

--
-- AUTO_INCREMENT for table `user_types`
--
ALTER TABLE `user_types`
  MODIFY `id` int UNSIGNED NOT NULL AUTO_INCREMENT, AUTO_INCREMENT=9;

--
-- Constraints for dumped tables
--

--
-- Constraints for table `admins`
--
ALTER TABLE `admins`
  ADD CONSTRAINT `admins_fk_area_id` FOREIGN KEY (`area_id`) REFERENCES `areas` (`id`) ON DELETE CASCADE ON UPDATE CASCADE,
  ADD CONSTRAINT `admins_fk_association_id` FOREIGN KEY (`association_id`) REFERENCES `associations` (`id`) ON DELETE CASCADE ON UPDATE CASCADE,
  ADD CONSTRAINT `admins_fk_branch_id` FOREIGN KEY (`branch_id`) REFERENCES `branches` (`id`) ON DELETE CASCADE ON UPDATE CASCADE,
  ADD CONSTRAINT `admins_fk_branch_unit_id` FOREIGN KEY (`branch_unit_id`) REFERENCES `branch_units` (`id`) ON DELETE CASCADE ON UPDATE CASCADE,
  ADD CONSTRAINT `admins_fk_district_id` FOREIGN KEY (`district_id`) REFERENCES `districts` (`id`) ON DELETE CASCADE ON UPDATE CASCADE,
  ADD CONSTRAINT `admins_fk_division_id` FOREIGN KEY (`division_id`) REFERENCES `divisions` (`id`) ON DELETE CASCADE ON UPDATE CASCADE,
  ADD CONSTRAINT `admins_fk_role_id` FOREIGN KEY (`role_id`) REFERENCES `roles` (`id`) ON DELETE CASCADE ON UPDATE CASCADE,
  ADD CONSTRAINT `admins_fk_upazila_id` FOREIGN KEY (`upazila_id`) REFERENCES `upazilas` (`id`) ON DELETE CASCADE ON UPDATE CASCADE,
  ADD CONSTRAINT `admins_fk_user_type_id` FOREIGN KEY (`user_type_id`) REFERENCES `user_types` (`id`) ON DELETE CASCADE ON UPDATE CASCADE;

--
-- Constraints for table `areas`
--
ALTER TABLE `areas`
  ADD CONSTRAINT `areas_fk_association_id` FOREIGN KEY (`association_id`) REFERENCES `associations` (`id`) ON DELETE CASCADE ON UPDATE CASCADE;

--
-- Constraints for table `branches`
--
ALTER TABLE `branches`
  ADD CONSTRAINT `branches_fk_area_id` FOREIGN KEY (`area_id`) REFERENCES `areas` (`id`) ON DELETE CASCADE ON UPDATE CASCADE,
  ADD CONSTRAINT `branches_fk_association_id` FOREIGN KEY (`association_id`) REFERENCES `associations` (`id`) ON DELETE CASCADE ON UPDATE CASCADE,
  ADD CONSTRAINT `branches_fk_district_id` FOREIGN KEY (`district_id`) REFERENCES `districts` (`id`) ON DELETE CASCADE ON UPDATE CASCADE,
  ADD CONSTRAINT `branches_fk_division_id` FOREIGN KEY (`division_id`) REFERENCES `divisions` (`id`) ON DELETE CASCADE ON UPDATE CASCADE,
  ADD CONSTRAINT `branches_fk_office_type_id` FOREIGN KEY (`office_type_id`) REFERENCES `office_types` (`id`) ON DELETE CASCADE ON UPDATE CASCADE,
  ADD CONSTRAINT `branches_fk_upazila_id` FOREIGN KEY (`upazila_id`) REFERENCES `upazilas` (`id`) ON DELETE CASCADE ON UPDATE CASCADE;

--
-- Constraints for table `branch_units`
--
ALTER TABLE `branch_units`
  ADD CONSTRAINT `branch_units_fk_area_id` FOREIGN KEY (`area_id`) REFERENCES `areas` (`id`) ON DELETE CASCADE ON UPDATE CASCADE,
  ADD CONSTRAINT `branch_units_fk_association_id` FOREIGN KEY (`association_id`) REFERENCES `associations` (`id`) ON DELETE CASCADE ON UPDATE CASCADE,
  ADD CONSTRAINT `branch_units_fk_branch_id` FOREIGN KEY (`branch_id`) REFERENCES `branches` (`id`) ON DELETE CASCADE ON UPDATE CASCADE,
  ADD CONSTRAINT `branch_units_fk_district_id` FOREIGN KEY (`district_id`) REFERENCES `districts` (`id`) ON DELETE CASCADE ON UPDATE CASCADE,
  ADD CONSTRAINT `branch_units_fk_division_id` FOREIGN KEY (`division_id`) REFERENCES `divisions` (`id`) ON DELETE CASCADE ON UPDATE CASCADE,
  ADD CONSTRAINT `branch_units_fk_upazila_id` FOREIGN KEY (`upazila_id`) REFERENCES `upazilas` (`id`) ON DELETE CASCADE ON UPDATE CASCADE;

--
-- Constraints for table `districts`
--
ALTER TABLE `districts`
  ADD CONSTRAINT `districts_fk_division_id` FOREIGN KEY (`division_id`) REFERENCES `divisions` (`id`) ON DELETE CASCADE ON UPDATE CASCADE;

--
-- Constraints for table `roles_permissions`
--
ALTER TABLE `roles_permissions`
  ADD CONSTRAINT `roles_permissions_fk_role_id` FOREIGN KEY (`role_id`) REFERENCES `roles` (`id`) ON DELETE CASCADE ON UPDATE CASCADE;

--
-- Constraints for table `thanas`
--
ALTER TABLE `thanas`
  ADD CONSTRAINT `thanas_fk_district_id` FOREIGN KEY (`district_id`) REFERENCES `districts` (`id`) ON DELETE CASCADE ON UPDATE CASCADE,
  ADD CONSTRAINT `thanas_fk_division_id` FOREIGN KEY (`division_id`) REFERENCES `divisions` (`id`) ON DELETE CASCADE ON UPDATE CASCADE;

--
-- Constraints for table `upazilas`
--
ALTER TABLE `upazilas`
  ADD CONSTRAINT `upazilas_fk_district_id` FOREIGN KEY (`district_id`) REFERENCES `districts` (`id`) ON DELETE CASCADE ON UPDATE CASCADE,
  ADD CONSTRAINT `upazilas_fk_division_id` FOREIGN KEY (`division_id`) REFERENCES `divisions` (`id`) ON DELETE CASCADE ON UPDATE CASCADE;

--
-- Constraints for table `users`
--
ALTER TABLE `users`
  ADD CONSTRAINT `users_fk_area_id` FOREIGN KEY (`area_id`) REFERENCES `areas` (`id`) ON DELETE CASCADE ON UPDATE CASCADE,
  ADD CONSTRAINT `users_fk_association_id` FOREIGN KEY (`association_id`) REFERENCES `associations` (`id`) ON DELETE CASCADE ON UPDATE CASCADE,
  ADD CONSTRAINT `users_fk_branch_id` FOREIGN KEY (`branch_id`) REFERENCES `branches` (`id`) ON DELETE CASCADE ON UPDATE CASCADE,
  ADD CONSTRAINT `users_fk_branch_unit_id` FOREIGN KEY (`branch_unit_id`) REFERENCES `branch_units` (`id`) ON DELETE CASCADE ON UPDATE CASCADE,
  ADD CONSTRAINT `users_fk_district_id` FOREIGN KEY (`district_id`) REFERENCES `districts` (`id`) ON DELETE CASCADE ON UPDATE CASCADE,
  ADD CONSTRAINT `users_fk_division_id` FOREIGN KEY (`division_id`) REFERENCES `divisions` (`id`) ON DELETE CASCADE ON UPDATE CASCADE,
  ADD CONSTRAINT `users_fk_thana_id` FOREIGN KEY (`thana_id`) REFERENCES `thanas` (`id`) ON DELETE CASCADE ON UPDATE CASCADE,
  ADD CONSTRAINT `users_fk_upazila_id` FOREIGN KEY (`upazila_id`) REFERENCES `upazilas` (`id`) ON DELETE CASCADE ON UPDATE CASCADE;

--
-- Constraints for table `user_types`
--
ALTER TABLE `user_types`
  ADD CONSTRAINT `user_types_parent_id_foreign` FOREIGN KEY (`parent_id`) REFERENCES `user_types` (`id`) ON DELETE CASCADE ON UPDATE CASCADE;
COMMIT;

/*!40101 SET CHARACTER_SET_CLIENT=@OLD_CHARACTER_SET_CLIENT */;
/*!40101 SET CHARACTER_SET_RESULTS=@OLD_CHARACTER_SET_RESULTS */;
/*!40101 SET COLLATION_CONNECTION=@OLD_COLLATION_CONNECTION */;
